-- =========================================================================
-- 1. LIMPEZA DE TABELAS
-- =========================================================================
SET FOREIGN_KEY_CHECKS = 0;
TRUNCATE TABLE refuelings;
TRUNCATE TABLE incidents;
TRUNCATE TABLE records;
TRUNCATE TABLE service_addresses_aud;
TRUNCATE TABLE service_aud;
TRUNCATE TABLE service_addresses;
TRUNCATE TABLE service;
TRUNCATE TABLE cars;
TRUNCATE TABLE users;
TRUNCATE TABLE car_type;
TRUNCATE TABLE revinfo;
SET FOREIGN_KEY_CHECKS = 1;

-- =========================================================================
-- 2. TIPOS DE VEÍCULO
-- =========================================================================
INSERT INTO car_type (id, brand, model, year, category) VALUES
                                                            (1, 'Toyota', 'Corolla', 2024, 'PASSENGER'), (2, 'Chevrolet', 'S10', 2023, 'UTILITY'),
                                                            (3, 'Ford', 'Ranger', 2024, 'UTILITY'), (4, 'Volkswagen', 'Virtus', 2023, 'PASSENGER'),
                                                            (5, 'Fiat', 'Cronos', 2022, 'PASSENGER'), (6, 'Renault', 'Oroch', 2023, 'UTILITY'),
                                                            (7, 'Nissan', 'Frontier', 2024, 'UTILITY'), (8, 'Honda', 'HR-V', 2024, 'PASSENGER'),
                                                            (9, 'Jeep', 'Renegade', 2023, 'PASSENGER'), (10, 'Ford', 'Transit', 2022, 'UTILITY'),
                                                            (11, 'Renault', 'Duster', 2023, 'UTILITY'), (12, 'Fiat', 'Mobi', 2024, 'PASSENGER'),
                                                            (13, 'Chevrolet', 'Onix', 2023, 'PASSENGER'), (14, 'Ford', 'Ka Sedan', 2021, 'PASSENGER'),
                                                            (15, 'Volkswagen', 'Gol', 2022, 'PASSENGER'), (16, 'Toyota', 'Hilux', 2024, 'UTILITY');

-- =========================================================================
-- 3. USUÁRIOS (Senha padrão: "senha123")
-- =========================================================================
INSERT INTO users (registration, name, email, password, permission, phone, driver_license_category, employee_status, photo, gender, birth_date, driver_license, driver_license_expiration) VALUES
                                                                                                                                                                                               ('10001', 'Ana Paula Martins', 'niuan.spolid@hotmail.com', '$2a$10$YB1lLj/IMXD4Lm0cbAphKumArFegy1hC8yxr0Cm3/n4jm9kAd7rFi', 'TECHNICIAN', '11999990001', 'B', 'AVAILABLE','UklGRpwhAABXRUJQVlA4WAoAAAAYAAAAKwEAKwEAQUxQSIcPAAABwMf/v2nNrb5rr50bq3YnqhnbLCc3qm23MWpkahuxjdqNGt6Gd/KaqHFSxHj2Wuv7+WOeeebBOXuviz8iYgI0tkNsG03ePm6NDee/+5CvH3H6ORcuuv3me7Bt/nnzHQsv/MMpP/3K/m9/2brzVtcSm7YJGtKhiY0mfex6u+73o99eftsEUzeAmfojN1/6i+98+GUvWk2TxtiEIRRiDJK07Lz5Bx572V1m8pJz6lLKuZRibBsXl5xT16VcCpN3d1740322f0ojSU1shk0TgyQ9fsv9T7z2USZNKaVcPClmGo0nLTmllJn0ocuO+sAGq0lS04ZhEmKUpMfudOhf7mbx0qVcbMysNXbJqSssfuuvDtx6ZUmKzdAIMUpq193vl/8AKCkV25g5aGznlArAbae977mSFOOAiFHSKi/7zjUAJeXixZnDxnbJqQD5skO3XE5SbAZBEyWtuseRtwBOqRgzGm1cUgK4/nvbLycphp4XYpCW2+Ww24Gcso0ZqcbOqQA3fXPzIDWxxzVR0rpfvgHIqdg2o9c2LqkAlx+8jqQY+llspFXf8Scgp2JsRraNSzJMnDl/Walp+leU9MJv3AFOxbYZ8badE7DoE/OkEHtVaCW9/OwCKRubsWjjlOHRozeRFHtTaKXl3vo3oCvGZmzauCTg9/MlxV4UWmnVvRdBTsZmzNo4GS57Y5Bi/2mlVfa/HVI2ZiwbpwxXvDFIsd9EaaUDboeu2GZc2zgnuPJNQYr9JQY177sJUsE2Y9w2OcEVu0lN009ClHa7CrqCzdg3zgn+vIXUhh7SSpv8HlLBphfa5AzHryXFvhGlp/wEcsY2PdGGXJj4/Apqmj4RovThe3AyNj3Sxglu2ENq+0OUNroQOmPTM23cwVlrSbEfhKjlvgqpYNNDbXLm4b2ltg9EacfrcQLTT22c4K8vkZqxF7X8d6EzNr3VpnSUg6V2vDXSVtdTMja91ibB+c9RE8ZYK30BOmP6ro07Jt4jteMqRK1zAc7Y9F/bJDhldbXjKUqvf5jO2PRim5K4ZUuFZgy1Cj+AhE1ftqGD/aU4dlo94yJywaZH22Rz2kpqx0totPO9dMb0axt3LHqJ4jhppP0gYdO7DR0TeyiEsRGlw3DGpofbJPi41IyJVo85h1Qw/dymFI6S4lho9bwb6Yz7GjZOnLu62jHQausH6LDp8cYd16+lduRF7QUJm15v0/GvDdSOthD0AcjY9HybRN5J7SgL0gGQsen9Nglepzi6QtACSsFmANpkeIOaURWCFpALZhjaZPiwmtEUgr5ENmYo2hTzMTWjKAR9iWzMcLQp5mOKoydIC8jGDEpTzIcUR9ACsjED0xTzerUjJuoAsjGD0xTYS+1IafUBSsEMUJNhB7UjpNVeUDCDxGQeXVftyGi1NWTMMLVJ3D1PcUREPe8BMmao2nRcu6qakdDoMTeS8HDBpuPPUhgBQTqHDpsBa9PxEzUjoNFhdNgMWtuJ/dTOuVb7kWwzcI3Nq9XOsVY744IZvCbz4DqKcyrqGfeSMQPYJK7+D4U5FBQuIuFhZDqOVjOHon5AhxnGthMfUTtnWr2ebA8lTIGNFedIo3UepmAGs0lct6LC3JAuIGEGtOk4Qs2ciPoCHWZQ2Yk3qp0DUVthe1hhCvc/U82sC1r+ejJmYJvErxVmXdR36TCDyyQ+onaWRe1IsYcXpjCxtppZFbTc9WTMADeJ3yjMqqiv0mEGmUm8U+0sitoI2wxzU/jXExVmj3QhiaGG6Thacda0+jAJM9jtwk6KsyToKfdQBh2ZK6JmadRP6DAD3nTsrXZWRG2CbQadC/9+gsJsCPo9iWGH6fie4iyI2o1sM/Bt/GI1M6fmKjLDj8Tps6DV+0iYwW8XtlWcoaCVbqK4BpD4g8IMtTqADlMB7cyuijMStMrtFNcBMn/VzLban4SpgnZmV8UZCFr1doqpBGQu0Ey22puOWoCd2VFx+rTcIoqpBiR+pzBtUW8luR5gFzZTM13S38hVgcTx0xb1crJNRbTpnq0wPY3OJlEVTeIritPS6IUFuyrgwh2rKUxH1DfoqIwm8W7FaQha9Q6KKwPOXKDpjHoHyfXBhc3VLF3Qn8hUR5P4oeJSNVoX29UBF+5+rMLSRH2ZRI1w4q2KS6PlbqCYCunEbxWWImoXsuuEmXi2wtIcRjJ1IrGv4pSCVr2dUidw5iJNPWoPsmuF4cVqpnYkiVrpxIGKUwha5RaKq0XmHIUpRL2M7Hphumermcp3SKZeJt6ruCS115ArhhNnqVlCo3Wxa0bhX49XmCxqP5KpGM68QnGyoF+SqJnu+MYSgh77D4qrRuZyTR61E8VUDfPI2gqTHUqibjrxWsXFgv5Cdt0g8YNJgh5/N4W66cylWrzRlhRXDsyDz1SQovYn1Y/My9VIjU6sIYnPqZW07LWU6kHiLAUFzXsUVw8XblxeippPMdXDpGcrtDqQrn7gzG6KjY4lUUE6DlErXUZ2/SBxnBo99i4K9dOZyyWtZ1xBKNz1WGlXUhUx+SXSfiSqSOIV0o9IriEkPiz9lkQNdeKbai8nVxESZ+hxt1HqSOZCrTGB60hh0UobUqrJPU+dT64kNs9+dz0pbHYIqZZk/vPrdPXkXUeQqCSJ/U8nuZosOIdMJe34zoXVxImjF1EqCYnTb68qN9eTzAX34HpyEaaeXGj8/6xgKso/cT25+GZKPTnnDlxLEqcspFQSJ864kFxPfvaHakLHt08huY448bmf0lFN9vkKnStJ5q37k2pJ4VVvJ9eTTV5GqSWUddatJoW7nzTvEarJwuVXv5lSRzLnSZeS60jiROkXpCrixJek75BcQ0i8W/owiRrqzI7Sy8iuIjz6AulFHVWkcMcq0mp3UiqIM3+VpAvJrh8kDlPT6Kck6qc79lXbah86V5DCyxUbbU+pHzaPzlMIespD2NUjc1UrSc1lZKpH4mQ1UtRRJFeQgxQX+0ANyWyrRmq0AaV6FO55ioIUtNqtFNcNZ85XkKRGvyJXDhLfVFws6kASddOZ3SZrtDXFVcOF+56qsJi08m0U1wwy52mJjU4jUTPd8TnFyVq9j2TXC7uwnZrJgp6bqRqFW1dRmEzSZeSakThOUUuMOpRExUy8ZSqNtqTYtcLm/qcpLEla7npKtSDzGwVNMep7JGqlE+9TnNr2FLtO2DwyT2Eq0nI3UWpF4ncKmnLUN0l1wk68V3FqjTbHdp3g/qcoTE0Kl5OrBImT1Wgpow4m4fpgZ3ZVXJqgdSZwjSjctKKWvtGZJKqjnfiS4tJFzSfb9YH8fDVLJy27iFIfEr9W0DRGfYJEZbQzeyhOR9C8R7ErQ2HRMpreRkeTcE0wiQMVp2sT7LpQuPepCtOjoN+TcD0wie8papqj5pNdE0x5gZrpknQZuR6YxLGKmvaoN5JwNbDZRM30SeEKMpXQJE5XoxmMeiPJrgQ2m8yMFK4k2zXAJM5QoxmNehOJOmCz6UxJ4QoyHn4mcaoazXDUbpXA+EUzJ+nPZDz0TMcPFTXjUVtQPPTswgPPUJg5NTqehAceHZ9Uq1mx1gS2h5zJ3LiCwmxQq8/TMfASr1XUrAxa4QYyHm4m8XsFzdKoPcgebrbhpWpmixqdRcKDjY4vKWoWrfUwxR5mJrNoOYXZo1Z702EPMduZlylqdv+VxDCj40hFzeqolxRsDy+TuX01hdmlVgfTYQ8t25n5ipr955MYXnQcoahZ3+g5ExQ8rEzmppUUZp9avYeEPaRsm20VNRcbnULHkLLp+Lyi5mTQ6reQ8YAicY7mbKutsO2hZAr3rKFmrqjV15hgKNl0vEet5mzQsv9NwoPIpuNMBc3hqOdNUPAgInHzqnNLrV5LMR4+plDWV9TcjvoCHfbQMc68Wa3metAZdNjDxqbjUEXN+UbLLSQxbGw6fq+RGLXOg2Q8YGw6rllBzShQq+2h4MFik7l3DUWNxlavwwUPFjJsolajstWHyMbDxBR4pVqNzkZfIhkPEVPMG9RqhIagw+iMh4cphQ8paqQG6Qg646FhSubjihqxQTqBznhYmFL4jBqN3EY6hc54SJhSOEghjB410ol0xoPBphT2UxM0ihvpMJLxQLApsI8ajehG+ga5YA8BmwwfUKORHaRDccHufzYZ3qSoER6C9oaM3fdsEsxXq9Ee9QZI2P3OpuPBrdVq1Eft3NFh9zlDxy3PU6vR3+qltzMB7m027rjkCWo1Dls99iI6455mUwqnRbUaj63aEygZu4/ZJPisFDUuo3QQJOz+Zegob1ZoND5D0KvupzPuWTbuuHl9RY3XVmtcTirYfcomm7NWVatx26r9GSTs3mRDB5+QosZvlN46QWfck2xK4s7tFBqN4xD1nEsoGbsP2SQ467FqNa5b6SvQGfceG3ekD0itxneUtruJnLH7jU2Cvz5PodE4D61W/DF0xu4vNqWDT0mtxn2UXnYTTtg9xcYJLllPihr/IWr5b0JXsPuITU48uq/Uqh9GaZOLoTN237BxB2evLUX1xRClj96Hk7H7hI0T3LiX1KpPRunJP4GUsd0XbEiFic+toKZRz2yljf4AqWD3A0POcNzaUlT/DFHa/SroCvb4M+QEf95KaoN6aRMU3n0zpILtcWabnOBvu0tNo94apRX3uRW6jO1xZeOcYOGbpBDVa6O04t63QMrG48k4Zbj6bY0U1XdDK630wWshJ2OPGxsnw8WvbaSoPhxaaZk3XwykYuzxYePSAb99haSo3txK2vmMAikbezzYOGV48LANJUX16ijp+V+9HUjFtkedbecEXHvg06QmqnfHRlrlLX8CcirGHl02LqnAI2fMb6XYqJc3UdKLFlwP5FRsewTZxiUV4L8OWFNSG9TbQwzSci//6V1ATtnGHiU2dk4FuOEbG0tqonp+EyWtttsxtwJOqRh7NNi4pARw3be2WUZSDBqCMUpaeYdvXw2QUy628VwytktKBtIlCzZbVlJsNBhDjJLi+h/7xd0AJaVsG88FY5fcZQPcctJ715akGDUwQ9NK0mo7feZ3d7J46VIuNvZssbFL7pJZ/O9nf2zzFSSpbTRMmzZI0uM23Pfwqx5k0pxSysWT46UznjynlFJm0nv++sN3vGgVSWraoCEbYmwkaZkn7PSh71944wSTu+SUui7lUoqXWErJqetSyoUlPnj9uV9+36arafEYGw3h0MSoSdsX7fTm75z55xseZsYfWPi7U7+05w7rNJq0jU3QkA6xbbTEVdZ4zoav3W/BN757wu+uWnjzv++/7/7777v/X39fePkvj/vONz7/0d1e+uxnLK8lxrYJGtsAVlA4ICwRAACQVACdASosASwBPnU6mEkkoyKhIXQKQJAOiU3fj5L7FAMAAdoAl9xL/uv8v/r/+x8QaknTv7P+uH94/an51qj/NPv5zdNZecf4j+j/8P+//kz2jv0P/rPcA/hv8f/4v9l/y/sAf4D2KeYD9e/2795X/Xepv/Bf6z8gPkE/rX+D/+nYKegJ+6npu/u/8JX9e/5v7hfAh+yH///f/4AP//7anS79Nv8H+M3fn/mOW7mAUl+IXez8Z9QL8d/o3+p3ncAH51/Vu+41EYqLwb/Of1d+AD9Eeg9ne+pfYL/mnUW/cb2Uf2AGtoWL3U3QnwLFK6K+wru7nNR5t0aAJ3e6KEBXIHa+Lczo0oKplw0knCZOPRrvPHJ9Fq84q5NiRClgDKrfcwBkBxLBLcU4nVUFNmrJicG4HZcDe7uPRQQB3uYLCmpKf1YncT6vGd4yfW071NZP+W23Ob4/aNubEpFvdlOaIgCk/NeiTI1q33I46K+5iHNCSvbTcvRAIM2OizYx0Ug+bQCQwpJ2UKDYlnResIZXBEtJikmAp7K0josWKUC8D9UFGbYYMQe5Ht8UnResJYpTnnSPR0kmLaoVoIn5Ko6K/r4pZpxceUg1K//ySTO7v00FYMa1qUv30oeXBQy4ELFwPTSD/w64SfNn16Nb9x/Tfwk+cHhzMpezzaNMV21YJF+bVBR3ng9sSefzSgjW7FzP7AsKOFTV8zYCEuP6NJJwlkgRu8zmY4iH7LWSdBBot7Q2hmLS22k1/+jFl3+GS7u7u5vSQoSfsnstQj+Gd56frybYS1vm9qnLJxhsWYMQslke3q2dV7lu+kP71efKY9l/QlHZhMKCVY05k3aoQ3pKf2higcRO1P9SlgiszDNGKqkPgTonj7bnlD7Lk7f2rh/yHKjlr/9v3zvhhawAAP71XN6ynJZNsD/k0h3t4MpSCniX0TrCPY1m0OR2b/nxF7KCStJLlElgDcH/vrNlLvCO/YjoElfzpe6k3aJ23ma6MFi6aJeXMSfb+KjkdAWtTj7d/rAO85rXL06lX/25A+nxEUaUL/6L7lakquvuuH/74Hw9CkNwF4IrPAPaaZjQ3gHJ7px29s2r/azjGMOxdQlAR92iIpVqdIy4PT2zrj3tc7ETZf0ZHmXGvTpbsQNR12bneG6vVm++q256Q6WIEf3gAAAMUZrR/YgtdvbIIvBC2DbP/qSnNjbXhbUYDLfhtCqzm1eAFvR9Y9IeYluZlxuu+S998/kAILPV0ygWixulf7+EtZKmfwlrLy+VqAG8mJknyU83CEdu90gegd7F4KhYAZ09LfitvzGPY2pzu6xFOZU7n1YxNAYssmVkIN5f/ZtbOw4lvWjdW3ZUKe1JEZ6IsWpGhusVkNbONzrKktYEBX+TxgSUyCrR/066aqa4tsqLuRY3b2qfBSAE0UYBrC/OvjSOJAhDNuJIrTQESaut18LN5/6DQy9g+HTQ37BC6+DODvFGDqYiBL3NmjZBxrdNo9U9GPPJQdtLy8Fbxg3KyRY3Ir34HUH4xyB/zlGr7r/pRcNXABEyBseAMZxzSxOLnEyKlBvWRmseAGmqzxJkgUKGs4IyEoJB0thXZDTeylpNCdFgDU94q2J+dhxNyogn0IMQu+wDxww2GCw/gXjvD3s1fNUqDBL6hr4j5IHgp0foygCduuPHXGSU1x0f2bbn2DE8+Lfpol3lalVqtOlo4GT1gZUBWa3fw2PnlYeaj1L/E3l3moblN+qgrxaAUVWBQmSpEPt59l4ZQP/qZOBIDbCZ8VHQS8hJ0k1k2+l9J3+v8z9N/GlgMt+p+iDqlx2hJ3V3Vq6yezmDRvR3iKEfTUctLCJPw1n3U4RGYz4tY9P1b1uHlae9PqtZFpIB2PGJibC4seQNfsmKA0mbrR/7+kGju4BPMM1BdceuOZxghP+vl+OrzVpRbp4H7zd3C94F2WG61CV1GcVHhaohB9+N/E8MeGwf6ZiVEQu7XyAAHShUjYHmz8D1j0mlIhI+tK12GHRsh25FVn94q6hdEs4ymzgTovxzU3TLFf/PgF2U+vfKHxX3//vqRJFY3jxEB8rwmr5N+dp3crpSgtFWslIUf/YyhbcU+4HFPb7+zH7fp+dqBsAzNd1dmaANc0jAPZCYCk8DpOatqrgjJLWvE+EfCXhT9b3AwJ44REKnBr1bW1ta8CRnzj/RQ3nfu2zg1OAVHE3U6W+W7U6hH8tIaHAW8o2/KnkERwnbPi/8slfSiEmtiVw9kf2A497/gRvgO/uuMFf+uTQM+xkLFc8MWSJA+KWaTrlvPVxVZPDBMkntrG5AzUqx39ak3mTyUDmIUvpiKIhheislwouCbZ1zedqX4cjAGoOQbPsNJD5KqzwTIdL6S9psf1Y+22NmRhKpfl9wiJXVKbVgt6KZ42vRXLSpQPs+LLHji9nE/VOXxjf5zEEHj7jQDsPsabkUHExxFD8mj/fkYkfjzEOCjLhgAFwB8VM56ye67SeD5YJp3eLs+17zLEw5yqIdZLPvJ4/jyTpILbjGedjXHqAgePAiYipK+s8UBWKEqEYJN/bEv9m958tSWA/7RwAAhc4a94xfc6jVhILdaX1qZZMQvaQf+NMpycRYsMEBCuh2hUrrG9I3v6w3ja9opB+4vfTXS3AMkz0Y7AOz1V+0BOW7ulBA3YILsJ5//OGREuxoBbhGoVlW6T6NE6+XO+b+e0zZvqXnR+IbgdaQg4Z4UC/KXBNkP9MjJSWhz4i0GlPlR15RIX/V+a+99MeVHgHBxHM11Ag5bErJUjy3wcrBAbMftmF/WVR+x+yxQLhfTLwICMl/t+23BQb7dVloalJn5DEONfU5eOmS/OSfvsz29t4l6rkBOG715M1yWRKgmvvOv1g5r40U2mcRraI/AMJdJ+40U3ZKpR4eoKnGcVQ13/DM3D+6WJhYh7DBOHJBcIxoe2FEB2+FfpIOJVO7A1HcbsEEO670mS/UgZo8fBNOdg/XJZ+PD6lM9ItgQ8uA5hed91Wr08MELf6wAISLnaf4DUm4OPtdfgOjjwmTZBfdEJ41qLhBUiUmRecOuPPYdv/+9JhqlzkHpn29yGmSHxna2J4VUqOGJ6P0aMHvX7jlHehquxcX3mr3vNrCT9BXXAz5K4hof1xv9e1LElp1cMlvD+zDhw7LkIeSexDVkJ+G5MeJSau8NGREnqU36j/LXjqueg7zJZiI6g5NFxDPhs3wLxAcpR2n1Ch6jXEoheCGHALrpMV4o/vTt5ALuFC5cL6E7XbjPtA73KXXaLNDhHjkXLn0nRU2JlhtTa/+EUPU9tZqRAf5viCMDh7cZZe47H+8dp5WyGjJeuOPNowRgCfoBkWct8HbG5n7dqzd3RtsL1Esvvjev6iY4/irxrp0RPIpkaXtg5JDfUof6B2z2M9SkAP2eAQfmS8uJs3AlhZSnCItiNzcA/wKdicXFm/WMAB4U8wh7KcYE7iJ3gXZDHNBX+tVr4kC2VAFrUSVBUhS/8HvnIaslPg4d5DDoHLPBoqMxOEF2ZAF75vLaSGhm3/AirTxPEfza24ke79AaHSCO6VDT2ei9Yg+tWn+BmqcTAK0v1GB4Yppii038Jo+eviK8ocQaNzuvWMC8eWdn8Nus3vS/Ze+yqErQQuo+BrFlAIGp+hBlfmOlSKTUpkzwAADAGyOib7doRY+SBQ5JQCwwmE4w6H0+1AVhojrNrnIjahEGsMt8QTSr6kke/ez85Rqm1gKtOaD+cMQ/7PdFt+kyqDpPpsPxMP60z6zDY010eXdnaCX5PDu5KCKRKZqX2fsmdB/XsKpyzqjfFRXc4V1UqWMmmnZ6wvKLwSz9QJ7R1DPGcXP4c4izN9AjBWeTZAoz69IDSTq09RjKhD68y9BzfaAjthjy1AWXvBh2yvthX3TAzfh5JmnYOGCJP+z9N3mQcD0z6IcLWhgRhaOaweahGYknG0wxJ3PPppceic4wPgDGYChxEbVF35rNIEAPraMnA/RXFOsckBAjSGHiAp335mY2SjX2lk6onsYTHMPIKpfLHISzlhS8A0/TUaTMSAa63qXo7mNUcAAAIMkD6Zu1E8gI+huHivHTelkuBgBEnAnZ8VXuMWr3HMn+XY2YIZwEPdedj01Kx8JpSGO+dNjh4NC/FNXqTkAIPJPc5t7KTqGpVAbdVLZ27K9iq8W4FXKfyw1WqyzxUEEqlHfkLvWj2x0LazhXilNSyqStmnNPqjD5x+p+f/3OREqdSIALPPB8c2msB3NrwM8p76x1M2v5fAneB0NLHiezTz4Hdn4R9SgYSgqSeb3vteRxY27oL0ZuaYzbs0cPI1knO4p+KQlmz6IMT7k6sZzPjiQZ5sda/Pw2D8ATNk33D+x5uAi7rC6BzMcUo6oxuQwkgBqdtHVZ2FIMSsliCN4yXrtfYNlhfVzcxkHX7Y+iKg3WQB/Zi7uw7e54HPGCdt9XIQoDO6AToaJ6cz7QaOH6KqPLfvqp266KXP1Ca6y1zsi7jRvyNfsWBCShyRqELe2GGOE2vLrsJCI22wAs1Ja993TT52Ib2UqS9DRnepzioht3q+Ybw5taokaS1vNkpQa8uQrlY10GNxdj0CQn89jHQKMrn1uvvk5FZkYGXc0xgWvA07Ne4vojsRC470AkhO/5oNicJmdAaVG6qT6nEE25CIYU4AEPd+oZYUpDxGEDxHWz0KZjs0n2RcB2pY8PG1mAQ9YQv3LGSVzeZcpvrEixRTD111rQXiL7upOV4lC5LzDlPKqWBGjD5PR6MKLyNbc9jJeGuxTiOYa9AAusEwBSo+7YSS/14VaLOLBZ9TIff7goTlInXlL10fMAElmi61zCB4uVVnqmTS++Hiy54Dz/iSQf7qZOiUFhtjBPNbFM4FhQoPpLXPJ41X2m2HiVPvLHWZC1RgEmlne+b5bMV13zxJZC/ZrJhKoAXJsk+f5JGIl+t3l5U6LBi0tP+5EM6dgt3WpKMi1gN/mynN1MnaSlwifjplrOJvcHgVBcs3xA8DfvvA7S8r+yGaCkhO0opmZstSj6keXN4y6Um+MR7hsljxtDkZYoPAWeCe7bD4YJqA4j9JSHeWlIE780J8soVxm0F6VkE5lvceftuKfSTK273a6z2x/8oEp2UAykJ2RD9tDDv9g//1WMrj2jpzTCgk/dcP/vH0Kzkwsww7uSCLq64HmuzgEgnCsKrxPODwn+oLfezO8Bf3Dsem3zYF4dpvqrRpQQ51JKgTaQp9HqsM06sdX3MI9vCNnx0VobxiN73mIeoeFXl/F+qGZk9HUIHot3nLfGlGuzidMuZmQtMXZYuxoMjwpNX+d01bHGL0Isoa/5ggl3anw5zvz3riFvF4EFxdMc1GLqYUpSpXqBLtNjTK4GNF7DspNN8q6UYJ3Wuv6YOsvKmTZfKY3reSdtJJVjueFcvA3OEgK9Vpzl+IbfAbp4UAp9Mvrc/4MumgtrkSc+t17fv4A5BA/6lp2dT3DmDZL9b5RbuWmYWCwi9C1IiOzfeHb0v3ca62eAfmfcePeI/zFO5pQlFqJg3iCJmahVi9tmfoxfOn9qMn3N0Rfo+P1CvaFJ85wRlJaaqQg5q1Y/zt672MKPoWBsypYVlTXLqaH7RMxCu0O8tD/8Cmu/uFo2mUPnDS4+qBiGjxF5cC2w4myat6DsTi59nmVhXTqvSPb9ncZPANcTRHQ4nz3uBBPY61d2yVzeJEAfHSh+6z8Iw0/WqqQAdYqXvqEcNITX3Wbq7zY2N3PcZS30b1t8DPipFhVbnup83oGz5vvs/TGHInSIQPV3E5v3Iso/HVPmLNsHMpRll1hErX1qUr3UxlGegd0ML2bvb9YTf+ADHDEKI7tW2dAED18Qrgq7EeSBVwTmCJ0DmAQAAAARVhJRroAAABFeGlmAABJSSoACAAAAAYAEgEDAAEAAAABAAAAGgEFAAEAAABWAAAAGwEFAAEAAABeAAAAKAEDAAEAAAACAAAAEwIDAAEAAAABAAAAaYcEAAEAAABmAAAAAAAAAEgAAAABAAAASAAAAAEAAAAGAACQBwAEAAAAMDIxMAGRBwAEAAAAAQIDAACgBwAEAAAAMDEwMAGgAwABAAAA//8AAAKgBAABAAAALAEAAAOgBAABAAAALAEAAAAAAAA=', 'FEMALE', '1985-04-12', '12345678901', '2028-04-12'),
                                                                                                                                                                                               ('10002', 'Bruno Lima', 'bruno.lima@ipem.sp.gov.br', '$2a$10$YB1lLj/IMXD4Lm0cbAphKumArFegy1hC8yxr0Cm3/n4jm9kAd7rFi', 'TECHNICIAN', '11999990002', 'AB', 'AVAILABLE','UklGRpwhAABXRUJQVlA4WAoAAAAYAAAAKwEAKwEAQUxQSIcPAAABwMf/v2nNrb5rr50bq3YnqhnbLCc3qm23MWpkahuxjdqNGt6Gd/KaqHFSxHj2Wuv7+WOeeebBOXuviz8iYgI0tkNsG03ePm6NDee/+5CvH3H6ORcuuv3me7Bt/nnzHQsv/MMpP/3K/m9/2brzVtcSm7YJGtKhiY0mfex6u+73o99eftsEUzeAmfojN1/6i+98+GUvWk2TxtiEIRRiDJK07Lz5Bx572V1m8pJz6lLKuZRibBsXl5xT16VcCpN3d1740322f0ojSU1shk0TgyQ9fsv9T7z2USZNKaVcPClmGo0nLTmllJn0ocuO+sAGq0lS04ZhEmKUpMfudOhf7mbx0qVcbMysNXbJqSssfuuvDtx6ZUmKzdAIMUpq193vl/8AKCkV25g5aGznlArAbae977mSFOOAiFHSKi/7zjUAJeXixZnDxnbJqQD5skO3XE5SbAZBEyWtuseRtwBOqRgzGm1cUgK4/nvbLycphp4XYpCW2+Ww24Gcso0ZqcbOqQA3fXPzIDWxxzVR0rpfvgHIqdg2o9c2LqkAlx+8jqQY+llspFXf8Scgp2JsRraNSzJMnDl/Walp+leU9MJv3AFOxbYZ8badE7DoE/OkEHtVaCW9/OwCKRubsWjjlOHRozeRFHtTaKXl3vo3oCvGZmzauCTg9/MlxV4UWmnVvRdBTsZmzNo4GS57Y5Bi/2mlVfa/HVI2ZiwbpwxXvDFIsd9EaaUDboeu2GZc2zgnuPJNQYr9JQY177sJUsE2Y9w2OcEVu0lN009ClHa7CrqCzdg3zgn+vIXUhh7SSpv8HlLBphfa5AzHryXFvhGlp/wEcsY2PdGGXJj4/Apqmj4RovThe3AyNj3Sxglu2ENq+0OUNroQOmPTM23cwVlrSbEfhKjlvgqpYNNDbXLm4b2ltg9EacfrcQLTT22c4K8vkZqxF7X8d6EzNr3VpnSUg6V2vDXSVtdTMja91ibB+c9RE8ZYK30BOmP6ro07Jt4jteMqRK1zAc7Y9F/bJDhldbXjKUqvf5jO2PRim5K4ZUuFZgy1Cj+AhE1ftqGD/aU4dlo94yJywaZH22Rz2kpqx0totPO9dMb0axt3LHqJ4jhppP0gYdO7DR0TeyiEsRGlw3DGpofbJPi41IyJVo85h1Qw/dymFI6S4lho9bwb6Yz7GjZOnLu62jHQausH6LDp8cYd16+lduRF7QUJm15v0/GvDdSOthD0AcjY9HybRN5J7SgL0gGQsen9Nglepzi6QtACSsFmANpkeIOaURWCFpALZhjaZPiwmtEUgr5ENmYo2hTzMTWjKAR9iWzMcLQp5mOKoydIC8jGDEpTzIcUR9ACsjED0xTzerUjJuoAsjGD0xTYS+1IafUBSsEMUJNhB7UjpNVeUDCDxGQeXVftyGi1NWTMMLVJ3D1PcUREPe8BMmao2nRcu6qakdDoMTeS8HDBpuPPUhgBQTqHDpsBa9PxEzUjoNFhdNgMWtuJ/dTOuVb7kWwzcI3Nq9XOsVY744IZvCbz4DqKcyrqGfeSMQPYJK7+D4U5FBQuIuFhZDqOVjOHon5AhxnGthMfUTtnWr2ebA8lTIGNFedIo3UepmAGs0lct6LC3JAuIGEGtOk4Qs2ciPoCHWZQ2Yk3qp0DUVthe1hhCvc/U82sC1r+ejJmYJvErxVmXdR36TCDyyQ+onaWRe1IsYcXpjCxtppZFbTc9WTMADeJ3yjMqqiv0mEGmUm8U+0sitoI2wxzU/jXExVmj3QhiaGG6Thacda0+jAJM9jtwk6KsyToKfdQBh2ZK6JmadRP6DAD3nTsrXZWRG2CbQadC/9+gsJsCPo9iWGH6fie4iyI2o1sM/Bt/GI1M6fmKjLDj8Tps6DV+0iYwW8XtlWcoaCVbqK4BpD4g8IMtTqADlMB7cyuijMStMrtFNcBMn/VzLban4SpgnZmV8UZCFr1doqpBGQu0Ey22puOWoCd2VFx+rTcIoqpBiR+pzBtUW8luR5gFzZTM13S38hVgcTx0xb1crJNRbTpnq0wPY3OJlEVTeIritPS6IUFuyrgwh2rKUxH1DfoqIwm8W7FaQha9Q6KKwPOXKDpjHoHyfXBhc3VLF3Qn8hUR5P4oeJSNVoX29UBF+5+rMLSRH2ZRI1w4q2KS6PlbqCYCunEbxWWImoXsuuEmXi2wtIcRjJ1IrGv4pSCVr2dUidw5iJNPWoPsmuF4cVqpnYkiVrpxIGKUwha5RaKq0XmHIUpRL2M7Hphumermcp3SKZeJt6ruCS115ArhhNnqVlCo3Wxa0bhX49XmCxqP5KpGM68QnGyoF+SqJnu+MYSgh77D4qrRuZyTR61E8VUDfPI2gqTHUqibjrxWsXFgv5Cdt0g8YNJgh5/N4W66cylWrzRlhRXDsyDz1SQovYn1Y/My9VIjU6sIYnPqZW07LWU6kHiLAUFzXsUVw8XblxeippPMdXDpGcrtDqQrn7gzG6KjY4lUUE6DlErXUZ2/SBxnBo99i4K9dOZyyWtZ1xBKNz1WGlXUhUx+SXSfiSqSOIV0o9IriEkPiz9lkQNdeKbai8nVxESZ+hxt1HqSOZCrTGB60hh0UobUqrJPU+dT64kNs9+dz0pbHYIqZZk/vPrdPXkXUeQqCSJ/U8nuZosOIdMJe34zoXVxImjF1EqCYnTb68qN9eTzAX34HpyEaaeXGj8/6xgKso/cT25+GZKPTnnDlxLEqcspFQSJ864kFxPfvaHakLHt08huY448bmf0lFN9vkKnStJ5q37k2pJ4VVvJ9eTTV5GqSWUddatJoW7nzTvEarJwuVXv5lSRzLnSZeS60jiROkXpCrixJek75BcQ0i8W/owiRrqzI7Sy8iuIjz6AulFHVWkcMcq0mp3UiqIM3+VpAvJrh8kDlPT6Kck6qc79lXbah86V5DCyxUbbU+pHzaPzlMIespD2NUjc1UrSc1lZKpH4mQ1UtRRJFeQgxQX+0ANyWyrRmq0AaV6FO55ioIUtNqtFNcNZ85XkKRGvyJXDhLfVFws6kASddOZ3SZrtDXFVcOF+56qsJi08m0U1wwy52mJjU4jUTPd8TnFyVq9j2TXC7uwnZrJgp6bqRqFW1dRmEzSZeSakThOUUuMOpRExUy8ZSqNtqTYtcLm/qcpLEla7npKtSDzGwVNMep7JGqlE+9TnNr2FLtO2DwyT2Eq0nI3UWpF4ncKmnLUN0l1wk68V3FqjTbHdp3g/qcoTE0Kl5OrBImT1Wgpow4m4fpgZ3ZVXJqgdSZwjSjctKKWvtGZJKqjnfiS4tJFzSfb9YH8fDVLJy27iFIfEr9W0DRGfYJEZbQzeyhOR9C8R7ErQ2HRMpreRkeTcE0wiQMVp2sT7LpQuPepCtOjoN+TcD0wie8papqj5pNdE0x5gZrpknQZuR6YxLGKmvaoN5JwNbDZRM30SeEKMpXQJE5XoxmMeiPJrgQ2m8yMFK4k2zXAJM5QoxmNehOJOmCz6UxJ4QoyHn4mcaoazXDUbpXA+EUzJ+nPZDz0TMcPFTXjUVtQPPTswgPPUJg5NTqehAceHZ9Uq1mx1gS2h5zJ3LiCwmxQq8/TMfASr1XUrAxa4QYyHm4m8XsFzdKoPcgebrbhpWpmixqdRcKDjY4vKWoWrfUwxR5mJrNoOYXZo1Z702EPMduZlylqdv+VxDCj40hFzeqolxRsDy+TuX01hdmlVgfTYQ8t25n5ipr955MYXnQcoahZ3+g5ExQ8rEzmppUUZp9avYeEPaRsm20VNRcbnULHkLLp+Lyi5mTQ6reQ8YAicY7mbKutsO2hZAr3rKFmrqjV15hgKNl0vEet5mzQsv9NwoPIpuNMBc3hqOdNUPAgInHzqnNLrV5LMR4+plDWV9TcjvoCHfbQMc68Wa3metAZdNjDxqbjUEXN+UbLLSQxbGw6fq+RGLXOg2Q8YGw6rllBzShQq+2h4MFik7l3DUWNxlavwwUPFjJsolajstWHyMbDxBR4pVqNzkZfIhkPEVPMG9RqhIagw+iMh4cphQ8paqQG6Qg646FhSubjihqxQTqBznhYmFL4jBqN3EY6hc54SJhSOEghjB410ol0xoPBphT2UxM0ihvpMJLxQLApsI8ajehG+ga5YA8BmwwfUKORHaRDccHufzYZ3qSoER6C9oaM3fdsEsxXq9Ee9QZI2P3OpuPBrdVq1Eft3NFh9zlDxy3PU6vR3+qltzMB7m027rjkCWo1Dls99iI6455mUwqnRbUaj63aEygZu4/ZJPisFDUuo3QQJOz+Zegob1ZoND5D0KvupzPuWTbuuHl9RY3XVmtcTirYfcomm7NWVatx26r9GSTs3mRDB5+QosZvlN46QWfck2xK4s7tFBqN4xD1nEsoGbsP2SQ467FqNa5b6SvQGfceG3ekD0itxneUtruJnLH7jU2Cvz5PodE4D61W/DF0xu4vNqWDT0mtxn2UXnYTTtg9xcYJLllPihr/IWr5b0JXsPuITU48uq/Uqh9GaZOLoTN237BxB2evLUX1xRClj96Hk7H7hI0T3LiX1KpPRunJP4GUsd0XbEiFic+toKZRz2yljf4AqWD3A0POcNzaUlT/DFHa/SroCvb4M+QEf95KaoN6aRMU3n0zpILtcWabnOBvu0tNo94apRX3uRW6jO1xZeOcYOGbpBDVa6O04t63QMrG48k4Zbj6bY0U1XdDK630wWshJ2OPGxsnw8WvbaSoPhxaaZk3XwykYuzxYePSAb99haSo3txK2vmMAikbezzYOGV48LANJUX16ijp+V+9HUjFtkedbecEXHvg06QmqnfHRlrlLX8CcirGHl02LqnAI2fMb6XYqJc3UdKLFlwP5FRsewTZxiUV4L8OWFNSG9TbQwzSci//6V1ATtnGHiU2dk4FuOEbG0tqonp+EyWtttsxtwJOqRh7NNi4pARw3be2WUZSDBqCMUpaeYdvXw2QUy628VwytktKBtIlCzZbVlJsNBhDjJLi+h/7xd0AJaVsG88FY5fcZQPcctJ715akGDUwQ9NK0mo7feZ3d7J46VIuNvZssbFL7pJZ/O9nf2zzFSSpbTRMmzZI0uM23Pfwqx5k0pxSysWT46UznjynlFJm0nv++sN3vGgVSWraoCEbYmwkaZkn7PSh71944wSTu+SUui7lUoqXWErJqetSyoUlPnj9uV9+36arafEYGw3h0MSoSdsX7fTm75z55xseZsYfWPi7U7+05w7rNJq0jU3QkA6xbbTEVdZ4zoav3W/BN757wu+uWnjzv++/7/7777v/X39fePkvj/vONz7/0d1e+uxnLK8lxrYJGtsAVlA4ICwRAACQVACdASosASwBPnU6mEkkoyKhIXQKQJAOiU3fj5L7FAMAAdoAl9xL/uv8v/r/+x8QaknTv7P+uH94/an51qj/NPv5zdNZecf4j+j/8P+//kz2jv0P/rPcA/hv8f/4v9l/y/sAf4D2KeYD9e/2795X/Xepv/Bf6z8gPkE/rX+D/+nYKegJ+6npu/u/8JX9e/5v7hfAh+yH///f/4AP//7anS79Nv8H+M3fn/mOW7mAUl+IXez8Z9QL8d/o3+p3ncAH51/Vu+41EYqLwb/Of1d+AD9Eeg9ne+pfYL/mnUW/cb2Uf2AGtoWL3U3QnwLFK6K+wru7nNR5t0aAJ3e6KEBXIHa+Lczo0oKplw0knCZOPRrvPHJ9Fq84q5NiRClgDKrfcwBkBxLBLcU4nVUFNmrJicG4HZcDe7uPRQQB3uYLCmpKf1YncT6vGd4yfW071NZP+W23Ob4/aNubEpFvdlOaIgCk/NeiTI1q33I46K+5iHNCSvbTcvRAIM2OizYx0Ug+bQCQwpJ2UKDYlnResIZXBEtJikmAp7K0josWKUC8D9UFGbYYMQe5Ht8UnResJYpTnnSPR0kmLaoVoIn5Ko6K/r4pZpxceUg1K//ySTO7v00FYMa1qUv30oeXBQy4ELFwPTSD/w64SfNn16Nb9x/Tfwk+cHhzMpezzaNMV21YJF+bVBR3ng9sSefzSgjW7FzP7AsKOFTV8zYCEuP6NJJwlkgRu8zmY4iH7LWSdBBot7Q2hmLS22k1/+jFl3+GS7u7u5vSQoSfsnstQj+Gd56frybYS1vm9qnLJxhsWYMQslke3q2dV7lu+kP71efKY9l/QlHZhMKCVY05k3aoQ3pKf2higcRO1P9SlgiszDNGKqkPgTonj7bnlD7Lk7f2rh/yHKjlr/9v3zvhhawAAP71XN6ynJZNsD/k0h3t4MpSCniX0TrCPY1m0OR2b/nxF7KCStJLlElgDcH/vrNlLvCO/YjoElfzpe6k3aJ23ma6MFi6aJeXMSfb+KjkdAWtTj7d/rAO85rXL06lX/25A+nxEUaUL/6L7lakquvuuH/74Hw9CkNwF4IrPAPaaZjQ3gHJ7px29s2r/azjGMOxdQlAR92iIpVqdIy4PT2zrj3tc7ETZf0ZHmXGvTpbsQNR12bneG6vVm++q256Q6WIEf3gAAAMUZrR/YgtdvbIIvBC2DbP/qSnNjbXhbUYDLfhtCqzm1eAFvR9Y9IeYluZlxuu+S998/kAILPV0ygWixulf7+EtZKmfwlrLy+VqAG8mJknyU83CEdu90gegd7F4KhYAZ09LfitvzGPY2pzu6xFOZU7n1YxNAYssmVkIN5f/ZtbOw4lvWjdW3ZUKe1JEZ6IsWpGhusVkNbONzrKktYEBX+TxgSUyCrR/066aqa4tsqLuRY3b2qfBSAE0UYBrC/OvjSOJAhDNuJIrTQESaut18LN5/6DQy9g+HTQ37BC6+DODvFGDqYiBL3NmjZBxrdNo9U9GPPJQdtLy8Fbxg3KyRY3Ir34HUH4xyB/zlGr7r/pRcNXABEyBseAMZxzSxOLnEyKlBvWRmseAGmqzxJkgUKGs4IyEoJB0thXZDTeylpNCdFgDU94q2J+dhxNyogn0IMQu+wDxww2GCw/gXjvD3s1fNUqDBL6hr4j5IHgp0foygCduuPHXGSU1x0f2bbn2DE8+Lfpol3lalVqtOlo4GT1gZUBWa3fw2PnlYeaj1L/E3l3moblN+qgrxaAUVWBQmSpEPt59l4ZQP/qZOBIDbCZ8VHQS8hJ0k1k2+l9J3+v8z9N/GlgMt+p+iDqlx2hJ3V3Vq6yezmDRvR3iKEfTUctLCJPw1n3U4RGYz4tY9P1b1uHlae9PqtZFpIB2PGJibC4seQNfsmKA0mbrR/7+kGju4BPMM1BdceuOZxghP+vl+OrzVpRbp4H7zd3C94F2WG61CV1GcVHhaohB9+N/E8MeGwf6ZiVEQu7XyAAHShUjYHmz8D1j0mlIhI+tK12GHRsh25FVn94q6hdEs4ymzgTovxzU3TLFf/PgF2U+vfKHxX3//vqRJFY3jxEB8rwmr5N+dp3crpSgtFWslIUf/YyhbcU+4HFPb7+zH7fp+dqBsAzNd1dmaANc0jAPZCYCk8DpOatqrgjJLWvE+EfCXhT9b3AwJ44REKnBr1bW1ta8CRnzj/RQ3nfu2zg1OAVHE3U6W+W7U6hH8tIaHAW8o2/KnkERwnbPi/8slfSiEmtiVw9kf2A497/gRvgO/uuMFf+uTQM+xkLFc8MWSJA+KWaTrlvPVxVZPDBMkntrG5AzUqx39ak3mTyUDmIUvpiKIhheislwouCbZ1zedqX4cjAGoOQbPsNJD5KqzwTIdL6S9psf1Y+22NmRhKpfl9wiJXVKbVgt6KZ42vRXLSpQPs+LLHji9nE/VOXxjf5zEEHj7jQDsPsabkUHExxFD8mj/fkYkfjzEOCjLhgAFwB8VM56ye67SeD5YJp3eLs+17zLEw5yqIdZLPvJ4/jyTpILbjGedjXHqAgePAiYipK+s8UBWKEqEYJN/bEv9m958tSWA/7RwAAhc4a94xfc6jVhILdaX1qZZMQvaQf+NMpycRYsMEBCuh2hUrrG9I3v6w3ja9opB+4vfTXS3AMkz0Y7AOz1V+0BOW7ulBA3YILsJ5//OGREuxoBbhGoVlW6T6NE6+XO+b+e0zZvqXnR+IbgdaQg4Z4UC/KXBNkP9MjJSWhz4i0GlPlR15RIX/V+a+99MeVHgHBxHM11Ag5bErJUjy3wcrBAbMftmF/WVR+x+yxQLhfTLwICMl/t+23BQb7dVloalJn5DEONfU5eOmS/OSfvsz29t4l6rkBOG715M1yWRKgmvvOv1g5r40U2mcRraI/AMJdJ+40U3ZKpR4eoKnGcVQ13/DM3D+6WJhYh7DBOHJBcIxoe2FEB2+FfpIOJVO7A1HcbsEEO670mS/UgZo8fBNOdg/XJZ+PD6lM9ItgQ8uA5hed91Wr08MELf6wAISLnaf4DUm4OPtdfgOjjwmTZBfdEJ41qLhBUiUmRecOuPPYdv/+9JhqlzkHpn29yGmSHxna2J4VUqOGJ6P0aMHvX7jlHehquxcX3mr3vNrCT9BXXAz5K4hof1xv9e1LElp1cMlvD+zDhw7LkIeSexDVkJ+G5MeJSau8NGREnqU36j/LXjqueg7zJZiI6g5NFxDPhs3wLxAcpR2n1Ch6jXEoheCGHALrpMV4o/vTt5ALuFC5cL6E7XbjPtA73KXXaLNDhHjkXLn0nRU2JlhtTa/+EUPU9tZqRAf5viCMDh7cZZe47H+8dp5WyGjJeuOPNowRgCfoBkWct8HbG5n7dqzd3RtsL1Esvvjev6iY4/irxrp0RPIpkaXtg5JDfUof6B2z2M9SkAP2eAQfmS8uJs3AlhZSnCItiNzcA/wKdicXFm/WMAB4U8wh7KcYE7iJ3gXZDHNBX+tVr4kC2VAFrUSVBUhS/8HvnIaslPg4d5DDoHLPBoqMxOEF2ZAF75vLaSGhm3/AirTxPEfza24ke79AaHSCO6VDT2ei9Yg+tWn+BmqcTAK0v1GB4Yppii038Jo+eviK8ocQaNzuvWMC8eWdn8Nus3vS/Ze+yqErQQuo+BrFlAIGp+hBlfmOlSKTUpkzwAADAGyOib7doRY+SBQ5JQCwwmE4w6H0+1AVhojrNrnIjahEGsMt8QTSr6kke/ez85Rqm1gKtOaD+cMQ/7PdFt+kyqDpPpsPxMP60z6zDY010eXdnaCX5PDu5KCKRKZqX2fsmdB/XsKpyzqjfFRXc4V1UqWMmmnZ6wvKLwSz9QJ7R1DPGcXP4c4izN9AjBWeTZAoz69IDSTq09RjKhD68y9BzfaAjthjy1AWXvBh2yvthX3TAzfh5JmnYOGCJP+z9N3mQcD0z6IcLWhgRhaOaweahGYknG0wxJ3PPppceic4wPgDGYChxEbVF35rNIEAPraMnA/RXFOsckBAjSGHiAp335mY2SjX2lk6onsYTHMPIKpfLHISzlhS8A0/TUaTMSAa63qXo7mNUcAAAIMkD6Zu1E8gI+huHivHTelkuBgBEnAnZ8VXuMWr3HMn+XY2YIZwEPdedj01Kx8JpSGO+dNjh4NC/FNXqTkAIPJPc5t7KTqGpVAbdVLZ27K9iq8W4FXKfyw1WqyzxUEEqlHfkLvWj2x0LazhXilNSyqStmnNPqjD5x+p+f/3OREqdSIALPPB8c2msB3NrwM8p76x1M2v5fAneB0NLHiezTz4Hdn4R9SgYSgqSeb3vteRxY27oL0ZuaYzbs0cPI1knO4p+KQlmz6IMT7k6sZzPjiQZ5sda/Pw2D8ATNk33D+x5uAi7rC6BzMcUo6oxuQwkgBqdtHVZ2FIMSsliCN4yXrtfYNlhfVzcxkHX7Y+iKg3WQB/Zi7uw7e54HPGCdt9XIQoDO6AToaJ6cz7QaOH6KqPLfvqp266KXP1Ca6y1zsi7jRvyNfsWBCShyRqELe2GGOE2vLrsJCI22wAs1Ja993TT52Ib2UqS9DRnepzioht3q+Ybw5taokaS1vNkpQa8uQrlY10GNxdj0CQn89jHQKMrn1uvvk5FZkYGXc0xgWvA07Ne4vojsRC470AkhO/5oNicJmdAaVG6qT6nEE25CIYU4AEPd+oZYUpDxGEDxHWz0KZjs0n2RcB2pY8PG1mAQ9YQv3LGSVzeZcpvrEixRTD111rQXiL7upOV4lC5LzDlPKqWBGjD5PR6MKLyNbc9jJeGuxTiOYa9AAusEwBSo+7YSS/14VaLOLBZ9TIff7goTlInXlL10fMAElmi61zCB4uVVnqmTS++Hiy54Dz/iSQf7qZOiUFhtjBPNbFM4FhQoPpLXPJ41X2m2HiVPvLHWZC1RgEmlne+b5bMV13zxJZC/ZrJhKoAXJsk+f5JGIl+t3l5U6LBi0tP+5EM6dgt3WpKMi1gN/mynN1MnaSlwifjplrOJvcHgVBcs3xA8DfvvA7S8r+yGaCkhO0opmZstSj6keXN4y6Um+MR7hsljxtDkZYoPAWeCe7bD4YJqA4j9JSHeWlIE780J8soVxm0F6VkE5lvceftuKfSTK273a6z2x/8oEp2UAykJ2RD9tDDv9g//1WMrj2jpzTCgk/dcP/vH0Kzkwsww7uSCLq64HmuzgEgnCsKrxPODwn+oLfezO8Bf3Dsem3zYF4dpvqrRpQQ51JKgTaQp9HqsM06sdX3MI9vCNnx0VobxiN73mIeoeFXl/F+qGZk9HUIHot3nLfGlGuzidMuZmQtMXZYuxoMjwpNX+d01bHGL0Isoa/5ggl3anw5zvz3riFvF4EFxdMc1GLqYUpSpXqBLtNjTK4GNF7DspNN8q6UYJ3Wuv6YOsvKmTZfKY3reSdtJJVjueFcvA3OEgK9Vpzl+IbfAbp4UAp9Mvrc/4MumgtrkSc+t17fv4A5BA/6lp2dT3DmDZL9b5RbuWmYWCwi9C1IiOzfeHb0v3ca62eAfmfcePeI/zFO5pQlFqJg3iCJmahVi9tmfoxfOn9qMn3N0Rfo+P1CvaFJ85wRlJaaqQg5q1Y/zt672MKPoWBsypYVlTXLqaH7RMxCu0O8tD/8Cmu/uFo2mUPnDS4+qBiGjxF5cC2w4myat6DsTi59nmVhXTqvSPb9ncZPANcTRHQ4nz3uBBPY61d2yVzeJEAfHSh+6z8Iw0/WqqQAdYqXvqEcNITX3Wbq7zY2N3PcZS30b1t8DPipFhVbnup83oGz5vvs/TGHInSIQPV3E5v3Iso/HVPmLNsHMpRll1hErX1qUr3UxlGegd0ML2bvb9YTf+ADHDEKI7tW2dAED18Qrgq7EeSBVwTmCJ0DmAQAAAARVhJRroAAABFeGlmAABJSSoACAAAAAYAEgEDAAEAAAABAAAAGgEFAAEAAABWAAAAGwEFAAEAAABeAAAAKAEDAAEAAAACAAAAEwIDAAEAAAABAAAAaYcEAAEAAABmAAAAAAAAAEgAAAABAAAASAAAAAEAAAAGAACQBwAEAAAAMDIxMAGRBwAEAAAAAQIDAACgBwAEAAAAMDEwMAGgAwABAAAA//8AAAKgBAABAAAALAEAAAOgBAABAAAALAEAAAAAAAA=', 'MALE', '1990-08-22', '23456789012', '2027-08-22'),
                                                                                                                                                                                               ('10003', 'Marcos Vinicius', 'marcos.v@ipem.sp.gov.br', '$2a$10$YB1lLj/IMXD4Lm0cbAphKumArFegy1hC8yxr0Cm3/n4jm9kAd7rFi', 'TECHNICIAN', '11999990003', 'B', 'AVAILABLE','UklGRpwhAABXRUJQVlA4WAoAAAAYAAAAKwEAKwEAQUxQSIcPAAABwMf/v2nNrb5rr50bq3YnqhnbLCc3qm23MWpkahuxjdqNGt6Gd/KaqHFSxHj2Wuv7+WOeeebBOXuviz8iYgI0tkNsG03ePm6NDee/+5CvH3H6ORcuuv3me7Bt/nnzHQsv/MMpP/3K/m9/2brzVtcSm7YJGtKhiY0mfex6u+73o99eftsEUzeAmfojN1/6i+98+GUvWk2TxtiEIRRiDJK07Lz5Bx572V1m8pJz6lLKuZRibBsXl5xT16VcCpN3d1740322f0ojSU1shk0TgyQ9fsv9T7z2USZNKaVcPClmGo0nLTmllJn0ocuO+sAGq0lS04ZhEmKUpMfudOhf7mbx0qVcbMysNXbJqSssfuuvDtx6ZUmKzdAIMUpq193vl/8AKCkV25g5aGznlArAbae977mSFOOAiFHSKi/7zjUAJeXixZnDxnbJqQD5skO3XE5SbAZBEyWtuseRtwBOqRgzGm1cUgK4/nvbLycphp4XYpCW2+Ww24Gcso0ZqcbOqQA3fXPzIDWxxzVR0rpfvgHIqdg2o9c2LqkAlx+8jqQY+llspFXf8Scgp2JsRraNSzJMnDl/Walp+leU9MJv3AFOxbYZ8badE7DoE/OkEHtVaCW9/OwCKRubsWjjlOHRozeRFHtTaKXl3vo3oCvGZmzauCTg9/MlxV4UWmnVvRdBTsZmzNo4GS57Y5Bi/2mlVfa/HVI2ZiwbpwxXvDFIsd9EaaUDboeu2GZc2zgnuPJNQYr9JQY177sJUsE2Y9w2OcEVu0lN009ClHa7CrqCzdg3zgn+vIXUhh7SSpv8HlLBphfa5AzHryXFvhGlp/wEcsY2PdGGXJj4/Apqmj4RovThe3AyNj3Sxglu2ENq+0OUNroQOmPTM23cwVlrSbEfhKjlvgqpYNNDbXLm4b2ltg9EacfrcQLTT22c4K8vkZqxF7X8d6EzNr3VpnSUg6V2vDXSVtdTMja91ibB+c9RE8ZYK30BOmP6ro07Jt4jteMqRK1zAc7Y9F/bJDhldbXjKUqvf5jO2PRim5K4ZUuFZgy1Cj+AhE1ftqGD/aU4dlo94yJywaZH22Rz2kpqx0totPO9dMb0axt3LHqJ4jhppP0gYdO7DR0TeyiEsRGlw3DGpofbJPi41IyJVo85h1Qw/dymFI6S4lho9bwb6Yz7GjZOnLu62jHQausH6LDp8cYd16+lduRF7QUJm15v0/GvDdSOthD0AcjY9HybRN5J7SgL0gGQsen9Nglepzi6QtACSsFmANpkeIOaURWCFpALZhjaZPiwmtEUgr5ENmYo2hTzMTWjKAR9iWzMcLQp5mOKoydIC8jGDEpTzIcUR9ACsjED0xTzerUjJuoAsjGD0xTYS+1IafUBSsEMUJNhB7UjpNVeUDCDxGQeXVftyGi1NWTMMLVJ3D1PcUREPe8BMmao2nRcu6qakdDoMTeS8HDBpuPPUhgBQTqHDpsBa9PxEzUjoNFhdNgMWtuJ/dTOuVb7kWwzcI3Nq9XOsVY744IZvCbz4DqKcyrqGfeSMQPYJK7+D4U5FBQuIuFhZDqOVjOHon5AhxnGthMfUTtnWr2ebA8lTIGNFedIo3UepmAGs0lct6LC3JAuIGEGtOk4Qs2ciPoCHWZQ2Yk3qp0DUVthe1hhCvc/U82sC1r+ejJmYJvErxVmXdR36TCDyyQ+onaWRe1IsYcXpjCxtppZFbTc9WTMADeJ3yjMqqiv0mEGmUm8U+0sitoI2wxzU/jXExVmj3QhiaGG6Thacda0+jAJM9jtwk6KsyToKfdQBh2ZK6JmadRP6DAD3nTsrXZWRG2CbQadC/9+gsJsCPo9iWGH6fie4iyI2o1sM/Bt/GI1M6fmKjLDj8Tps6DV+0iYwW8XtlWcoaCVbqK4BpD4g8IMtTqADlMB7cyuijMStMrtFNcBMn/VzLban4SpgnZmV8UZCFr1doqpBGQu0Ey22puOWoCd2VFx+rTcIoqpBiR+pzBtUW8luR5gFzZTM13S38hVgcTx0xb1crJNRbTpnq0wPY3OJlEVTeIritPS6IUFuyrgwh2rKUxH1DfoqIwm8W7FaQha9Q6KKwPOXKDpjHoHyfXBhc3VLF3Qn8hUR5P4oeJSNVoX29UBF+5+rMLSRH2ZRI1w4q2KS6PlbqCYCunEbxWWImoXsuuEmXi2wtIcRjJ1IrGv4pSCVr2dUidw5iJNPWoPsmuF4cVqpnYkiVrpxIGKUwha5RaKq0XmHIUpRL2M7Hphumermcp3SKZeJt6ruCS115ArhhNnqVlCo3Wxa0bhX49XmCxqP5KpGM68QnGyoF+SqJnu+MYSgh77D4qrRuZyTR61E8VUDfPI2gqTHUqibjrxWsXFgv5Cdt0g8YNJgh5/N4W66cylWrzRlhRXDsyDz1SQovYn1Y/My9VIjU6sIYnPqZW07LWU6kHiLAUFzXsUVw8XblxeippPMdXDpGcrtDqQrn7gzG6KjY4lUUE6DlErXUZ2/SBxnBo99i4K9dOZyyWtZ1xBKNz1WGlXUhUx+SXSfiSqSOIV0o9IriEkPiz9lkQNdeKbai8nVxESZ+hxt1HqSOZCrTGB60hh0UobUqrJPU+dT64kNs9+dz0pbHYIqZZk/vPrdPXkXUeQqCSJ/U8nuZosOIdMJe34zoXVxImjF1EqCYnTb68qN9eTzAX34HpyEaaeXGj8/6xgKso/cT25+GZKPTnnDlxLEqcspFQSJ864kFxPfvaHakLHt08huY448bmf0lFN9vkKnStJ5q37k2pJ4VVvJ9eTTV5GqSWUddatJoW7nzTvEarJwuVXv5lSRzLnSZeS60jiROkXpCrixJek75BcQ0i8W/owiRrqzI7Sy8iuIjz6AulFHVWkcMcq0mp3UiqIM3+VpAvJrh8kDlPT6Kck6qc79lXbah86V5DCyxUbbU+pHzaPzlMIespD2NUjc1UrSc1lZKpH4mQ1UtRRJFeQgxQX+0ANyWyrRmq0AaV6FO55ioIUtNqtFNcNZ85XkKRGvyJXDhLfVFws6kASddOZ3SZrtDXFVcOF+56qsJi08m0U1wwy52mJjU4jUTPd8TnFyVq9j2TXC7uwnZrJgp6bqRqFW1dRmEzSZeSakThOUUuMOpRExUy8ZSqNtqTYtcLm/qcpLEla7npKtSDzGwVNMep7JGqlE+9TnNr2FLtO2DwyT2Eq0nI3UWpF4ncKmnLUN0l1wk68V3FqjTbHdp3g/qcoTE0Kl5OrBImT1Wgpow4m4fpgZ3ZVXJqgdSZwjSjctKKWvtGZJKqjnfiS4tJFzSfb9YH8fDVLJy27iFIfEr9W0DRGfYJEZbQzeyhOR9C8R7ErQ2HRMpreRkeTcE0wiQMVp2sT7LpQuPepCtOjoN+TcD0wie8papqj5pNdE0x5gZrpknQZuR6YxLGKmvaoN5JwNbDZRM30SeEKMpXQJE5XoxmMeiPJrgQ2m8yMFK4k2zXAJM5QoxmNehOJOmCz6UxJ4QoyHn4mcaoazXDUbpXA+EUzJ+nPZDz0TMcPFTXjUVtQPPTswgPPUJg5NTqehAceHZ9Uq1mx1gS2h5zJ3LiCwmxQq8/TMfASr1XUrAxa4QYyHm4m8XsFzdKoPcgebrbhpWpmixqdRcKDjY4vKWoWrfUwxR5mJrNoOYXZo1Z702EPMduZlylqdv+VxDCj40hFzeqolxRsDy+TuX01hdmlVgfTYQ8t25n5ipr955MYXnQcoahZ3+g5ExQ8rEzmppUUZp9avYeEPaRsm20VNRcbnULHkLLp+Lyi5mTQ6reQ8YAicY7mbKutsO2hZAr3rKFmrqjV15hgKNl0vEet5mzQsv9NwoPIpuNMBc3hqOdNUPAgInHzqnNLrV5LMR4+plDWV9TcjvoCHfbQMc68Wa3metAZdNjDxqbjUEXN+UbLLSQxbGw6fq+RGLXOg2Q8YGw6rllBzShQq+2h4MFik7l3DUWNxlavwwUPFjJsolajstWHyMbDxBR4pVqNzkZfIhkPEVPMG9RqhIagw+iMh4cphQ8paqQG6Qg646FhSubjihqxQTqBznhYmFL4jBqN3EY6hc54SJhSOEghjB410ol0xoPBphT2UxM0ihvpMJLxQLApsI8ajehG+ga5YA8BmwwfUKORHaRDccHufzYZ3qSoER6C9oaM3fdsEsxXq9Ee9QZI2P3OpuPBrdVq1Eft3NFh9zlDxy3PU6vR3+qltzMB7m027rjkCWo1Dls99iI6455mUwqnRbUaj63aEygZu4/ZJPisFDUuo3QQJOz+Zegob1ZoND5D0KvupzPuWTbuuHl9RY3XVmtcTirYfcomm7NWVatx26r9GSTs3mRDB5+QosZvlN46QWfck2xK4s7tFBqN4xD1nEsoGbsP2SQ467FqNa5b6SvQGfceG3ekD0itxneUtruJnLH7jU2Cvz5PodE4D61W/DF0xu4vNqWDT0mtxn2UXnYTTtg9xcYJLllPihr/IWr5b0JXsPuITU48uq/Uqh9GaZOLoTN237BxB2evLUX1xRClj96Hk7H7hI0T3LiX1KpPRunJP4GUsd0XbEiFic+toKZRz2yljf4AqWD3A0POcNzaUlT/DFHa/SroCvb4M+QEf95KaoN6aRMU3n0zpILtcWabnOBvu0tNo94apRX3uRW6jO1xZeOcYOGbpBDVa6O04t63QMrG48k4Zbj6bY0U1XdDK630wWshJ2OPGxsnw8WvbaSoPhxaaZk3XwykYuzxYePSAb99haSo3txK2vmMAikbezzYOGV48LANJUX16ijp+V+9HUjFtkedbecEXHvg06QmqnfHRlrlLX8CcirGHl02LqnAI2fMb6XYqJc3UdKLFlwP5FRsewTZxiUV4L8OWFNSG9TbQwzSci//6V1ATtnGHiU2dk4FuOEbG0tqonp+EyWtttsxtwJOqRh7NNi4pARw3be2WUZSDBqCMUpaeYdvXw2QUy628VwytktKBtIlCzZbVlJsNBhDjJLi+h/7xd0AJaVsG88FY5fcZQPcctJ715akGDUwQ9NK0mo7feZ3d7J46VIuNvZssbFL7pJZ/O9nf2zzFSSpbTRMmzZI0uM23Pfwqx5k0pxSysWT46UznjynlFJm0nv++sN3vGgVSWraoCEbYmwkaZkn7PSh71944wSTu+SUui7lUoqXWErJqetSyoUlPnj9uV9+36arafEYGw3h0MSoSdsX7fTm75z55xseZsYfWPi7U7+05w7rNJq0jU3QkA6xbbTEVdZ4zoav3W/BN757wu+uWnjzv++/7/7777v/X39fePkvj/vONz7/0d1e+uxnLK8lxrYJGtsAVlA4ICwRAACQVACdASosASwBPnU6mEkkoyKhIXQKQJAOiU3fj5L7FAMAAdoAl9xL/uv8v/r/+x8QaknTv7P+uH94/an51qj/NPv5zdNZecf4j+j/8P+//kz2jv0P/rPcA/hv8f/4v9l/y/sAf4D2KeYD9e/2795X/Xepv/Bf6z8gPkE/rX+D/+nYKegJ+6npu/u/8JX9e/5v7hfAh+yH///f/4AP//7anS79Nv8H+M3fn/mOW7mAUl+IXez8Z9QL8d/o3+p3ncAH51/Vu+41EYqLwb/Of1d+AD9Eeg9ne+pfYL/mnUW/cb2Uf2AGtoWL3U3QnwLFK6K+wru7nNR5t0aAJ3e6KEBXIHa+Lczo0oKplw0knCZOPRrvPHJ9Fq84q5NiRClgDKrfcwBkBxLBLcU4nVUFNmrJicG4HZcDe7uPRQQB3uYLCmpKf1YncT6vGd4yfW071NZP+W23Ob4/aNubEpFvdlOaIgCk/NeiTI1q33I46K+5iHNCSvbTcvRAIM2OizYx0Ug+bQCQwpJ2UKDYlnResIZXBEtJikmAp7K0josWKUC8D9UFGbYYMQe5Ht8UnResJYpTnnSPR0kmLaoVoIn5Ko6K/r4pZpxceUg1K//ySTO7v00FYMa1qUv30oeXBQy4ELFwPTSD/w64SfNn16Nb9x/Tfwk+cHhzMpezzaNMV21YJF+bVBR3ng9sSefzSgjW7FzP7AsKOFTV8zYCEuP6NJJwlkgRu8zmY4iH7LWSdBBot7Q2hmLS22k1/+jFl3+GS7u7u5vSQoSfsnstQj+Gd56frybYS1vm9qnLJxhsWYMQslke3q2dV7lu+kP71efKY9l/QlHZhMKCVY05k3aoQ3pKf2higcRO1P9SlgiszDNGKqkPgTonj7bnlD7Lk7f2rh/yHKjlr/9v3zvhhawAAP71XN6ynJZNsD/k0h3t4MpSCniX0TrCPY1m0OR2b/nxF7KCStJLlElgDcH/vrNlLvCO/YjoElfzpe6k3aJ23ma6MFi6aJeXMSfb+KjkdAWtTj7d/rAO85rXL06lX/25A+nxEUaUL/6L7lakquvuuH/74Hw9CkNwF4IrPAPaaZjQ3gHJ7px29s2r/azjGMOxdQlAR92iIpVqdIy4PT2zrj3tc7ETZf0ZHmXGvTpbsQNR12bneG6vVm++q256Q6WIEf3gAAAMUZrR/YgtdvbIIvBC2DbP/qSnNjbXhbUYDLfhtCqzm1eAFvR9Y9IeYluZlxuu+S998/kAILPV0ygWixulf7+EtZKmfwlrLy+VqAG8mJknyU83CEdu90gegd7F4KhYAZ09LfitvzGPY2pzu6xFOZU7n1YxNAYssmVkIN5f/ZtbOw4lvWjdW3ZUKe1JEZ6IsWpGhusVkNbONzrKktYEBX+TxgSUyCrR/066aqa4tsqLuRY3b2qfBSAE0UYBrC/OvjSOJAhDNuJIrTQESaut18LN5/6DQy9g+HTQ37BC6+DODvFGDqYiBL3NmjZBxrdNo9U9GPPJQdtLy8Fbxg3KyRY3Ir34HUH4xyB/zlGr7r/pRcNXABEyBseAMZxzSxOLnEyKlBvWRmseAGmqzxJkgUKGs4IyEoJB0thXZDTeylpNCdFgDU94q2J+dhxNyogn0IMQu+wDxww2GCw/gXjvD3s1fNUqDBL6hr4j5IHgp0foygCduuPHXGSU1x0f2bbn2DE8+Lfpol3lalVqtOlo4GT1gZUBWa3fw2PnlYeaj1L/E3l3moblN+qgrxaAUVWBQmSpEPt59l4ZQP/qZOBIDbCZ8VHQS8hJ0k1k2+l9J3+v8z9N/GlgMt+p+iDqlx2hJ3V3Vq6yezmDRvR3iKEfTUctLCJPw1n3U4RGYz4tY9P1b1uHlae9PqtZFpIB2PGJibC4seQNfsmKA0mbrR/7+kGju4BPMM1BdceuOZxghP+vl+OrzVpRbp4H7zd3C94F2WG61CV1GcVHhaohB9+N/E8MeGwf6ZiVEQu7XyAAHShUjYHmz8D1j0mlIhI+tK12GHRsh25FVn94q6hdEs4ymzgTovxzU3TLFf/PgF2U+vfKHxX3//vqRJFY3jxEB8rwmr5N+dp3crpSgtFWslIUf/YyhbcU+4HFPb7+zH7fp+dqBsAzNd1dmaANc0jAPZCYCk8DpOatqrgjJLWvE+EfCXhT9b3AwJ44REKnBr1bW1ta8CRnzj/RQ3nfu2zg1OAVHE3U6W+W7U6hH8tIaHAW8o2/KnkERwnbPi/8slfSiEmtiVw9kf2A497/gRvgO/uuMFf+uTQM+xkLFc8MWSJA+KWaTrlvPVxVZPDBMkntrG5AzUqx39ak3mTyUDmIUvpiKIhheislwouCbZ1zedqX4cjAGoOQbPsNJD5KqzwTIdL6S9psf1Y+22NmRhKpfl9wiJXVKbVgt6KZ42vRXLSpQPs+LLHji9nE/VOXxjf5zEEHj7jQDsPsabkUHExxFD8mj/fkYkfjzEOCjLhgAFwB8VM56ye67SeD5YJp3eLs+17zLEw5yqIdZLPvJ4/jyTpILbjGedjXHqAgePAiYipK+s8UBWKEqEYJN/bEv9m958tSWA/7RwAAhc4a94xfc6jVhILdaX1qZZMQvaQf+NMpycRYsMEBCuh2hUrrG9I3v6w3ja9opB+4vfTXS3AMkz0Y7AOz1V+0BOW7ulBA3YILsJ5//OGREuxoBbhGoVlW6T6NE6+XO+b+e0zZvqXnR+IbgdaQg4Z4UC/KXBNkP9MjJSWhz4i0GlPlR15RIX/V+a+99MeVHgHBxHM11Ag5bErJUjy3wcrBAbMftmF/WVR+x+yxQLhfTLwICMl/t+23BQb7dVloalJn5DEONfU5eOmS/OSfvsz29t4l6rkBOG715M1yWRKgmvvOv1g5r40U2mcRraI/AMJdJ+40U3ZKpR4eoKnGcVQ13/DM3D+6WJhYh7DBOHJBcIxoe2FEB2+FfpIOJVO7A1HcbsEEO670mS/UgZo8fBNOdg/XJZ+PD6lM9ItgQ8uA5hed91Wr08MELf6wAISLnaf4DUm4OPtdfgOjjwmTZBfdEJ41qLhBUiUmRecOuPPYdv/+9JhqlzkHpn29yGmSHxna2J4VUqOGJ6P0aMHvX7jlHehquxcX3mr3vNrCT9BXXAz5K4hof1xv9e1LElp1cMlvD+zDhw7LkIeSexDVkJ+G5MeJSau8NGREnqU36j/LXjqueg7zJZiI6g5NFxDPhs3wLxAcpR2n1Ch6jXEoheCGHALrpMV4o/vTt5ALuFC5cL6E7XbjPtA73KXXaLNDhHjkXLn0nRU2JlhtTa/+EUPU9tZqRAf5viCMDh7cZZe47H+8dp5WyGjJeuOPNowRgCfoBkWct8HbG5n7dqzd3RtsL1Esvvjev6iY4/irxrp0RPIpkaXtg5JDfUof6B2z2M9SkAP2eAQfmS8uJs3AlhZSnCItiNzcA/wKdicXFm/WMAB4U8wh7KcYE7iJ3gXZDHNBX+tVr4kC2VAFrUSVBUhS/8HvnIaslPg4d5DDoHLPBoqMxOEF2ZAF75vLaSGhm3/AirTxPEfza24ke79AaHSCO6VDT2ei9Yg+tWn+BmqcTAK0v1GB4Yppii038Jo+eviK8ocQaNzuvWMC8eWdn8Nus3vS/Ze+yqErQQuo+BrFlAIGp+hBlfmOlSKTUpkzwAADAGyOib7doRY+SBQ5JQCwwmE4w6H0+1AVhojrNrnIjahEGsMt8QTSr6kke/ez85Rqm1gKtOaD+cMQ/7PdFt+kyqDpPpsPxMP60z6zDY010eXdnaCX5PDu5KCKRKZqX2fsmdB/XsKpyzqjfFRXc4V1UqWMmmnZ6wvKLwSz9QJ7R1DPGcXP4c4izN9AjBWeTZAoz69IDSTq09RjKhD68y9BzfaAjthjy1AWXvBh2yvthX3TAzfh5JmnYOGCJP+z9N3mQcD0z6IcLWhgRhaOaweahGYknG0wxJ3PPppceic4wPgDGYChxEbVF35rNIEAPraMnA/RXFOsckBAjSGHiAp335mY2SjX2lk6onsYTHMPIKpfLHISzlhS8A0/TUaTMSAa63qXo7mNUcAAAIMkD6Zu1E8gI+huHivHTelkuBgBEnAnZ8VXuMWr3HMn+XY2YIZwEPdedj01Kx8JpSGO+dNjh4NC/FNXqTkAIPJPc5t7KTqGpVAbdVLZ27K9iq8W4FXKfyw1WqyzxUEEqlHfkLvWj2x0LazhXilNSyqStmnNPqjD5x+p+f/3OREqdSIALPPB8c2msB3NrwM8p76x1M2v5fAneB0NLHiezTz4Hdn4R9SgYSgqSeb3vteRxY27oL0ZuaYzbs0cPI1knO4p+KQlmz6IMT7k6sZzPjiQZ5sda/Pw2D8ATNk33D+x5uAi7rC6BzMcUo6oxuQwkgBqdtHVZ2FIMSsliCN4yXrtfYNlhfVzcxkHX7Y+iKg3WQB/Zi7uw7e54HPGCdt9XIQoDO6AToaJ6cz7QaOH6KqPLfvqp266KXP1Ca6y1zsi7jRvyNfsWBCShyRqELe2GGOE2vLrsJCI22wAs1Ja993TT52Ib2UqS9DRnepzioht3q+Ybw5taokaS1vNkpQa8uQrlY10GNxdj0CQn89jHQKMrn1uvvk5FZkYGXc0xgWvA07Ne4vojsRC470AkhO/5oNicJmdAaVG6qT6nEE25CIYU4AEPd+oZYUpDxGEDxHWz0KZjs0n2RcB2pY8PG1mAQ9YQv3LGSVzeZcpvrEixRTD111rQXiL7upOV4lC5LzDlPKqWBGjD5PR6MKLyNbc9jJeGuxTiOYa9AAusEwBSo+7YSS/14VaLOLBZ9TIff7goTlInXlL10fMAElmi61zCB4uVVnqmTS++Hiy54Dz/iSQf7qZOiUFhtjBPNbFM4FhQoPpLXPJ41X2m2HiVPvLHWZC1RgEmlne+b5bMV13zxJZC/ZrJhKoAXJsk+f5JGIl+t3l5U6LBi0tP+5EM6dgt3WpKMi1gN/mynN1MnaSlwifjplrOJvcHgVBcs3xA8DfvvA7S8r+yGaCkhO0opmZstSj6keXN4y6Um+MR7hsljxtDkZYoPAWeCe7bD4YJqA4j9JSHeWlIE780J8soVxm0F6VkE5lvceftuKfSTK273a6z2x/8oEp2UAykJ2RD9tDDv9g//1WMrj2jpzTCgk/dcP/vH0Kzkwsww7uSCLq64HmuzgEgnCsKrxPODwn+oLfezO8Bf3Dsem3zYF4dpvqrRpQQ51JKgTaQp9HqsM06sdX3MI9vCNnx0VobxiN73mIeoeFXl/F+qGZk9HUIHot3nLfGlGuzidMuZmQtMXZYuxoMjwpNX+d01bHGL0Isoa/5ggl3anw5zvz3riFvF4EFxdMc1GLqYUpSpXqBLtNjTK4GNF7DspNN8q6UYJ3Wuv6YOsvKmTZfKY3reSdtJJVjueFcvA3OEgK9Vpzl+IbfAbp4UAp9Mvrc/4MumgtrkSc+t17fv4A5BA/6lp2dT3DmDZL9b5RbuWmYWCwi9C1IiOzfeHb0v3ca62eAfmfcePeI/zFO5pQlFqJg3iCJmahVi9tmfoxfOn9qMn3N0Rfo+P1CvaFJ85wRlJaaqQg5q1Y/zt672MKPoWBsypYVlTXLqaH7RMxCu0O8tD/8Cmu/uFo2mUPnDS4+qBiGjxF5cC2w4myat6DsTi59nmVhXTqvSPb9ncZPANcTRHQ4nz3uBBPY61d2yVzeJEAfHSh+6z8Iw0/WqqQAdYqXvqEcNITX3Wbq7zY2N3PcZS30b1t8DPipFhVbnup83oGz5vvs/TGHInSIQPV3E5v3Iso/HVPmLNsHMpRll1hErX1qUr3UxlGegd0ML2bvb9YTf+ADHDEKI7tW2dAED18Qrgq7EeSBVwTmCJ0DmAQAAAARVhJRroAAABFeGlmAABJSSoACAAAAAYAEgEDAAEAAAABAAAAGgEFAAEAAABWAAAAGwEFAAEAAABeAAAAKAEDAAEAAAACAAAAEwIDAAEAAAABAAAAaYcEAAEAAABmAAAAAAAAAEgAAAABAAAASAAAAAEAAAAGAACQBwAEAAAAMDIxMAGRBwAEAAAAAQIDAACgBwAEAAAAMDEwMAGgAwABAAAA//8AAAKgBAABAAAALAEAAAOgBAABAAAALAEAAAAAAAA=', 'MALE', '1988-11-05', '34567890123', '2029-11-05'),
                                                                                                                                                                                               ('10004', 'Juliana Costa', 'juliana.c@ipem.sp.gov.br', '$2a$10$YB1lLj/IMXD4Lm0cbAphKumArFegy1hC8yxr0Cm3/n4jm9kAd7rFi', 'TECHNICIAN', '11999990004', 'AB', 'ON_DUTY' ,'UklGRpwhAABXRUJQVlA4WAoAAAAYAAAAKwEAKwEAQUxQSIcPAAABwMf/v2nNrb5rr50bq3YnqhnbLCc3qm23MWpkahuxjdqNGt6Gd/KaqHFSxHj2Wuv7+WOeeebBOXuviz8iYgI0tkNsG03ePm6NDee/+5CvH3H6ORcuuv3me7Bt/nnzHQsv/MMpP/3K/m9/2brzVtcSm7YJGtKhiY0mfex6u+73o99eftsEUzeAmfojN1/6i+98+GUvWk2TxtiEIRRiDJK07Lz5Bx572V1m8pJz6lLKuZRibBsXl5xT16VcCpN3d1740322f0ojSU1shk0TgyQ9fsv9T7z2USZNKaVcPClmGo0nLTmllJn0ocuO+sAGq0lS04ZhEmKUpMfudOhf7mbx0qVcbMysNXbJqSssfuuvDtx6ZUmKzdAIMUpq193vl/8AKCkV25g5aGznlArAbae977mSFOOAiFHSKi/7zjUAJeXixZnDxnbJqQD5skO3XE5SbAZBEyWtuseRtwBOqRgzGm1cUgK4/nvbLycphp4XYpCW2+Ww24Gcso0ZqcbOqQA3fXPzIDWxxzVR0rpfvgHIqdg2o9c2LqkAlx+8jqQY+llspFXf8Scgp2JsRraNSzJMnDl/Walp+leU9MJv3AFOxbYZ8badE7DoE/OkEHtVaCW9/OwCKRubsWjjlOHRozeRFHtTaKXl3vo3oCvGZmzauCTg9/MlxV4UWmnVvRdBTsZmzNo4GS57Y5Bi/2mlVfa/HVI2ZiwbpwxXvDFIsd9EaaUDboeu2GZc2zgnuPJNQYr9JQY177sJUsE2Y9w2OcEVu0lN009ClHa7CrqCzdg3zgn+vIXUhh7SSpv8HlLBphfa5AzHryXFvhGlp/wEcsY2PdGGXJj4/Apqmj4RovThe3AyNj3Sxglu2ENq+0OUNroQOmPTM23cwVlrSbEfhKjlvgqpYNNDbXLm4b2ltg9EacfrcQLTT22c4K8vkZqxF7X8d6EzNr3VpnSUg6V2vDXSVtdTMja91ibB+c9RE8ZYK30BOmP6ro07Jt4jteMqRK1zAc7Y9F/bJDhldbXjKUqvf5jO2PRim5K4ZUuFZgy1Cj+AhE1ftqGD/aU4dlo94yJywaZH22Rz2kpqx0totPO9dMb0axt3LHqJ4jhppP0gYdO7DR0TeyiEsRGlw3DGpofbJPi41IyJVo85h1Qw/dymFI6S4lho9bwb6Yz7GjZOnLu62jHQausH6LDp8cYd16+lduRF7QUJm15v0/GvDdSOthD0AcjY9HybRN5J7SgL0gGQsen9Nglepzi6QtACSsFmANpkeIOaURWCFpALZhjaZPiwmtEUgr5ENmYo2hTzMTWjKAR9iWzMcLQp5mOKoydIC8jGDEpTzIcUR9ACsjED0xTzerUjJuoAsjGD0xTYS+1IafUBSsEMUJNhB7UjpNVeUDCDxGQeXVftyGi1NWTMMLVJ3D1PcUREPe8BMmao2nRcu6qakdDoMTeS8HDBpuPPUhgBQTqHDpsBa9PxEzUjoNFhdNgMWtuJ/dTOuVb7kWwzcI3Nq9XOsVY744IZvCbz4DqKcyrqGfeSMQPYJK7+D4U5FBQuIuFhZDqOVjOHon5AhxnGthMfUTtnWr2ebA8lTIGNFedIo3UepmAGs0lct6LC3JAuIGEGtOk4Qs2ciPoCHWZQ2Yk3qp0DUVthe1hhCvc/U82sC1r+ejJmYJvErxVmXdR36TCDyyQ+onaWRe1IsYcXpjCxtppZFbTc9WTMADeJ3yjMqqiv0mEGmUm8U+0sitoI2wxzU/jXExVmj3QhiaGG6Thacda0+jAJM9jtwk6KsyToKfdQBh2ZK6JmadRP6DAD3nTsrXZWRG2CbQadC/9+gsJsCPo9iWGH6fie4iyI2o1sM/Bt/GI1M6fmKjLDj8Tps6DV+0iYwW8XtlWcoaCVbqK4BpD4g8IMtTqADlMB7cyuijMStMrtFNcBMn/VzLban4SpgnZmV8UZCFr1doqpBGQu0Ey22puOWoCd2VFx+rTcIoqpBiR+pzBtUW8luR5gFzZTM13S38hVgcTx0xb1crJNRbTpnq0wPY3OJlEVTeIritPS6IUFuyrgwh2rKUxH1DfoqIwm8W7FaQha9Q6KKwPOXKDpjHoHyfXBhc3VLF3Qn8hUR5P4oeJSNVoX29UBF+5+rMLSRH2ZRI1w4q2KS6PlbqCYCunEbxWWImoXsuuEmXi2wtIcRjJ1IrGv4pSCVr2dUidw5iJNPWoPsmuF4cVqpnYkiVrpxIGKUwha5RaKq0XmHIUpRL2M7Hphumermcp3SKZeJt6ruCS115ArhhNnqVlCo3Wxa0bhX49XmCxqP5KpGM68QnGyoF+SqJnu+MYSgh77D4qrRuZyTR61E8VUDfPI2gqTHUqibjrxWsXFgv5Cdt0g8YNJgh5/N4W66cylWrzRlhRXDsyDz1SQovYn1Y/My9VIjU6sIYnPqZW07LWU6kHiLAUFzXsUVw8XblxeippPMdXDpGcrtDqQrn7gzG6KjY4lUUE6DlErXUZ2/SBxnBo99i4K9dOZyyWtZ1xBKNz1WGlXUhUx+SXSfiSqSOIV0o9IriEkPiz9lkQNdeKbai8nVxESZ+hxt1HqSOZCrTGB60hh0UobUqrJPU+dT64kNs9+dz0pbHYIqZZk/vPrdPXkXUeQqCSJ/U8nuZosOIdMJe34zoXVxImjF1EqCYnTb68qN9eTzAX34HpyEaaeXGj8/6xgKso/cT25+GZKPTnnDlxLEqcspFQSJ864kFxPfvaHakLHt08huY448bmf0lFN9vkKnStJ5q37k2pJ4VVvJ9eTTV5GqSWUddatJoW7nzTvEarJwuVXv5lSRzLnSZeS60jiROkXpCrixJek75BcQ0i8W/owiRrqzI7Sy8iuIjz6AulFHVWkcMcq0mp3UiqIM3+VpAvJrh8kDlPT6Kck6qc79lXbah86V5DCyxUbbU+pHzaPzlMIespD2NUjc1UrSc1lZKpH4mQ1UtRRJFeQgxQX+0ANyWyrRmq0AaV6FO55ioIUtNqtFNcNZ85XkKRGvyJXDhLfVFws6kASddOZ3SZrtDXFVcOF+56qsJi08m0U1wwy52mJjU4jUTPd8TnFyVq9j2TXC7uwnZrJgp6bqRqFW1dRmEzSZeSakThOUUuMOpRExUy8ZSqNtqTYtcLm/qcpLEla7npKtSDzGwVNMep7JGqlE+9TnNr2FLtO2DwyT2Eq0nI3UWpF4ncKmnLUN0l1wk68V3FqjTbHdp3g/qcoTE0Kl5OrBImT1Wgpow4m4fpgZ3ZVXJqgdSZwjSjctKKWvtGZJKqjnfiS4tJFzSfb9YH8fDVLJy27iFIfEr9W0DRGfYJEZbQzeyhOR9C8R7ErQ2HRMpreRkeTcE0wiQMVp2sT7LpQuPepCtOjoN+TcD0wie8papqj5pNdE0x5gZrpknQZuR6YxLGKmvaoN5JwNbDZRM30SeEKMpXQJE5XoxmMeiPJrgQ2m8yMFK4k2zXAJM5QoxmNehOJOmCz6UxJ4QoyHn4mcaoazXDUbpXA+EUzJ+nPZDz0TMcPFTXjUVtQPPTswgPPUJg5NTqehAceHZ9Uq1mx1gS2h5zJ3LiCwmxQq8/TMfASr1XUrAxa4QYyHm4m8XsFzdKoPcgebrbhpWpmixqdRcKDjY4vKWoWrfUwxR5mJrNoOYXZo1Z702EPMduZlylqdv+VxDCj40hFzeqolxRsDy+TuX01hdmlVgfTYQ8t25n5ipr955MYXnQcoahZ3+g5ExQ8rEzmppUUZp9avYeEPaRsm20VNRcbnULHkLLp+Lyi5mTQ6reQ8YAicY7mbKutsO2hZAr3rKFmrqjV15hgKNl0vEet5mzQsv9NwoPIpuNMBc3hqOdNUPAgInHzqnNLrV5LMR4+plDWV9TcjvoCHfbQMc68Wa3metAZdNjDxqbjUEXN+UbLLSQxbGw6fq+RGLXOg2Q8YGw6rllBzShQq+2h4MFik7l3DUWNxlavwwUPFjJsolajstWHyMbDxBR4pVqNzkZfIhkPEVPMG9RqhIagw+iMh4cphQ8paqQG6Qg646FhSubjihqxQTqBznhYmFL4jBqN3EY6hc54SJhSOEghjB410ol0xoPBphT2UxM0ihvpMJLxQLApsI8ajehG+ga5YA8BmwwfUKORHaRDccHufzYZ3qSoER6C9oaM3fdsEsxXq9Ee9QZI2P3OpuPBrdVq1Eft3NFh9zlDxy3PU6vR3+qltzMB7m027rjkCWo1Dls99iI6455mUwqnRbUaj63aEygZu4/ZJPisFDUuo3QQJOz+Zegob1ZoND5D0KvupzPuWTbuuHl9RY3XVmtcTirYfcomm7NWVatx26r9GSTs3mRDB5+QosZvlN46QWfck2xK4s7tFBqN4xD1nEsoGbsP2SQ467FqNa5b6SvQGfceG3ekD0itxneUtruJnLH7jU2Cvz5PodE4D61W/DF0xu4vNqWDT0mtxn2UXnYTTtg9xcYJLllPihr/IWr5b0JXsPuITU48uq/Uqh9GaZOLoTN237BxB2evLUX1xRClj96Hk7H7hI0T3LiX1KpPRunJP4GUsd0XbEiFic+toKZRz2yljf4AqWD3A0POcNzaUlT/DFHa/SroCvb4M+QEf95KaoN6aRMU3n0zpILtcWabnOBvu0tNo94apRX3uRW6jO1xZeOcYOGbpBDVa6O04t63QMrG48k4Zbj6bY0U1XdDK630wWshJ2OPGxsnw8WvbaSoPhxaaZk3XwykYuzxYePSAb99haSo3txK2vmMAikbezzYOGV48LANJUX16ijp+V+9HUjFtkedbecEXHvg06QmqnfHRlrlLX8CcirGHl02LqnAI2fMb6XYqJc3UdKLFlwP5FRsewTZxiUV4L8OWFNSG9TbQwzSci//6V1ATtnGHiU2dk4FuOEbG0tqonp+EyWtttsxtwJOqRh7NNi4pARw3be2WUZSDBqCMUpaeYdvXw2QUy628VwytktKBtIlCzZbVlJsNBhDjJLi+h/7xd0AJaVsG88FY5fcZQPcctJ715akGDUwQ9NK0mo7feZ3d7J46VIuNvZssbFL7pJZ/O9nf2zzFSSpbTRMmzZI0uM23Pfwqx5k0pxSysWT46UznjynlFJm0nv++sN3vGgVSWraoCEbYmwkaZkn7PSh71944wSTu+SUui7lUoqXWErJqetSyoUlPnj9uV9+36arafEYGw3h0MSoSdsX7fTm75z55xseZsYfWPi7U7+05w7rNJq0jU3QkA6xbbTEVdZ4zoav3W/BN757wu+uWnjzv++/7/7777v/X39fePkvj/vONz7/0d1e+uxnLK8lxrYJGtsAVlA4ICwRAACQVACdASosASwBPnU6mEkkoyKhIXQKQJAOiU3fj5L7FAMAAdoAl9xL/uv8v/r/+x8QaknTv7P+uH94/an51qj/NPv5zdNZecf4j+j/8P+//kz2jv0P/rPcA/hv8f/4v9l/y/sAf4D2KeYD9e/2795X/Xepv/Bf6z8gPkE/rX+D/+nYKegJ+6npu/u/8JX9e/5v7hfAh+yH///f/4AP//7anS79Nv8H+M3fn/mOW7mAUl+IXez8Z9QL8d/o3+p3ncAH51/Vu+41EYqLwb/Of1d+AD9Eeg9ne+pfYL/mnUW/cb2Uf2AGtoWL3U3QnwLFK6K+wru7nNR5t0aAJ3e6KEBXIHa+Lczo0oKplw0knCZOPRrvPHJ9Fq84q5NiRClgDKrfcwBkBxLBLcU4nVUFNmrJicG4HZcDe7uPRQQB3uYLCmpKf1YncT6vGd4yfW071NZP+W23Ob4/aNubEpFvdlOaIgCk/NeiTI1q33I46K+5iHNCSvbTcvRAIM2OizYx0Ug+bQCQwpJ2UKDYlnResIZXBEtJikmAp7K0josWKUC8D9UFGbYYMQe5Ht8UnResJYpTnnSPR0kmLaoVoIn5Ko6K/r4pZpxceUg1K//ySTO7v00FYMa1qUv30oeXBQy4ELFwPTSD/w64SfNn16Nb9x/Tfwk+cHhzMpezzaNMV21YJF+bVBR3ng9sSefzSgjW7FzP7AsKOFTV8zYCEuP6NJJwlkgRu8zmY4iH7LWSdBBot7Q2hmLS22k1/+jFl3+GS7u7u5vSQoSfsnstQj+Gd56frybYS1vm9qnLJxhsWYMQslke3q2dV7lu+kP71efKY9l/QlHZhMKCVY05k3aoQ3pKf2higcRO1P9SlgiszDNGKqkPgTonj7bnlD7Lk7f2rh/yHKjlr/9v3zvhhawAAP71XN6ynJZNsD/k0h3t4MpSCniX0TrCPY1m0OR2b/nxF7KCStJLlElgDcH/vrNlLvCO/YjoElfzpe6k3aJ23ma6MFi6aJeXMSfb+KjkdAWtTj7d/rAO85rXL06lX/25A+nxEUaUL/6L7lakquvuuH/74Hw9CkNwF4IrPAPaaZjQ3gHJ7px29s2r/azjGMOxdQlAR92iIpVqdIy4PT2zrj3tc7ETZf0ZHmXGvTpbsQNR12bneG6vVm++q256Q6WIEf3gAAAMUZrR/YgtdvbIIvBC2DbP/qSnNjbXhbUYDLfhtCqzm1eAFvR9Y9IeYluZlxuu+S998/kAILPV0ygWixulf7+EtZKmfwlrLy+VqAG8mJknyU83CEdu90gegd7F4KhYAZ09LfitvzGPY2pzu6xFOZU7n1YxNAYssmVkIN5f/ZtbOw4lvWjdW3ZUKe1JEZ6IsWpGhusVkNbONzrKktYEBX+TxgSUyCrR/066aqa4tsqLuRY3b2qfBSAE0UYBrC/OvjSOJAhDNuJIrTQESaut18LN5/6DQy9g+HTQ37BC6+DODvFGDqYiBL3NmjZBxrdNo9U9GPPJQdtLy8Fbxg3KyRY3Ir34HUH4xyB/zlGr7r/pRcNXABEyBseAMZxzSxOLnEyKlBvWRmseAGmqzxJkgUKGs4IyEoJB0thXZDTeylpNCdFgDU94q2J+dhxNyogn0IMQu+wDxww2GCw/gXjvD3s1fNUqDBL6hr4j5IHgp0foygCduuPHXGSU1x0f2bbn2DE8+Lfpol3lalVqtOlo4GT1gZUBWa3fw2PnlYeaj1L/E3l3moblN+qgrxaAUVWBQmSpEPt59l4ZQP/qZOBIDbCZ8VHQS8hJ0k1k2+l9J3+v8z9N/GlgMt+p+iDqlx2hJ3V3Vq6yezmDRvR3iKEfTUctLCJPw1n3U4RGYz4tY9P1b1uHlae9PqtZFpIB2PGJibC4seQNfsmKA0mbrR/7+kGju4BPMM1BdceuOZxghP+vl+OrzVpRbp4H7zd3C94F2WG61CV1GcVHhaohB9+N/E8MeGwf6ZiVEQu7XyAAHShUjYHmz8D1j0mlIhI+tK12GHRsh25FVn94q6hdEs4ymzgTovxzU3TLFf/PgF2U+vfKHxX3//vqRJFY3jxEB8rwmr5N+dp3crpSgtFWslIUf/YyhbcU+4HFPb7+zH7fp+dqBsAzNd1dmaANc0jAPZCYCk8DpOatqrgjJLWvE+EfCXhT9b3AwJ44REKnBr1bW1ta8CRnzj/RQ3nfu2zg1OAVHE3U6W+W7U6hH8tIaHAW8o2/KnkERwnbPi/8slfSiEmtiVw9kf2A497/gRvgO/uuMFf+uTQM+xkLFc8MWSJA+KWaTrlvPVxVZPDBMkntrG5AzUqx39ak3mTyUDmIUvpiKIhheislwouCbZ1zedqX4cjAGoOQbPsNJD5KqzwTIdL6S9psf1Y+22NmRhKpfl9wiJXVKbVgt6KZ42vRXLSpQPs+LLHji9nE/VOXxjf5zEEHj7jQDsPsabkUHExxFD8mj/fkYkfjzEOCjLhgAFwB8VM56ye67SeD5YJp3eLs+17zLEw5yqIdZLPvJ4/jyTpILbjGedjXHqAgePAiYipK+s8UBWKEqEYJN/bEv9m958tSWA/7RwAAhc4a94xfc6jVhILdaX1qZZMQvaQf+NMpycRYsMEBCuh2hUrrG9I3v6w3ja9opB+4vfTXS3AMkz0Y7AOz1V+0BOW7ulBA3YILsJ5//OGREuxoBbhGoVlW6T6NE6+XO+b+e0zZvqXnR+IbgdaQg4Z4UC/KXBNkP9MjJSWhz4i0GlPlR15RIX/V+a+99MeVHgHBxHM11Ag5bErJUjy3wcrBAbMftmF/WVR+x+yxQLhfTLwICMl/t+23BQb7dVloalJn5DEONfU5eOmS/OSfvsz29t4l6rkBOG715M1yWRKgmvvOv1g5r40U2mcRraI/AMJdJ+40U3ZKpR4eoKnGcVQ13/DM3D+6WJhYh7DBOHJBcIxoe2FEB2+FfpIOJVO7A1HcbsEEO670mS/UgZo8fBNOdg/XJZ+PD6lM9ItgQ8uA5hed91Wr08MELf6wAISLnaf4DUm4OPtdfgOjjwmTZBfdEJ41qLhBUiUmRecOuPPYdv/+9JhqlzkHpn29yGmSHxna2J4VUqOGJ6P0aMHvX7jlHehquxcX3mr3vNrCT9BXXAz5K4hof1xv9e1LElp1cMlvD+zDhw7LkIeSexDVkJ+G5MeJSau8NGREnqU36j/LXjqueg7zJZiI6g5NFxDPhs3wLxAcpR2n1Ch6jXEoheCGHALrpMV4o/vTt5ALuFC5cL6E7XbjPtA73KXXaLNDhHjkXLn0nRU2JlhtTa/+EUPU9tZqRAf5viCMDh7cZZe47H+8dp5WyGjJeuOPNowRgCfoBkWct8HbG5n7dqzd3RtsL1Esvvjev6iY4/irxrp0RPIpkaXtg5JDfUof6B2z2M9SkAP2eAQfmS8uJs3AlhZSnCItiNzcA/wKdicXFm/WMAB4U8wh7KcYE7iJ3gXZDHNBX+tVr4kC2VAFrUSVBUhS/8HvnIaslPg4d5DDoHLPBoqMxOEF2ZAF75vLaSGhm3/AirTxPEfza24ke79AaHSCO6VDT2ei9Yg+tWn+BmqcTAK0v1GB4Yppii038Jo+eviK8ocQaNzuvWMC8eWdn8Nus3vS/Ze+yqErQQuo+BrFlAIGp+hBlfmOlSKTUpkzwAADAGyOib7doRY+SBQ5JQCwwmE4w6H0+1AVhojrNrnIjahEGsMt8QTSr6kke/ez85Rqm1gKtOaD+cMQ/7PdFt+kyqDpPpsPxMP60z6zDY010eXdnaCX5PDu5KCKRKZqX2fsmdB/XsKpyzqjfFRXc4V1UqWMmmnZ6wvKLwSz9QJ7R1DPGcXP4c4izN9AjBWeTZAoz69IDSTq09RjKhD68y9BzfaAjthjy1AWXvBh2yvthX3TAzfh5JmnYOGCJP+z9N3mQcD0z6IcLWhgRhaOaweahGYknG0wxJ3PPppceic4wPgDGYChxEbVF35rNIEAPraMnA/RXFOsckBAjSGHiAp335mY2SjX2lk6onsYTHMPIKpfLHISzlhS8A0/TUaTMSAa63qXo7mNUcAAAIMkD6Zu1E8gI+huHivHTelkuBgBEnAnZ8VXuMWr3HMn+XY2YIZwEPdedj01Kx8JpSGO+dNjh4NC/FNXqTkAIPJPc5t7KTqGpVAbdVLZ27K9iq8W4FXKfyw1WqyzxUEEqlHfkLvWj2x0LazhXilNSyqStmnNPqjD5x+p+f/3OREqdSIALPPB8c2msB3NrwM8p76x1M2v5fAneB0NLHiezTz4Hdn4R9SgYSgqSeb3vteRxY27oL0ZuaYzbs0cPI1knO4p+KQlmz6IMT7k6sZzPjiQZ5sda/Pw2D8ATNk33D+x5uAi7rC6BzMcUo6oxuQwkgBqdtHVZ2FIMSsliCN4yXrtfYNlhfVzcxkHX7Y+iKg3WQB/Zi7uw7e54HPGCdt9XIQoDO6AToaJ6cz7QaOH6KqPLfvqp266KXP1Ca6y1zsi7jRvyNfsWBCShyRqELe2GGOE2vLrsJCI22wAs1Ja993TT52Ib2UqS9DRnepzioht3q+Ybw5taokaS1vNkpQa8uQrlY10GNxdj0CQn89jHQKMrn1uvvk5FZkYGXc0xgWvA07Ne4vojsRC470AkhO/5oNicJmdAaVG6qT6nEE25CIYU4AEPd+oZYUpDxGEDxHWz0KZjs0n2RcB2pY8PG1mAQ9YQv3LGSVzeZcpvrEixRTD111rQXiL7upOV4lC5LzDlPKqWBGjD5PR6MKLyNbc9jJeGuxTiOYa9AAusEwBSo+7YSS/14VaLOLBZ9TIff7goTlInXlL10fMAElmi61zCB4uVVnqmTS++Hiy54Dz/iSQf7qZOiUFhtjBPNbFM4FhQoPpLXPJ41X2m2HiVPvLHWZC1RgEmlne+b5bMV13zxJZC/ZrJhKoAXJsk+f5JGIl+t3l5U6LBi0tP+5EM6dgt3WpKMi1gN/mynN1MnaSlwifjplrOJvcHgVBcs3xA8DfvvA7S8r+yGaCkhO0opmZstSj6keXN4y6Um+MR7hsljxtDkZYoPAWeCe7bD4YJqA4j9JSHeWlIE780J8soVxm0F6VkE5lvceftuKfSTK273a6z2x/8oEp2UAykJ2RD9tDDv9g//1WMrj2jpzTCgk/dcP/vH0Kzkwsww7uSCLq64HmuzgEgnCsKrxPODwn+oLfezO8Bf3Dsem3zYF4dpvqrRpQQ51JKgTaQp9HqsM06sdX3MI9vCNnx0VobxiN73mIeoeFXl/F+qGZk9HUIHot3nLfGlGuzidMuZmQtMXZYuxoMjwpNX+d01bHGL0Isoa/5ggl3anw5zvz3riFvF4EFxdMc1GLqYUpSpXqBLtNjTK4GNF7DspNN8q6UYJ3Wuv6YOsvKmTZfKY3reSdtJJVjueFcvA3OEgK9Vpzl+IbfAbp4UAp9Mvrc/4MumgtrkSc+t17fv4A5BA/6lp2dT3DmDZL9b5RbuWmYWCwi9C1IiOzfeHb0v3ca62eAfmfcePeI/zFO5pQlFqJg3iCJmahVi9tmfoxfOn9qMn3N0Rfo+P1CvaFJ85wRlJaaqQg5q1Y/zt672MKPoWBsypYVlTXLqaH7RMxCu0O8tD/8Cmu/uFo2mUPnDS4+qBiGjxF5cC2w4myat6DsTi59nmVhXTqvSPb9ncZPANcTRHQ4nz3uBBPY61d2yVzeJEAfHSh+6z8Iw0/WqqQAdYqXvqEcNITX3Wbq7zY2N3PcZS30b1t8DPipFhVbnup83oGz5vvs/TGHInSIQPV3E5v3Iso/HVPmLNsHMpRll1hErX1qUr3UxlGegd0ML2bvb9YTf+ADHDEKI7tW2dAED18Qrgq7EeSBVwTmCJ0DmAQAAAARVhJRroAAABFeGlmAABJSSoACAAAAAYAEgEDAAEAAAABAAAAGgEFAAEAAABWAAAAGwEFAAEAAABeAAAAKAEDAAEAAAACAAAAEwIDAAEAAAABAAAAaYcEAAEAAABmAAAAAAAAAEgAAAABAAAASAAAAAEAAAAGAACQBwAEAAAAMDIxMAGRBwAEAAAAAQIDAACgBwAEAAAAMDEwMAGgAwABAAAA//8AAAKgBAABAAAALAEAAAOgBAABAAAALAEAAAAAAAA=', 'FEMALE', '1992-02-15', '45678901234', '2026-02-15'),
                                                                                                                                                                                               ('10005', 'Carla Mendes', 'carla.m@ipem.sp.gov.br', '$2a$10$YB1lLj/IMXD4Lm0cbAphKumArFegy1hC8yxr0Cm3/n4jm9kAd7rFi', 'TECHNICIAN', '11999990005', 'B', 'AVAILABLE' ,'UklGRpwhAABXRUJQVlA4WAoAAAAYAAAAKwEAKwEAQUxQSIcPAAABwMf/v2nNrb5rr50bq3YnqhnbLCc3qm23MWpkahuxjdqNGt6Gd/KaqHFSxHj2Wuv7+WOeeebBOXuviz8iYgI0tkNsG03ePm6NDee/+5CvH3H6ORcuuv3me7Bt/nnzHQsv/MMpP/3K/m9/2brzVtcSm7YJGtKhiY0mfex6u+73o99eftsEUzeAmfojN1/6i+98+GUvWk2TxtiEIRRiDJK07Lz5Bx572V1m8pJz6lLKuZRibBsXl5xT16VcCpN3d1740322f0ojSU1shk0TgyQ9fsv9T7z2USZNKaVcPClmGo0nLTmllJn0ocuO+sAGq0lS04ZhEmKUpMfudOhf7mbx0qVcbMysNXbJqSssfuuvDtx6ZUmKzdAIMUpq193vl/8AKCkV25g5aGznlArAbae977mSFOOAiFHSKi/7zjUAJeXixZnDxnbJqQD5skO3XE5SbAZBEyWtuseRtwBOqRgzGm1cUgK4/nvbLycphp4XYpCW2+Ww24Gcso0ZqcbOqQA3fXPzIDWxxzVR0rpfvgHIqdg2o9c2LqkAlx+8jqQY+llspFXf8Scgp2JsRraNSzJMnDl/Walp+leU9MJv3AFOxbYZ8badE7DoE/OkEHtVaCW9/OwCKRubsWjjlOHRozeRFHtTaKXl3vo3oCvGZmzauCTg9/MlxV4UWmnVvRdBTsZmzNo4GS57Y5Bi/2mlVfa/HVI2ZiwbpwxXvDFIsd9EaaUDboeu2GZc2zgnuPJNQYr9JQY177sJUsE2Y9w2OcEVu0lN009ClHa7CrqCzdg3zgn+vIXUhh7SSpv8HlLBphfa5AzHryXFvhGlp/wEcsY2PdGGXJj4/Apqmj4RovThe3AyNj3Sxglu2ENq+0OUNroQOmPTM23cwVlrSbEfhKjlvgqpYNNDbXLm4b2ltg9EacfrcQLTT22c4K8vkZqxF7X8d6EzNr3VpnSUg6V2vDXSVtdTMja91ibB+c9RE8ZYK30BOmP6ro07Jt4jteMqRK1zAc7Y9F/bJDhldbXjKUqvf5jO2PRim5K4ZUuFZgy1Cj+AhE1ftqGD/aU4dlo94yJywaZH22Rz2kpqx0totPO9dMb0axt3LHqJ4jhppP0gYdO7DR0TeyiEsRGlw3DGpofbJPi41IyJVo85h1Qw/dymFI6S4lho9bwb6Yz7GjZOnLu62jHQausH6LDp8cYd16+lduRF7QUJm15v0/GvDdSOthD0AcjY9HybRN5J7SgL0gGQsen9Nglepzi6QtACSsFmANpkeIOaURWCFpALZhjaZPiwmtEUgr5ENmYo2hTzMTWjKAR9iWzMcLQp5mOKoydIC8jGDEpTzIcUR9ACsjED0xTzerUjJuoAsjGD0xTYS+1IafUBSsEMUJNhB7UjpNVeUDCDxGQeXVftyGi1NWTMMLVJ3D1PcUREPe8BMmao2nRcu6qakdDoMTeS8HDBpuPPUhgBQTqHDpsBa9PxEzUjoNFhdNgMWtuJ/dTOuVb7kWwzcI3Nq9XOsVY744IZvCbz4DqKcyrqGfeSMQPYJK7+D4U5FBQuIuFhZDqOVjOHon5AhxnGthMfUTtnWr2ebA8lTIGNFedIo3UepmAGs0lct6LC3JAuIGEGtOk4Qs2ciPoCHWZQ2Yk3qp0DUVthe1hhCvc/U82sC1r+ejJmYJvErxVmXdR36TCDyyQ+onaWRe1IsYcXpjCxtppZFbTc9WTMADeJ3yjMqqiv0mEGmUm8U+0sitoI2wxzU/jXExVmj3QhiaGG6Thacda0+jAJM9jtwk6KsyToKfdQBh2ZK6JmadRP6DAD3nTsrXZWRG2CbQadC/9+gsJsCPo9iWGH6fie4iyI2o1sM/Bt/GI1M6fmKjLDj8Tps6DV+0iYwW8XtlWcoaCVbqK4BpD4g8IMtTqADlMB7cyuijMStMrtFNcBMn/VzLban4SpgnZmV8UZCFr1doqpBGQu0Ey22puOWoCd2VFx+rTcIoqpBiR+pzBtUW8luR5gFzZTM13S38hVgcTx0xb1crJNRbTpnq0wPY3OJlEVTeIritPS6IUFuyrgwh2rKUxH1DfoqIwm8W7FaQha9Q6KKwPOXKDpjHoHyfXBhc3VLF3Qn8hUR5P4oeJSNVoX29UBF+5+rMLSRH2ZRI1w4q2KS6PlbqCYCunEbxWWImoXsuuEmXi2wtIcRjJ1IrGv4pSCVr2dUidw5iJNPWoPsmuF4cVqpnYkiVrpxIGKUwha5RaKq0XmHIUpRL2M7Hphumermcp3SKZeJt6ruCS115ArhhNnqVlCo3Wxa0bhX49XmCxqP5KpGM68QnGyoF+SqJnu+MYSgh77D4qrRuZyTR61E8VUDfPI2gqTHUqibjrxWsXFgv5Cdt0g8YNJgh5/N4W66cylWrzRlhRXDsyDz1SQovYn1Y/My9VIjU6sIYnPqZW07LWU6kHiLAUFzXsUVw8XblxeippPMdXDpGcrtDqQrn7gzG6KjY4lUUE6DlErXUZ2/SBxnBo99i4K9dOZyyWtZ1xBKNz1WGlXUhUx+SXSfiSqSOIV0o9IriEkPiz9lkQNdeKbai8nVxESZ+hxt1HqSOZCrTGB60hh0UobUqrJPU+dT64kNs9+dz0pbHYIqZZk/vPrdPXkXUeQqCSJ/U8nuZosOIdMJe34zoXVxImjF1EqCYnTb68qN9eTzAX34HpyEaaeXGj8/6xgKso/cT25+GZKPTnnDlxLEqcspFQSJ864kFxPfvaHakLHt08huY448bmf0lFN9vkKnStJ5q37k2pJ4VVvJ9eTTV5GqSWUddatJoW7nzTvEarJwuVXv5lSRzLnSZeS60jiROkXpCrixJek75BcQ0i8W/owiRrqzI7Sy8iuIjz6AulFHVWkcMcq0mp3UiqIM3+VpAvJrh8kDlPT6Kck6qc79lXbah86V5DCyxUbbU+pHzaPzlMIespD2NUjc1UrSc1lZKpH4mQ1UtRRJFeQgxQX+0ANyWyrRmq0AaV6FO55ioIUtNqtFNcNZ85XkKRGvyJXDhLfVFws6kASddOZ3SZrtDXFVcOF+56qsJi08m0U1wwy52mJjU4jUTPd8TnFyVq9j2TXC7uwnZrJgp6bqRqFW1dRmEzSZeSakThOUUuMOpRExUy8ZSqNtqTYtcLm/qcpLEla7npKtSDzGwVNMep7JGqlE+9TnNr2FLtO2DwyT2Eq0nI3UWpF4ncKmnLUN0l1wk68V3FqjTbHdp3g/qcoTE0Kl5OrBImT1Wgpow4m4fpgZ3ZVXJqgdSZwjSjctKKWvtGZJKqjnfiS4tJFzSfb9YH8fDVLJy27iFIfEr9W0DRGfYJEZbQzeyhOR9C8R7ErQ2HRMpreRkeTcE0wiQMVp2sT7LpQuPepCtOjoN+TcD0wie8papqj5pNdE0x5gZrpknQZuR6YxLGKmvaoN5JwNbDZRM30SeEKMpXQJE5XoxmMeiPJrgQ2m8yMFK4k2zXAJM5QoxmNehOJOmCz6UxJ4QoyHn4mcaoazXDUbpXA+EUzJ+nPZDz0TMcPFTXjUVtQPPTswgPPUJg5NTqehAceHZ9Uq1mx1gS2h5zJ3LiCwmxQq8/TMfASr1XUrAxa4QYyHm4m8XsFzdKoPcgebrbhpWpmixqdRcKDjY4vKWoWrfUwxR5mJrNoOYXZo1Z702EPMduZlylqdv+VxDCj40hFzeqolxRsDy+TuX01hdmlVgfTYQ8t25n5ipr955MYXnQcoahZ3+g5ExQ8rEzmppUUZp9avYeEPaRsm20VNRcbnULHkLLp+Lyi5mTQ6reQ8YAicY7mbKutsO2hZAr3rKFmrqjV15hgKNl0vEet5mzQsv9NwoPIpuNMBc3hqOdNUPAgInHzqnNLrV5LMR4+plDWV9TcjvoCHfbQMc68Wa3metAZdNjDxqbjUEXN+UbLLSQxbGw6fq+RGLXOg2Q8YGw6rllBzShQq+2h4MFik7l3DUWNxlavwwUPFjJsolajstWHyMbDxBR4pVqNzkZfIhkPEVPMG9RqhIagw+iMh4cphQ8paqQG6Qg646FhSubjihqxQTqBznhYmFL4jBqN3EY6hc54SJhSOEghjB410ol0xoPBphT2UxM0ihvpMJLxQLApsI8ajehG+ga5YA8BmwwfUKORHaRDccHufzYZ3qSoER6C9oaM3fdsEsxXq9Ee9QZI2P3OpuPBrdVq1Eft3NFh9zlDxy3PU6vR3+qltzMB7m027rjkCWo1Dls99iI6455mUwqnRbUaj63aEygZu4/ZJPisFDUuo3QQJOz+Zegob1ZoND5D0KvupzPuWTbuuHl9RY3XVmtcTirYfcomm7NWVatx26r9GSTs3mRDB5+QosZvlN46QWfck2xK4s7tFBqN4xD1nEsoGbsP2SQ467FqNa5b6SvQGfceG3ekD0itxneUtruJnLH7jU2Cvz5PodE4D61W/DF0xu4vNqWDT0mtxn2UXnYTTtg9xcYJLllPihr/IWr5b0JXsPuITU48uq/Uqh9GaZOLoTN237BxB2evLUX1xRClj96Hk7H7hI0T3LiX1KpPRunJP4GUsd0XbEiFic+toKZRz2yljf4AqWD3A0POcNzaUlT/DFHa/SroCvb4M+QEf95KaoN6aRMU3n0zpILtcWabnOBvu0tNo94apRX3uRW6jO1xZeOcYOGbpBDVa6O04t63QMrG48k4Zbj6bY0U1XdDK630wWshJ2OPGxsnw8WvbaSoPhxaaZk3XwykYuzxYePSAb99haSo3txK2vmMAikbezzYOGV48LANJUX16ijp+V+9HUjFtkedbecEXHvg06QmqnfHRlrlLX8CcirGHl02LqnAI2fMb6XYqJc3UdKLFlwP5FRsewTZxiUV4L8OWFNSG9TbQwzSci//6V1ATtnGHiU2dk4FuOEbG0tqonp+EyWtttsxtwJOqRh7NNi4pARw3be2WUZSDBqCMUpaeYdvXw2QUy628VwytktKBtIlCzZbVlJsNBhDjJLi+h/7xd0AJaVsG88FY5fcZQPcctJ715akGDUwQ9NK0mo7feZ3d7J46VIuNvZssbFL7pJZ/O9nf2zzFSSpbTRMmzZI0uM23Pfwqx5k0pxSysWT46UznjynlFJm0nv++sN3vGgVSWraoCEbYmwkaZkn7PSh71944wSTu+SUui7lUoqXWErJqetSyoUlPnj9uV9+36arafEYGw3h0MSoSdsX7fTm75z55xseZsYfWPi7U7+05w7rNJq0jU3QkA6xbbTEVdZ4zoav3W/BN757wu+uWnjzv++/7/7777v/X39fePkvj/vONz7/0d1e+uxnLK8lxrYJGtsAVlA4ICwRAACQVACdASosASwBPnU6mEkkoyKhIXQKQJAOiU3fj5L7FAMAAdoAl9xL/uv8v/r/+x8QaknTv7P+uH94/an51qj/NPv5zdNZecf4j+j/8P+//kz2jv0P/rPcA/hv8f/4v9l/y/sAf4D2KeYD9e/2795X/Xepv/Bf6z8gPkE/rX+D/+nYKegJ+6npu/u/8JX9e/5v7hfAh+yH///f/4AP//7anS79Nv8H+M3fn/mOW7mAUl+IXez8Z9QL8d/o3+p3ncAH51/Vu+41EYqLwb/Of1d+AD9Eeg9ne+pfYL/mnUW/cb2Uf2AGtoWL3U3QnwLFK6K+wru7nNR5t0aAJ3e6KEBXIHa+Lczo0oKplw0knCZOPRrvPHJ9Fq84q5NiRClgDKrfcwBkBxLBLcU4nVUFNmrJicG4HZcDe7uPRQQB3uYLCmpKf1YncT6vGd4yfW071NZP+W23Ob4/aNubEpFvdlOaIgCk/NeiTI1q33I46K+5iHNCSvbTcvRAIM2OizYx0Ug+bQCQwpJ2UKDYlnResIZXBEtJikmAp7K0josWKUC8D9UFGbYYMQe5Ht8UnResJYpTnnSPR0kmLaoVoIn5Ko6K/r4pZpxceUg1K//ySTO7v00FYMa1qUv30oeXBQy4ELFwPTSD/w64SfNn16Nb9x/Tfwk+cHhzMpezzaNMV21YJF+bVBR3ng9sSefzSgjW7FzP7AsKOFTV8zYCEuP6NJJwlkgRu8zmY4iH7LWSdBBot7Q2hmLS22k1/+jFl3+GS7u7u5vSQoSfsnstQj+Gd56frybYS1vm9qnLJxhsWYMQslke3q2dV7lu+kP71efKY9l/QlHZhMKCVY05k3aoQ3pKf2higcRO1P9SlgiszDNGKqkPgTonj7bnlD7Lk7f2rh/yHKjlr/9v3zvhhawAAP71XN6ynJZNsD/k0h3t4MpSCniX0TrCPY1m0OR2b/nxF7KCStJLlElgDcH/vrNlLvCO/YjoElfzpe6k3aJ23ma6MFi6aJeXMSfb+KjkdAWtTj7d/rAO85rXL06lX/25A+nxEUaUL/6L7lakquvuuH/74Hw9CkNwF4IrPAPaaZjQ3gHJ7px29s2r/azjGMOxdQlAR92iIpVqdIy4PT2zrj3tc7ETZf0ZHmXGvTpbsQNR12bneG6vVm++q256Q6WIEf3gAAAMUZrR/YgtdvbIIvBC2DbP/qSnNjbXhbUYDLfhtCqzm1eAFvR9Y9IeYluZlxuu+S998/kAILPV0ygWixulf7+EtZKmfwlrLy+VqAG8mJknyU83CEdu90gegd7F4KhYAZ09LfitvzGPY2pzu6xFOZU7n1YxNAYssmVkIN5f/ZtbOw4lvWjdW3ZUKe1JEZ6IsWpGhusVkNbONzrKktYEBX+TxgSUyCrR/066aqa4tsqLuRY3b2qfBSAE0UYBrC/OvjSOJAhDNuJIrTQESaut18LN5/6DQy9g+HTQ37BC6+DODvFGDqYiBL3NmjZBxrdNo9U9GPPJQdtLy8Fbxg3KyRY3Ir34HUH4xyB/zlGr7r/pRcNXABEyBseAMZxzSxOLnEyKlBvWRmseAGmqzxJkgUKGs4IyEoJB0thXZDTeylpNCdFgDU94q2J+dhxNyogn0IMQu+wDxww2GCw/gXjvD3s1fNUqDBL6hr4j5IHgp0foygCduuPHXGSU1x0f2bbn2DE8+Lfpol3lalVqtOlo4GT1gZUBWa3fw2PnlYeaj1L/E3l3moblN+qgrxaAUVWBQmSpEPt59l4ZQP/qZOBIDbCZ8VHQS8hJ0k1k2+l9J3+v8z9N/GlgMt+p+iDqlx2hJ3V3Vq6yezmDRvR3iKEfTUctLCJPw1n3U4RGYz4tY9P1b1uHlae9PqtZFpIB2PGJibC4seQNfsmKA0mbrR/7+kGju4BPMM1BdceuOZxghP+vl+OrzVpRbp4H7zd3C94F2WG61CV1GcVHhaohB9+N/E8MeGwf6ZiVEQu7XyAAHShUjYHmz8D1j0mlIhI+tK12GHRsh25FVn94q6hdEs4ymzgTovxzU3TLFf/PgF2U+vfKHxX3//vqRJFY3jxEB8rwmr5N+dp3crpSgtFWslIUf/YyhbcU+4HFPb7+zH7fp+dqBsAzNd1dmaANc0jAPZCYCk8DpOatqrgjJLWvE+EfCXhT9b3AwJ44REKnBr1bW1ta8CRnzj/RQ3nfu2zg1OAVHE3U6W+W7U6hH8tIaHAW8o2/KnkERwnbPi/8slfSiEmtiVw9kf2A497/gRvgO/uuMFf+uTQM+xkLFc8MWSJA+KWaTrlvPVxVZPDBMkntrG5AzUqx39ak3mTyUDmIUvpiKIhheislwouCbZ1zedqX4cjAGoOQbPsNJD5KqzwTIdL6S9psf1Y+22NmRhKpfl9wiJXVKbVgt6KZ42vRXLSpQPs+LLHji9nE/VOXxjf5zEEHj7jQDsPsabkUHExxFD8mj/fkYkfjzEOCjLhgAFwB8VM56ye67SeD5YJp3eLs+17zLEw5yqIdZLPvJ4/jyTpILbjGedjXHqAgePAiYipK+s8UBWKEqEYJN/bEv9m958tSWA/7RwAAhc4a94xfc6jVhILdaX1qZZMQvaQf+NMpycRYsMEBCuh2hUrrG9I3v6w3ja9opB+4vfTXS3AMkz0Y7AOz1V+0BOW7ulBA3YILsJ5//OGREuxoBbhGoVlW6T6NE6+XO+b+e0zZvqXnR+IbgdaQg4Z4UC/KXBNkP9MjJSWhz4i0GlPlR15RIX/V+a+99MeVHgHBxHM11Ag5bErJUjy3wcrBAbMftmF/WVR+x+yxQLhfTLwICMl/t+23BQb7dVloalJn5DEONfU5eOmS/OSfvsz29t4l6rkBOG715M1yWRKgmvvOv1g5r40U2mcRraI/AMJdJ+40U3ZKpR4eoKnGcVQ13/DM3D+6WJhYh7DBOHJBcIxoe2FEB2+FfpIOJVO7A1HcbsEEO670mS/UgZo8fBNOdg/XJZ+PD6lM9ItgQ8uA5hed91Wr08MELf6wAISLnaf4DUm4OPtdfgOjjwmTZBfdEJ41qLhBUiUmRecOuPPYdv/+9JhqlzkHpn29yGmSHxna2J4VUqOGJ6P0aMHvX7jlHehquxcX3mr3vNrCT9BXXAz5K4hof1xv9e1LElp1cMlvD+zDhw7LkIeSexDVkJ+G5MeJSau8NGREnqU36j/LXjqueg7zJZiI6g5NFxDPhs3wLxAcpR2n1Ch6jXEoheCGHALrpMV4o/vTt5ALuFC5cL6E7XbjPtA73KXXaLNDhHjkXLn0nRU2JlhtTa/+EUPU9tZqRAf5viCMDh7cZZe47H+8dp5WyGjJeuOPNowRgCfoBkWct8HbG5n7dqzd3RtsL1Esvvjev6iY4/irxrp0RPIpkaXtg5JDfUof6B2z2M9SkAP2eAQfmS8uJs3AlhZSnCItiNzcA/wKdicXFm/WMAB4U8wh7KcYE7iJ3gXZDHNBX+tVr4kC2VAFrUSVBUhS/8HvnIaslPg4d5DDoHLPBoqMxOEF2ZAF75vLaSGhm3/AirTxPEfza24ke79AaHSCO6VDT2ei9Yg+tWn+BmqcTAK0v1GB4Yppii038Jo+eviK8ocQaNzuvWMC8eWdn8Nus3vS/Ze+yqErQQuo+BrFlAIGp+hBlfmOlSKTUpkzwAADAGyOib7doRY+SBQ5JQCwwmE4w6H0+1AVhojrNrnIjahEGsMt8QTSr6kke/ez85Rqm1gKtOaD+cMQ/7PdFt+kyqDpPpsPxMP60z6zDY010eXdnaCX5PDu5KCKRKZqX2fsmdB/XsKpyzqjfFRXc4V1UqWMmmnZ6wvKLwSz9QJ7R1DPGcXP4c4izN9AjBWeTZAoz69IDSTq09RjKhD68y9BzfaAjthjy1AWXvBh2yvthX3TAzfh5JmnYOGCJP+z9N3mQcD0z6IcLWhgRhaOaweahGYknG0wxJ3PPppceic4wPgDGYChxEbVF35rNIEAPraMnA/RXFOsckBAjSGHiAp335mY2SjX2lk6onsYTHMPIKpfLHISzlhS8A0/TUaTMSAa63qXo7mNUcAAAIMkD6Zu1E8gI+huHivHTelkuBgBEnAnZ8VXuMWr3HMn+XY2YIZwEPdedj01Kx8JpSGO+dNjh4NC/FNXqTkAIPJPc5t7KTqGpVAbdVLZ27K9iq8W4FXKfyw1WqyzxUEEqlHfkLvWj2x0LazhXilNSyqStmnNPqjD5x+p+f/3OREqdSIALPPB8c2msB3NrwM8p76x1M2v5fAneB0NLHiezTz4Hdn4R9SgYSgqSeb3vteRxY27oL0ZuaYzbs0cPI1knO4p+KQlmz6IMT7k6sZzPjiQZ5sda/Pw2D8ATNk33D+x5uAi7rC6BzMcUo6oxuQwkgBqdtHVZ2FIMSsliCN4yXrtfYNlhfVzcxkHX7Y+iKg3WQB/Zi7uw7e54HPGCdt9XIQoDO6AToaJ6cz7QaOH6KqPLfvqp266KXP1Ca6y1zsi7jRvyNfsWBCShyRqELe2GGOE2vLrsJCI22wAs1Ja993TT52Ib2UqS9DRnepzioht3q+Ybw5taokaS1vNkpQa8uQrlY10GNxdj0CQn89jHQKMrn1uvvk5FZkYGXc0xgWvA07Ne4vojsRC470AkhO/5oNicJmdAaVG6qT6nEE25CIYU4AEPd+oZYUpDxGEDxHWz0KZjs0n2RcB2pY8PG1mAQ9YQv3LGSVzeZcpvrEixRTD111rQXiL7upOV4lC5LzDlPKqWBGjD5PR6MKLyNbc9jJeGuxTiOYa9AAusEwBSo+7YSS/14VaLOLBZ9TIff7goTlInXlL10fMAElmi61zCB4uVVnqmTS++Hiy54Dz/iSQf7qZOiUFhtjBPNbFM4FhQoPpLXPJ41X2m2HiVPvLHWZC1RgEmlne+b5bMV13zxJZC/ZrJhKoAXJsk+f5JGIl+t3l5U6LBi0tP+5EM6dgt3WpKMi1gN/mynN1MnaSlwifjplrOJvcHgVBcs3xA8DfvvA7S8r+yGaCkhO0opmZstSj6keXN4y6Um+MR7hsljxtDkZYoPAWeCe7bD4YJqA4j9JSHeWlIE780J8soVxm0F6VkE5lvceftuKfSTK273a6z2x/8oEp2UAykJ2RD9tDDv9g//1WMrj2jpzTCgk/dcP/vH0Kzkwsww7uSCLq64HmuzgEgnCsKrxPODwn+oLfezO8Bf3Dsem3zYF4dpvqrRpQQ51JKgTaQp9HqsM06sdX3MI9vCNnx0VobxiN73mIeoeFXl/F+qGZk9HUIHot3nLfGlGuzidMuZmQtMXZYuxoMjwpNX+d01bHGL0Isoa/5ggl3anw5zvz3riFvF4EFxdMc1GLqYUpSpXqBLtNjTK4GNF7DspNN8q6UYJ3Wuv6YOsvKmTZfKY3reSdtJJVjueFcvA3OEgK9Vpzl+IbfAbp4UAp9Mvrc/4MumgtrkSc+t17fv4A5BA/6lp2dT3DmDZL9b5RbuWmYWCwi9C1IiOzfeHb0v3ca62eAfmfcePeI/zFO5pQlFqJg3iCJmahVi9tmfoxfOn9qMn3N0Rfo+P1CvaFJ85wRlJaaqQg5q1Y/zt672MKPoWBsypYVlTXLqaH7RMxCu0O8tD/8Cmu/uFo2mUPnDS4+qBiGjxF5cC2w4myat6DsTi59nmVhXTqvSPb9ncZPANcTRHQ4nz3uBBPY61d2yVzeJEAfHSh+6z8Iw0/WqqQAdYqXvqEcNITX3Wbq7zY2N3PcZS30b1t8DPipFhVbnup83oGz5vvs/TGHInSIQPV3E5v3Iso/HVPmLNsHMpRll1hErX1qUr3UxlGegd0ML2bvb9YTf+ADHDEKI7tW2dAED18Qrgq7EeSBVwTmCJ0DmAQAAAARVhJRroAAABFeGlmAABJSSoACAAAAAYAEgEDAAEAAAABAAAAGgEFAAEAAABWAAAAGwEFAAEAAABeAAAAKAEDAAEAAAACAAAAEwIDAAEAAAABAAAAaYcEAAEAAABmAAAAAAAAAEgAAAABAAAASAAAAAEAAAAGAACQBwAEAAAAMDIxMAGRBwAEAAAAAQIDAACgBwAEAAAAMDEwMAGgAwABAAAA//8AAAKgBAABAAAALAEAAAOgBAABAAAALAEAAAAAAAA=', 'FEMALE', '1987-07-30', '56789012345', '2030-07-30'),
                                                                                                                                                                                               ('10006', 'Eduardo Alves', 'eduardo.alves@ipem.sp.gov.br', '$2a$10$YB1lLj/IMXD4Lm0cbAphKumArFegy1hC8yxr0Cm3/n4jm9kAd7rFi', 'ADMINISTRATOR', '11999990006', 'B', 'AVAILABLE' ,'UklGRpwhAABXRUJQVlA4WAoAAAAYAAAAKwEAKwEAQUxQSIcPAAABwMf/v2nNrb5rr50bq3YnqhnbLCc3qm23MWpkahuxjdqNGt6Gd/KaqHFSxHj2Wuv7+WOeeebBOXuviz8iYgI0tkNsG03ePm6NDee/+5CvH3H6ORcuuv3me7Bt/nnzHQsv/MMpP/3K/m9/2brzVtcSm7YJGtKhiY0mfex6u+73o99eftsEUzeAmfojN1/6i+98+GUvWk2TxtiEIRRiDJK07Lz5Bx572V1m8pJz6lLKuZRibBsXl5xT16VcCpN3d1740322f0ojSU1shk0TgyQ9fsv9T7z2USZNKaVcPClmGo0nLTmllJn0ocuO+sAGq0lS04ZhEmKUpMfudOhf7mbx0qVcbMysNXbJqSssfuuvDtx6ZUmKzdAIMUpq193vl/8AKCkV25g5aGznlArAbae977mSFOOAiFHSKi/7zjUAJeXixZnDxnbJqQD5skO3XE5SbAZBEyWtuseRtwBOqRgzGm1cUgK4/nvbLycphp4XYpCW2+Ww24Gcso0ZqcbOqQA3fXPzIDWxxzVR0rpfvgHIqdg2o9c2LqkAlx+8jqQY+llspFXf8Scgp2JsRraNSzJMnDl/Walp+leU9MJv3AFOxbYZ8badE7DoE/OkEHtVaCW9/OwCKRubsWjjlOHRozeRFHtTaKXl3vo3oCvGZmzauCTg9/MlxV4UWmnVvRdBTsZmzNo4GS57Y5Bi/2mlVfa/HVI2ZiwbpwxXvDFIsd9EaaUDboeu2GZc2zgnuPJNQYr9JQY177sJUsE2Y9w2OcEVu0lN009ClHa7CrqCzdg3zgn+vIXUhh7SSpv8HlLBphfa5AzHryXFvhGlp/wEcsY2PdGGXJj4/Apqmj4RovThe3AyNj3Sxglu2ENq+0OUNroQOmPTM23cwVlrSbEfhKjlvgqpYNNDbXLm4b2ltg9EacfrcQLTT22c4K8vkZqxF7X8d6EzNr3VpnSUg6V2vDXSVtdTMja91ibB+c9RE8ZYK30BOmP6ro07Jt4jteMqRK1zAc7Y9F/bJDhldbXjKUqvf5jO2PRim5K4ZUuFZgy1Cj+AhE1ftqGD/aU4dlo94yJywaZH22Rz2kpqx0totPO9dMb0axt3LHqJ4jhppP0gYdO7DR0TeyiEsRGlw3DGpofbJPi41IyJVo85h1Qw/dymFI6S4lho9bwb6Yz7GjZOnLu62jHQausH6LDp8cYd16+lduRF7QUJm15v0/GvDdSOthD0AcjY9HybRN5J7SgL0gGQsen9Nglepzi6QtACSsFmANpkeIOaURWCFpALZhjaZPiwmtEUgr5ENmYo2hTzMTWjKAR9iWzMcLQp5mOKoydIC8jGDEpTzIcUR9ACsjED0xTzerUjJuoAsjGD0xTYS+1IafUBSsEMUJNhB7UjpNVeUDCDxGQeXVftyGi1NWTMMLVJ3D1PcUREPe8BMmao2nRcu6qakdDoMTeS8HDBpuPPUhgBQTqHDpsBa9PxEzUjoNFhdNgMWtuJ/dTOuVb7kWwzcI3Nq9XOsVY744IZvCbz4DqKcyrqGfeSMQPYJK7+D4U5FBQuIuFhZDqOVjOHon5AhxnGthMfUTtnWr2ebA8lTIGNFedIo3UepmAGs0lct6LC3JAuIGEGtOk4Qs2ciPoCHWZQ2Yk3qp0DUVthe1hhCvc/U82sC1r+ejJmYJvErxVmXdR36TCDyyQ+onaWRe1IsYcXpjCxtppZFbTc9WTMADeJ3yjMqqiv0mEGmUm8U+0sitoI2wxzU/jXExVmj3QhiaGG6Thacda0+jAJM9jtwk6KsyToKfdQBh2ZK6JmadRP6DAD3nTsrXZWRG2CbQadC/9+gsJsCPo9iWGH6fie4iyI2o1sM/Bt/GI1M6fmKjLDj8Tps6DV+0iYwW8XtlWcoaCVbqK4BpD4g8IMtTqADlMB7cyuijMStMrtFNcBMn/VzLban4SpgnZmV8UZCFr1doqpBGQu0Ey22puOWoCd2VFx+rTcIoqpBiR+pzBtUW8luR5gFzZTM13S38hVgcTx0xb1crJNRbTpnq0wPY3OJlEVTeIritPS6IUFuyrgwh2rKUxH1DfoqIwm8W7FaQha9Q6KKwPOXKDpjHoHyfXBhc3VLF3Qn8hUR5P4oeJSNVoX29UBF+5+rMLSRH2ZRI1w4q2KS6PlbqCYCunEbxWWImoXsuuEmXi2wtIcRjJ1IrGv4pSCVr2dUidw5iJNPWoPsmuF4cVqpnYkiVrpxIGKUwha5RaKq0XmHIUpRL2M7Hphumermcp3SKZeJt6ruCS115ArhhNnqVlCo3Wxa0bhX49XmCxqP5KpGM68QnGyoF+SqJnu+MYSgh77D4qrRuZyTR61E8VUDfPI2gqTHUqibjrxWsXFgv5Cdt0g8YNJgh5/N4W66cylWrzRlhRXDsyDz1SQovYn1Y/My9VIjU6sIYnPqZW07LWU6kHiLAUFzXsUVw8XblxeippPMdXDpGcrtDqQrn7gzG6KjY4lUUE6DlErXUZ2/SBxnBo99i4K9dOZyyWtZ1xBKNz1WGlXUhUx+SXSfiSqSOIV0o9IriEkPiz9lkQNdeKbai8nVxESZ+hxt1HqSOZCrTGB60hh0UobUqrJPU+dT64kNs9+dz0pbHYIqZZk/vPrdPXkXUeQqCSJ/U8nuZosOIdMJe34zoXVxImjF1EqCYnTb68qN9eTzAX34HpyEaaeXGj8/6xgKso/cT25+GZKPTnnDlxLEqcspFQSJ864kFxPfvaHakLHt08huY448bmf0lFN9vkKnStJ5q37k2pJ4VVvJ9eTTV5GqSWUddatJoW7nzTvEarJwuVXv5lSRzLnSZeS60jiROkXpCrixJek75BcQ0i8W/owiRrqzI7Sy8iuIjz6AulFHVWkcMcq0mp3UiqIM3+VpAvJrh8kDlPT6Kck6qc79lXbah86V5DCyxUbbU+pHzaPzlMIespD2NUjc1UrSc1lZKpH4mQ1UtRRJFeQgxQX+0ANyWyrRmq0AaV6FO55ioIUtNqtFNcNZ85XkKRGvyJXDhLfVFws6kASddOZ3SZrtDXFVcOF+56qsJi08m0U1wwy52mJjU4jUTPd8TnFyVq9j2TXC7uwnZrJgp6bqRqFW1dRmEzSZeSakThOUUuMOpRExUy8ZSqNtqTYtcLm/qcpLEla7npKtSDzGwVNMep7JGqlE+9TnNr2FLtO2DwyT2Eq0nI3UWpF4ncKmnLUN0l1wk68V3FqjTbHdp3g/qcoTE0Kl5OrBImT1Wgpow4m4fpgZ3ZVXJqgdSZwjSjctKKWvtGZJKqjnfiS4tJFzSfb9YH8fDVLJy27iFIfEr9W0DRGfYJEZbQzeyhOR9C8R7ErQ2HRMpreRkeTcE0wiQMVp2sT7LpQuPepCtOjoN+TcD0wie8papqj5pNdE0x5gZrpknQZuR6YxLGKmvaoN5JwNbDZRM30SeEKMpXQJE5XoxmMeiPJrgQ2m8yMFK4k2zXAJM5QoxmNehOJOmCz6UxJ4QoyHn4mcaoazXDUbpXA+EUzJ+nPZDz0TMcPFTXjUVtQPPTswgPPUJg5NTqehAceHZ9Uq1mx1gS2h5zJ3LiCwmxQq8/TMfASr1XUrAxa4QYyHm4m8XsFzdKoPcgebrbhpWpmixqdRcKDjY4vKWoWrfUwxR5mJrNoOYXZo1Z702EPMduZlylqdv+VxDCj40hFzeqolxRsDy+TuX01hdmlVgfTYQ8t25n5ipr955MYXnQcoahZ3+g5ExQ8rEzmppUUZp9avYeEPaRsm20VNRcbnULHkLLp+Lyi5mTQ6reQ8YAicY7mbKutsO2hZAr3rKFmrqjV15hgKNl0vEet5mzQsv9NwoPIpuNMBc3hqOdNUPAgInHzqnNLrV5LMR4+plDWV9TcjvoCHfbQMc68Wa3metAZdNjDxqbjUEXN+UbLLSQxbGw6fq+RGLXOg2Q8YGw6rllBzShQq+2h4MFik7l3DUWNxlavwwUPFjJsolajstWHyMbDxBR4pVqNzkZfIhkPEVPMG9RqhIagw+iMh4cphQ8paqQG6Qg646FhSubjihqxQTqBznhYmFL4jBqN3EY6hc54SJhSOEghjB410ol0xoPBphT2UxM0ihvpMJLxQLApsI8ajehG+ga5YA8BmwwfUKORHaRDccHufzYZ3qSoER6C9oaM3fdsEsxXq9Ee9QZI2P3OpuPBrdVq1Eft3NFh9zlDxy3PU6vR3+qltzMB7m027rjkCWo1Dls99iI6455mUwqnRbUaj63aEygZu4/ZJPisFDUuo3QQJOz+Zegob1ZoND5D0KvupzPuWTbuuHl9RY3XVmtcTirYfcomm7NWVatx26r9GSTs3mRDB5+QosZvlN46QWfck2xK4s7tFBqN4xD1nEsoGbsP2SQ467FqNa5b6SvQGfceG3ekD0itxneUtruJnLH7jU2Cvz5PodE4D61W/DF0xu4vNqWDT0mtxn2UXnYTTtg9xcYJLllPihr/IWr5b0JXsPuITU48uq/Uqh9GaZOLoTN237BxB2evLUX1xRClj96Hk7H7hI0T3LiX1KpPRunJP4GUsd0XbEiFic+toKZRz2yljf4AqWD3A0POcNzaUlT/DFHa/SroCvb4M+QEf95KaoN6aRMU3n0zpILtcWabnOBvu0tNo94apRX3uRW6jO1xZeOcYOGbpBDVa6O04t63QMrG48k4Zbj6bY0U1XdDK630wWshJ2OPGxsnw8WvbaSoPhxaaZk3XwykYuzxYePSAb99haSo3txK2vmMAikbezzYOGV48LANJUX16ijp+V+9HUjFtkedbecEXHvg06QmqnfHRlrlLX8CcirGHl02LqnAI2fMb6XYqJc3UdKLFlwP5FRsewTZxiUV4L8OWFNSG9TbQwzSci//6V1ATtnGHiU2dk4FuOEbG0tqonp+EyWtttsxtwJOqRh7NNi4pARw3be2WUZSDBqCMUpaeYdvXw2QUy628VwytktKBtIlCzZbVlJsNBhDjJLi+h/7xd0AJaVsG88FY5fcZQPcctJ715akGDUwQ9NK0mo7feZ3d7J46VIuNvZssbFL7pJZ/O9nf2zzFSSpbTRMmzZI0uM23Pfwqx5k0pxSysWT46UznjynlFJm0nv++sN3vGgVSWraoCEbYmwkaZkn7PSh71944wSTu+SUui7lUoqXWErJqetSyoUlPnj9uV9+36arafEYGw3h0MSoSdsX7fTm75z55xseZsYfWPi7U7+05w7rNJq0jU3QkA6xbbTEVdZ4zoav3W/BN757wu+uWnjzv++/7/7777v/X39fePkvj/vONz7/0d1e+uxnLK8lxrYJGtsAVlA4ICwRAACQVACdASosASwBPnU6mEkkoyKhIXQKQJAOiU3fj5L7FAMAAdoAl9xL/uv8v/r/+x8QaknTv7P+uH94/an51qj/NPv5zdNZecf4j+j/8P+//kz2jv0P/rPcA/hv8f/4v9l/y/sAf4D2KeYD9e/2795X/Xepv/Bf6z8gPkE/rX+D/+nYKegJ+6npu/u/8JX9e/5v7hfAh+yH///f/4AP//7anS79Nv8H+M3fn/mOW7mAUl+IXez8Z9QL8d/o3+p3ncAH51/Vu+41EYqLwb/Of1d+AD9Eeg9ne+pfYL/mnUW/cb2Uf2AGtoWL3U3QnwLFK6K+wru7nNR5t0aAJ3e6KEBXIHa+Lczo0oKplw0knCZOPRrvPHJ9Fq84q5NiRClgDKrfcwBkBxLBLcU4nVUFNmrJicG4HZcDe7uPRQQB3uYLCmpKf1YncT6vGd4yfW071NZP+W23Ob4/aNubEpFvdlOaIgCk/NeiTI1q33I46K+5iHNCSvbTcvRAIM2OizYx0Ug+bQCQwpJ2UKDYlnResIZXBEtJikmAp7K0josWKUC8D9UFGbYYMQe5Ht8UnResJYpTnnSPR0kmLaoVoIn5Ko6K/r4pZpxceUg1K//ySTO7v00FYMa1qUv30oeXBQy4ELFwPTSD/w64SfNn16Nb9x/Tfwk+cHhzMpezzaNMV21YJF+bVBR3ng9sSefzSgjW7FzP7AsKOFTV8zYCEuP6NJJwlkgRu8zmY4iH7LWSdBBot7Q2hmLS22k1/+jFl3+GS7u7u5vSQoSfsnstQj+Gd56frybYS1vm9qnLJxhsWYMQslke3q2dV7lu+kP71efKY9l/QlHZhMKCVY05k3aoQ3pKf2higcRO1P9SlgiszDNGKqkPgTonj7bnlD7Lk7f2rh/yHKjlr/9v3zvhhawAAP71XN6ynJZNsD/k0h3t4MpSCniX0TrCPY1m0OR2b/nxF7KCStJLlElgDcH/vrNlLvCO/YjoElfzpe6k3aJ23ma6MFi6aJeXMSfb+KjkdAWtTj7d/rAO85rXL06lX/25A+nxEUaUL/6L7lakquvuuH/74Hw9CkNwF4IrPAPaaZjQ3gHJ7px29s2r/azjGMOxdQlAR92iIpVqdIy4PT2zrj3tc7ETZf0ZHmXGvTpbsQNR12bneG6vVm++q256Q6WIEf3gAAAMUZrR/YgtdvbIIvBC2DbP/qSnNjbXhbUYDLfhtCqzm1eAFvR9Y9IeYluZlxuu+S998/kAILPV0ygWixulf7+EtZKmfwlrLy+VqAG8mJknyU83CEdu90gegd7F4KhYAZ09LfitvzGPY2pzu6xFOZU7n1YxNAYssmVkIN5f/ZtbOw4lvWjdW3ZUKe1JEZ6IsWpGhusVkNbONzrKktYEBX+TxgSUyCrR/066aqa4tsqLuRY3b2qfBSAE0UYBrC/OvjSOJAhDNuJIrTQESaut18LN5/6DQy9g+HTQ37BC6+DODvFGDqYiBL3NmjZBxrdNo9U9GPPJQdtLy8Fbxg3KyRY3Ir34HUH4xyB/zlGr7r/pRcNXABEyBseAMZxzSxOLnEyKlBvWRmseAGmqzxJkgUKGs4IyEoJB0thXZDTeylpNCdFgDU94q2J+dhxNyogn0IMQu+wDxww2GCw/gXjvD3s1fNUqDBL6hr4j5IHgp0foygCduuPHXGSU1x0f2bbn2DE8+Lfpol3lalVqtOlo4GT1gZUBWa3fw2PnlYeaj1L/E3l3moblN+qgrxaAUVWBQmSpEPt59l4ZQP/qZOBIDbCZ8VHQS8hJ0k1k2+l9J3+v8z9N/GlgMt+p+iDqlx2hJ3V3Vq6yezmDRvR3iKEfTUctLCJPw1n3U4RGYz4tY9P1b1uHlae9PqtZFpIB2PGJibC4seQNfsmKA0mbrR/7+kGju4BPMM1BdceuOZxghP+vl+OrzVpRbp4H7zd3C94F2WG61CV1GcVHhaohB9+N/E8MeGwf6ZiVEQu7XyAAHShUjYHmz8D1j0mlIhI+tK12GHRsh25FVn94q6hdEs4ymzgTovxzU3TLFf/PgF2U+vfKHxX3//vqRJFY3jxEB8rwmr5N+dp3crpSgtFWslIUf/YyhbcU+4HFPb7+zH7fp+dqBsAzNd1dmaANc0jAPZCYCk8DpOatqrgjJLWvE+EfCXhT9b3AwJ44REKnBr1bW1ta8CRnzj/RQ3nfu2zg1OAVHE3U6W+W7U6hH8tIaHAW8o2/KnkERwnbPi/8slfSiEmtiVw9kf2A497/gRvgO/uuMFf+uTQM+xkLFc8MWSJA+KWaTrlvPVxVZPDBMkntrG5AzUqx39ak3mTyUDmIUvpiKIhheislwouCbZ1zedqX4cjAGoOQbPsNJD5KqzwTIdL6S9psf1Y+22NmRhKpfl9wiJXVKbVgt6KZ42vRXLSpQPs+LLHji9nE/VOXxjf5zEEHj7jQDsPsabkUHExxFD8mj/fkYkfjzEOCjLhgAFwB8VM56ye67SeD5YJp3eLs+17zLEw5yqIdZLPvJ4/jyTpILbjGedjXHqAgePAiYipK+s8UBWKEqEYJN/bEv9m958tSWA/7RwAAhc4a94xfc6jVhILdaX1qZZMQvaQf+NMpycRYsMEBCuh2hUrrG9I3v6w3ja9opB+4vfTXS3AMkz0Y7AOz1V+0BOW7ulBA3YILsJ5//OGREuxoBbhGoVlW6T6NE6+XO+b+e0zZvqXnR+IbgdaQg4Z4UC/KXBNkP9MjJSWhz4i0GlPlR15RIX/V+a+99MeVHgHBxHM11Ag5bErJUjy3wcrBAbMftmF/WVR+x+yxQLhfTLwICMl/t+23BQb7dVloalJn5DEONfU5eOmS/OSfvsz29t4l6rkBOG715M1yWRKgmvvOv1g5r40U2mcRraI/AMJdJ+40U3ZKpR4eoKnGcVQ13/DM3D+6WJhYh7DBOHJBcIxoe2FEB2+FfpIOJVO7A1HcbsEEO670mS/UgZo8fBNOdg/XJZ+PD6lM9ItgQ8uA5hed91Wr08MELf6wAISLnaf4DUm4OPtdfgOjjwmTZBfdEJ41qLhBUiUmRecOuPPYdv/+9JhqlzkHpn29yGmSHxna2J4VUqOGJ6P0aMHvX7jlHehquxcX3mr3vNrCT9BXXAz5K4hof1xv9e1LElp1cMlvD+zDhw7LkIeSexDVkJ+G5MeJSau8NGREnqU36j/LXjqueg7zJZiI6g5NFxDPhs3wLxAcpR2n1Ch6jXEoheCGHALrpMV4o/vTt5ALuFC5cL6E7XbjPtA73KXXaLNDhHjkXLn0nRU2JlhtTa/+EUPU9tZqRAf5viCMDh7cZZe47H+8dp5WyGjJeuOPNowRgCfoBkWct8HbG5n7dqzd3RtsL1Esvvjev6iY4/irxrp0RPIpkaXtg5JDfUof6B2z2M9SkAP2eAQfmS8uJs3AlhZSnCItiNzcA/wKdicXFm/WMAB4U8wh7KcYE7iJ3gXZDHNBX+tVr4kC2VAFrUSVBUhS/8HvnIaslPg4d5DDoHLPBoqMxOEF2ZAF75vLaSGhm3/AirTxPEfza24ke79AaHSCO6VDT2ei9Yg+tWn+BmqcTAK0v1GB4Yppii038Jo+eviK8ocQaNzuvWMC8eWdn8Nus3vS/Ze+yqErQQuo+BrFlAIGp+hBlfmOlSKTUpkzwAADAGyOib7doRY+SBQ5JQCwwmE4w6H0+1AVhojrNrnIjahEGsMt8QTSr6kke/ez85Rqm1gKtOaD+cMQ/7PdFt+kyqDpPpsPxMP60z6zDY010eXdnaCX5PDu5KCKRKZqX2fsmdB/XsKpyzqjfFRXc4V1UqWMmmnZ6wvKLwSz9QJ7R1DPGcXP4c4izN9AjBWeTZAoz69IDSTq09RjKhD68y9BzfaAjthjy1AWXvBh2yvthX3TAzfh5JmnYOGCJP+z9N3mQcD0z6IcLWhgRhaOaweahGYknG0wxJ3PPppceic4wPgDGYChxEbVF35rNIEAPraMnA/RXFOsckBAjSGHiAp335mY2SjX2lk6onsYTHMPIKpfLHISzlhS8A0/TUaTMSAa63qXo7mNUcAAAIMkD6Zu1E8gI+huHivHTelkuBgBEnAnZ8VXuMWr3HMn+XY2YIZwEPdedj01Kx8JpSGO+dNjh4NC/FNXqTkAIPJPc5t7KTqGpVAbdVLZ27K9iq8W4FXKfyw1WqyzxUEEqlHfkLvWj2x0LazhXilNSyqStmnNPqjD5x+p+f/3OREqdSIALPPB8c2msB3NrwM8p76x1M2v5fAneB0NLHiezTz4Hdn4R9SgYSgqSeb3vteRxY27oL0ZuaYzbs0cPI1knO4p+KQlmz6IMT7k6sZzPjiQZ5sda/Pw2D8ATNk33D+x5uAi7rC6BzMcUo6oxuQwkgBqdtHVZ2FIMSsliCN4yXrtfYNlhfVzcxkHX7Y+iKg3WQB/Zi7uw7e54HPGCdt9XIQoDO6AToaJ6cz7QaOH6KqPLfvqp266KXP1Ca6y1zsi7jRvyNfsWBCShyRqELe2GGOE2vLrsJCI22wAs1Ja993TT52Ib2UqS9DRnepzioht3q+Ybw5taokaS1vNkpQa8uQrlY10GNxdj0CQn89jHQKMrn1uvvk5FZkYGXc0xgWvA07Ne4vojsRC470AkhO/5oNicJmdAaVG6qT6nEE25CIYU4AEPd+oZYUpDxGEDxHWz0KZjs0n2RcB2pY8PG1mAQ9YQv3LGSVzeZcpvrEixRTD111rQXiL7upOV4lC5LzDlPKqWBGjD5PR6MKLyNbc9jJeGuxTiOYa9AAusEwBSo+7YSS/14VaLOLBZ9TIff7goTlInXlL10fMAElmi61zCB4uVVnqmTS++Hiy54Dz/iSQf7qZOiUFhtjBPNbFM4FhQoPpLXPJ41X2m2HiVPvLHWZC1RgEmlne+b5bMV13zxJZC/ZrJhKoAXJsk+f5JGIl+t3l5U6LBi0tP+5EM6dgt3WpKMi1gN/mynN1MnaSlwifjplrOJvcHgVBcs3xA8DfvvA7S8r+yGaCkhO0opmZstSj6keXN4y6Um+MR7hsljxtDkZYoPAWeCe7bD4YJqA4j9JSHeWlIE780J8soVxm0F6VkE5lvceftuKfSTK273a6z2x/8oEp2UAykJ2RD9tDDv9g//1WMrj2jpzTCgk/dcP/vH0Kzkwsww7uSCLq64HmuzgEgnCsKrxPODwn+oLfezO8Bf3Dsem3zYF4dpvqrRpQQ51JKgTaQp9HqsM06sdX3MI9vCNnx0VobxiN73mIeoeFXl/F+qGZk9HUIHot3nLfGlGuzidMuZmQtMXZYuxoMjwpNX+d01bHGL0Isoa/5ggl3anw5zvz3riFvF4EFxdMc1GLqYUpSpXqBLtNjTK4GNF7DspNN8q6UYJ3Wuv6YOsvKmTZfKY3reSdtJJVjueFcvA3OEgK9Vpzl+IbfAbp4UAp9Mvrc/4MumgtrkSc+t17fv4A5BA/6lp2dT3DmDZL9b5RbuWmYWCwi9C1IiOzfeHb0v3ca62eAfmfcePeI/zFO5pQlFqJg3iCJmahVi9tmfoxfOn9qMn3N0Rfo+P1CvaFJ85wRlJaaqQg5q1Y/zt672MKPoWBsypYVlTXLqaH7RMxCu0O8tD/8Cmu/uFo2mUPnDS4+qBiGjxF5cC2w4myat6DsTi59nmVhXTqvSPb9ncZPANcTRHQ4nz3uBBPY61d2yVzeJEAfHSh+6z8Iw0/WqqQAdYqXvqEcNITX3Wbq7zY2N3PcZS30b1t8DPipFhVbnup83oGz5vvs/TGHInSIQPV3E5v3Iso/HVPmLNsHMpRll1hErX1qUr3UxlGegd0ML2bvb9YTf+ADHDEKI7tW2dAED18Qrgq7EeSBVwTmCJ0DmAQAAAARVhJRroAAABFeGlmAABJSSoACAAAAAYAEgEDAAEAAAABAAAAGgEFAAEAAABWAAAAGwEFAAEAAABeAAAAKAEDAAEAAAACAAAAEwIDAAEAAAABAAAAaYcEAAEAAABmAAAAAAAAAEgAAAABAAAASAAAAAEAAAAGAACQBwAEAAAAMDIxMAGRBwAEAAAAAQIDAACgBwAEAAAAMDEwMAGgAwABAAAA//8AAAKgBAABAAAALAEAAAOgBAABAAAALAEAAAAAAAA=', 'MALE', '1982-01-20', '67890123456', '2025-01-20'),
                                                                                                                                                                                               ('10007', 'Fernanda Rocha', 'fernanda.r@ipem.sp.gov.br', '$2a$10$YB1lLj/IMXD4Lm0cbAphKumArFegy1hC8yxr0Cm3/n4jm9kAd7rFi', 'TECHNICIAN', '11999990007', 'AB', 'ON_DUTY','UklGRpwhAABXRUJQVlA4WAoAAAAYAAAAKwEAKwEAQUxQSIcPAAABwMf/v2nNrb5rr50bq3YnqhnbLCc3qm23MWpkahuxjdqNGt6Gd/KaqHFSxHj2Wuv7+WOeeebBOXuviz8iYgI0tkNsG03ePm6NDee/+5CvH3H6ORcuuv3me7Bt/nnzHQsv/MMpP/3K/m9/2brzVtcSm7YJGtKhiY0mfex6u+73o99eftsEUzeAmfojN1/6i+98+GUvWk2TxtiEIRRiDJK07Lz5Bx572V1m8pJz6lLKuZRibBsXl5xT16VcCpN3d1740322f0ojSU1shk0TgyQ9fsv9T7z2USZNKaVcPClmGo0nLTmllJn0ocuO+sAGq0lS04ZhEmKUpMfudOhf7mbx0qVcbMysNXbJqSssfuuvDtx6ZUmKzdAIMUpq193vl/8AKCkV25g5aGznlArAbae977mSFOOAiFHSKi/7zjUAJeXixZnDxnbJqQD5skO3XE5SbAZBEyWtuseRtwBOqRgzGm1cUgK4/nvbLycphp4XYpCW2+Ww24Gcso0ZqcbOqQA3fXPzIDWxxzVR0rpfvgHIqdg2o9c2LqkAlx+8jqQY+llspFXf8Scgp2JsRraNSzJMnDl/Walp+leU9MJv3AFOxbYZ8badE7DoE/OkEHtVaCW9/OwCKRubsWjjlOHRozeRFHtTaKXl3vo3oCvGZmzauCTg9/MlxV4UWmnVvRdBTsZmzNo4GS57Y5Bi/2mlVfa/HVI2ZiwbpwxXvDFIsd9EaaUDboeu2GZc2zgnuPJNQYr9JQY177sJUsE2Y9w2OcEVu0lN009ClHa7CrqCzdg3zgn+vIXUhh7SSpv8HlLBphfa5AzHryXFvhGlp/wEcsY2PdGGXJj4/Apqmj4RovThe3AyNj3Sxglu2ENq+0OUNroQOmPTM23cwVlrSbEfhKjlvgqpYNNDbXLm4b2ltg9EacfrcQLTT22c4K8vkZqxF7X8d6EzNr3VpnSUg6V2vDXSVtdTMja91ibB+c9RE8ZYK30BOmP6ro07Jt4jteMqRK1zAc7Y9F/bJDhldbXjKUqvf5jO2PRim5K4ZUuFZgy1Cj+AhE1ftqGD/aU4dlo94yJywaZH22Rz2kpqx0totPO9dMb0axt3LHqJ4jhppP0gYdO7DR0TeyiEsRGlw3DGpofbJPi41IyJVo85h1Qw/dymFI6S4lho9bwb6Yz7GjZOnLu62jHQausH6LDp8cYd16+lduRF7QUJm15v0/GvDdSOthD0AcjY9HybRN5J7SgL0gGQsen9Nglepzi6QtACSsFmANpkeIOaURWCFpALZhjaZPiwmtEUgr5ENmYo2hTzMTWjKAR9iWzMcLQp5mOKoydIC8jGDEpTzIcUR9ACsjED0xTzerUjJuoAsjGD0xTYS+1IafUBSsEMUJNhB7UjpNVeUDCDxGQeXVftyGi1NWTMMLVJ3D1PcUREPe8BMmao2nRcu6qakdDoMTeS8HDBpuPPUhgBQTqHDpsBa9PxEzUjoNFhdNgMWtuJ/dTOuVb7kWwzcI3Nq9XOsVY744IZvCbz4DqKcyrqGfeSMQPYJK7+D4U5FBQuIuFhZDqOVjOHon5AhxnGthMfUTtnWr2ebA8lTIGNFedIo3UepmAGs0lct6LC3JAuIGEGtOk4Qs2ciPoCHWZQ2Yk3qp0DUVthe1hhCvc/U82sC1r+ejJmYJvErxVmXdR36TCDyyQ+onaWRe1IsYcXpjCxtppZFbTc9WTMADeJ3yjMqqiv0mEGmUm8U+0sitoI2wxzU/jXExVmj3QhiaGG6Thacda0+jAJM9jtwk6KsyToKfdQBh2ZK6JmadRP6DAD3nTsrXZWRG2CbQadC/9+gsJsCPo9iWGH6fie4iyI2o1sM/Bt/GI1M6fmKjLDj8Tps6DV+0iYwW8XtlWcoaCVbqK4BpD4g8IMtTqADlMB7cyuijMStMrtFNcBMn/VzLban4SpgnZmV8UZCFr1doqpBGQu0Ey22puOWoCd2VFx+rTcIoqpBiR+pzBtUW8luR5gFzZTM13S38hVgcTx0xb1crJNRbTpnq0wPY3OJlEVTeIritPS6IUFuyrgwh2rKUxH1DfoqIwm8W7FaQha9Q6KKwPOXKDpjHoHyfXBhc3VLF3Qn8hUR5P4oeJSNVoX29UBF+5+rMLSRH2ZRI1w4q2KS6PlbqCYCunEbxWWImoXsuuEmXi2wtIcRjJ1IrGv4pSCVr2dUidw5iJNPWoPsmuF4cVqpnYkiVrpxIGKUwha5RaKq0XmHIUpRL2M7Hphumermcp3SKZeJt6ruCS115ArhhNnqVlCo3Wxa0bhX49XmCxqP5KpGM68QnGyoF+SqJnu+MYSgh77D4qrRuZyTR61E8VUDfPI2gqTHUqibjrxWsXFgv5Cdt0g8YNJgh5/N4W66cylWrzRlhRXDsyDz1SQovYn1Y/My9VIjU6sIYnPqZW07LWU6kHiLAUFzXsUVw8XblxeippPMdXDpGcrtDqQrn7gzG6KjY4lUUE6DlErXUZ2/SBxnBo99i4K9dOZyyWtZ1xBKNz1WGlXUhUx+SXSfiSqSOIV0o9IriEkPiz9lkQNdeKbai8nVxESZ+hxt1HqSOZCrTGB60hh0UobUqrJPU+dT64kNs9+dz0pbHYIqZZk/vPrdPXkXUeQqCSJ/U8nuZosOIdMJe34zoXVxImjF1EqCYnTb68qN9eTzAX34HpyEaaeXGj8/6xgKso/cT25+GZKPTnnDlxLEqcspFQSJ864kFxPfvaHakLHt08huY448bmf0lFN9vkKnStJ5q37k2pJ4VVvJ9eTTV5GqSWUddatJoW7nzTvEarJwuVXv5lSRzLnSZeS60jiROkXpCrixJek75BcQ0i8W/owiRrqzI7Sy8iuIjz6AulFHVWkcMcq0mp3UiqIM3+VpAvJrh8kDlPT6Kck6qc79lXbah86V5DCyxUbbU+pHzaPzlMIespD2NUjc1UrSc1lZKpH4mQ1UtRRJFeQgxQX+0ANyWyrRmq0AaV6FO55ioIUtNqtFNcNZ85XkKRGvyJXDhLfVFws6kASddOZ3SZrtDXFVcOF+56qsJi08m0U1wwy52mJjU4jUTPd8TnFyVq9j2TXC7uwnZrJgp6bqRqFW1dRmEzSZeSakThOUUuMOpRExUy8ZSqNtqTYtcLm/qcpLEla7npKtSDzGwVNMep7JGqlE+9TnNr2FLtO2DwyT2Eq0nI3UWpF4ncKmnLUN0l1wk68V3FqjTbHdp3g/qcoTE0Kl5OrBImT1Wgpow4m4fpgZ3ZVXJqgdSZwjSjctKKWvtGZJKqjnfiS4tJFzSfb9YH8fDVLJy27iFIfEr9W0DRGfYJEZbQzeyhOR9C8R7ErQ2HRMpreRkeTcE0wiQMVp2sT7LpQuPepCtOjoN+TcD0wie8papqj5pNdE0x5gZrpknQZuR6YxLGKmvaoN5JwNbDZRM30SeEKMpXQJE5XoxmMeiPJrgQ2m8yMFK4k2zXAJM5QoxmNehOJOmCz6UxJ4QoyHn4mcaoazXDUbpXA+EUzJ+nPZDz0TMcPFTXjUVtQPPTswgPPUJg5NTqehAceHZ9Uq1mx1gS2h5zJ3LiCwmxQq8/TMfASr1XUrAxa4QYyHm4m8XsFzdKoPcgebrbhpWpmixqdRcKDjY4vKWoWrfUwxR5mJrNoOYXZo1Z702EPMduZlylqdv+VxDCj40hFzeqolxRsDy+TuX01hdmlVgfTYQ8t25n5ipr955MYXnQcoahZ3+g5ExQ8rEzmppUUZp9avYeEPaRsm20VNRcbnULHkLLp+Lyi5mTQ6reQ8YAicY7mbKutsO2hZAr3rKFmrqjV15hgKNl0vEet5mzQsv9NwoPIpuNMBc3hqOdNUPAgInHzqnNLrV5LMR4+plDWV9TcjvoCHfbQMc68Wa3metAZdNjDxqbjUEXN+UbLLSQxbGw6fq+RGLXOg2Q8YGw6rllBzShQq+2h4MFik7l3DUWNxlavwwUPFjJsolajstWHyMbDxBR4pVqNzkZfIhkPEVPMG9RqhIagw+iMh4cphQ8paqQG6Qg646FhSubjihqxQTqBznhYmFL4jBqN3EY6hc54SJhSOEghjB410ol0xoPBphT2UxM0ihvpMJLxQLApsI8ajehG+ga5YA8BmwwfUKORHaRDccHufzYZ3qSoER6C9oaM3fdsEsxXq9Ee9QZI2P3OpuPBrdVq1Eft3NFh9zlDxy3PU6vR3+qltzMB7m027rjkCWo1Dls99iI6455mUwqnRbUaj63aEygZu4/ZJPisFDUuo3QQJOz+Zegob1ZoND5D0KvupzPuWTbuuHl9RY3XVmtcTirYfcomm7NWVatx26r9GSTs3mRDB5+QosZvlN46QWfck2xK4s7tFBqN4xD1nEsoGbsP2SQ467FqNa5b6SvQGfceG3ekD0itxneUtruJnLH7jU2Cvz5PodE4D61W/DF0xu4vNqWDT0mtxn2UXnYTTtg9xcYJLllPihr/IWr5b0JXsPuITU48uq/Uqh9GaZOLoTN237BxB2evLUX1xRClj96Hk7H7hI0T3LiX1KpPRunJP4GUsd0XbEiFic+toKZRz2yljf4AqWD3A0POcNzaUlT/DFHa/SroCvb4M+QEf95KaoN6aRMU3n0zpILtcWabnOBvu0tNo94apRX3uRW6jO1xZeOcYOGbpBDVa6O04t63QMrG48k4Zbj6bY0U1XdDK630wWshJ2OPGxsnw8WvbaSoPhxaaZk3XwykYuzxYePSAb99haSo3txK2vmMAikbezzYOGV48LANJUX16ijp+V+9HUjFtkedbecEXHvg06QmqnfHRlrlLX8CcirGHl02LqnAI2fMb6XYqJc3UdKLFlwP5FRsewTZxiUV4L8OWFNSG9TbQwzSci//6V1ATtnGHiU2dk4FuOEbG0tqonp+EyWtttsxtwJOqRh7NNi4pARw3be2WUZSDBqCMUpaeYdvXw2QUy628VwytktKBtIlCzZbVlJsNBhDjJLi+h/7xd0AJaVsG88FY5fcZQPcctJ715akGDUwQ9NK0mo7feZ3d7J46VIuNvZssbFL7pJZ/O9nf2zzFSSpbTRMmzZI0uM23Pfwqx5k0pxSysWT46UznjynlFJm0nv++sN3vGgVSWraoCEbYmwkaZkn7PSh71944wSTu+SUui7lUoqXWErJqetSyoUlPnj9uV9+36arafEYGw3h0MSoSdsX7fTm75z55xseZsYfWPi7U7+05w7rNJq0jU3QkA6xbbTEVdZ4zoav3W/BN757wu+uWnjzv++/7/7777v/X39fePkvj/vONz7/0d1e+uxnLK8lxrYJGtsAVlA4ICwRAACQVACdASosASwBPnU6mEkkoyKhIXQKQJAOiU3fj5L7FAMAAdoAl9xL/uv8v/r/+x8QaknTv7P+uH94/an51qj/NPv5zdNZecf4j+j/8P+//kz2jv0P/rPcA/hv8f/4v9l/y/sAf4D2KeYD9e/2795X/Xepv/Bf6z8gPkE/rX+D/+nYKegJ+6npu/u/8JX9e/5v7hfAh+yH///f/4AP//7anS79Nv8H+M3fn/mOW7mAUl+IXez8Z9QL8d/o3+p3ncAH51/Vu+41EYqLwb/Of1d+AD9Eeg9ne+pfYL/mnUW/cb2Uf2AGtoWL3U3QnwLFK6K+wru7nNR5t0aAJ3e6KEBXIHa+Lczo0oKplw0knCZOPRrvPHJ9Fq84q5NiRClgDKrfcwBkBxLBLcU4nVUFNmrJicG4HZcDe7uPRQQB3uYLCmpKf1YncT6vGd4yfW071NZP+W23Ob4/aNubEpFvdlOaIgCk/NeiTI1q33I46K+5iHNCSvbTcvRAIM2OizYx0Ug+bQCQwpJ2UKDYlnResIZXBEtJikmAp7K0josWKUC8D9UFGbYYMQe5Ht8UnResJYpTnnSPR0kmLaoVoIn5Ko6K/r4pZpxceUg1K//ySTO7v00FYMa1qUv30oeXBQy4ELFwPTSD/w64SfNn16Nb9x/Tfwk+cHhzMpezzaNMV21YJF+bVBR3ng9sSefzSgjW7FzP7AsKOFTV8zYCEuP6NJJwlkgRu8zmY4iH7LWSdBBot7Q2hmLS22k1/+jFl3+GS7u7u5vSQoSfsnstQj+Gd56frybYS1vm9qnLJxhsWYMQslke3q2dV7lu+kP71efKY9l/QlHZhMKCVY05k3aoQ3pKf2higcRO1P9SlgiszDNGKqkPgTonj7bnlD7Lk7f2rh/yHKjlr/9v3zvhhawAAP71XN6ynJZNsD/k0h3t4MpSCniX0TrCPY1m0OR2b/nxF7KCStJLlElgDcH/vrNlLvCO/YjoElfzpe6k3aJ23ma6MFi6aJeXMSfb+KjkdAWtTj7d/rAO85rXL06lX/25A+nxEUaUL/6L7lakquvuuH/74Hw9CkNwF4IrPAPaaZjQ3gHJ7px29s2r/azjGMOxdQlAR92iIpVqdIy4PT2zrj3tc7ETZf0ZHmXGvTpbsQNR12bneG6vVm++q256Q6WIEf3gAAAMUZrR/YgtdvbIIvBC2DbP/qSnNjbXhbUYDLfhtCqzm1eAFvR9Y9IeYluZlxuu+S998/kAILPV0ygWixulf7+EtZKmfwlrLy+VqAG8mJknyU83CEdu90gegd7F4KhYAZ09LfitvzGPY2pzu6xFOZU7n1YxNAYssmVkIN5f/ZtbOw4lvWjdW3ZUKe1JEZ6IsWpGhusVkNbONzrKktYEBX+TxgSUyCrR/066aqa4tsqLuRY3b2qfBSAE0UYBrC/OvjSOJAhDNuJIrTQESaut18LN5/6DQy9g+HTQ37BC6+DODvFGDqYiBL3NmjZBxrdNo9U9GPPJQdtLy8Fbxg3KyRY3Ir34HUH4xyB/zlGr7r/pRcNXABEyBseAMZxzSxOLnEyKlBvWRmseAGmqzxJkgUKGs4IyEoJB0thXZDTeylpNCdFgDU94q2J+dhxNyogn0IMQu+wDxww2GCw/gXjvD3s1fNUqDBL6hr4j5IHgp0foygCduuPHXGSU1x0f2bbn2DE8+Lfpol3lalVqtOlo4GT1gZUBWa3fw2PnlYeaj1L/E3l3moblN+qgrxaAUVWBQmSpEPt59l4ZQP/qZOBIDbCZ8VHQS8hJ0k1k2+l9J3+v8z9N/GlgMt+p+iDqlx2hJ3V3Vq6yezmDRvR3iKEfTUctLCJPw1n3U4RGYz4tY9P1b1uHlae9PqtZFpIB2PGJibC4seQNfsmKA0mbrR/7+kGju4BPMM1BdceuOZxghP+vl+OrzVpRbp4H7zd3C94F2WG61CV1GcVHhaohB9+N/E8MeGwf6ZiVEQu7XyAAHShUjYHmz8D1j0mlIhI+tK12GHRsh25FVn94q6hdEs4ymzgTovxzU3TLFf/PgF2U+vfKHxX3//vqRJFY3jxEB8rwmr5N+dp3crpSgtFWslIUf/YyhbcU+4HFPb7+zH7fp+dqBsAzNd1dmaANc0jAPZCYCk8DpOatqrgjJLWvE+EfCXhT9b3AwJ44REKnBr1bW1ta8CRnzj/RQ3nfu2zg1OAVHE3U6W+W7U6hH8tIaHAW8o2/KnkERwnbPi/8slfSiEmtiVw9kf2A497/gRvgO/uuMFf+uTQM+xkLFc8MWSJA+KWaTrlvPVxVZPDBMkntrG5AzUqx39ak3mTyUDmIUvpiKIhheislwouCbZ1zedqX4cjAGoOQbPsNJD5KqzwTIdL6S9psf1Y+22NmRhKpfl9wiJXVKbVgt6KZ42vRXLSpQPs+LLHji9nE/VOXxjf5zEEHj7jQDsPsabkUHExxFD8mj/fkYkfjzEOCjLhgAFwB8VM56ye67SeD5YJp3eLs+17zLEw5yqIdZLPvJ4/jyTpILbjGedjXHqAgePAiYipK+s8UBWKEqEYJN/bEv9m958tSWA/7RwAAhc4a94xfc6jVhILdaX1qZZMQvaQf+NMpycRYsMEBCuh2hUrrG9I3v6w3ja9opB+4vfTXS3AMkz0Y7AOz1V+0BOW7ulBA3YILsJ5//OGREuxoBbhGoVlW6T6NE6+XO+b+e0zZvqXnR+IbgdaQg4Z4UC/KXBNkP9MjJSWhz4i0GlPlR15RIX/V+a+99MeVHgHBxHM11Ag5bErJUjy3wcrBAbMftmF/WVR+x+yxQLhfTLwICMl/t+23BQb7dVloalJn5DEONfU5eOmS/OSfvsz29t4l6rkBOG715M1yWRKgmvvOv1g5r40U2mcRraI/AMJdJ+40U3ZKpR4eoKnGcVQ13/DM3D+6WJhYh7DBOHJBcIxoe2FEB2+FfpIOJVO7A1HcbsEEO670mS/UgZo8fBNOdg/XJZ+PD6lM9ItgQ8uA5hed91Wr08MELf6wAISLnaf4DUm4OPtdfgOjjwmTZBfdEJ41qLhBUiUmRecOuPPYdv/+9JhqlzkHpn29yGmSHxna2J4VUqOGJ6P0aMHvX7jlHehquxcX3mr3vNrCT9BXXAz5K4hof1xv9e1LElp1cMlvD+zDhw7LkIeSexDVkJ+G5MeJSau8NGREnqU36j/LXjqueg7zJZiI6g5NFxDPhs3wLxAcpR2n1Ch6jXEoheCGHALrpMV4o/vTt5ALuFC5cL6E7XbjPtA73KXXaLNDhHjkXLn0nRU2JlhtTa/+EUPU9tZqRAf5viCMDh7cZZe47H+8dp5WyGjJeuOPNowRgCfoBkWct8HbG5n7dqzd3RtsL1Esvvjev6iY4/irxrp0RPIpkaXtg5JDfUof6B2z2M9SkAP2eAQfmS8uJs3AlhZSnCItiNzcA/wKdicXFm/WMAB4U8wh7KcYE7iJ3gXZDHNBX+tVr4kC2VAFrUSVBUhS/8HvnIaslPg4d5DDoHLPBoqMxOEF2ZAF75vLaSGhm3/AirTxPEfza24ke79AaHSCO6VDT2ei9Yg+tWn+BmqcTAK0v1GB4Yppii038Jo+eviK8ocQaNzuvWMC8eWdn8Nus3vS/Ze+yqErQQuo+BrFlAIGp+hBlfmOlSKTUpkzwAADAGyOib7doRY+SBQ5JQCwwmE4w6H0+1AVhojrNrnIjahEGsMt8QTSr6kke/ez85Rqm1gKtOaD+cMQ/7PdFt+kyqDpPpsPxMP60z6zDY010eXdnaCX5PDu5KCKRKZqX2fsmdB/XsKpyzqjfFRXc4V1UqWMmmnZ6wvKLwSz9QJ7R1DPGcXP4c4izN9AjBWeTZAoz69IDSTq09RjKhD68y9BzfaAjthjy1AWXvBh2yvthX3TAzfh5JmnYOGCJP+z9N3mQcD0z6IcLWhgRhaOaweahGYknG0wxJ3PPppceic4wPgDGYChxEbVF35rNIEAPraMnA/RXFOsckBAjSGHiAp335mY2SjX2lk6onsYTHMPIKpfLHISzlhS8A0/TUaTMSAa63qXo7mNUcAAAIMkD6Zu1E8gI+huHivHTelkuBgBEnAnZ8VXuMWr3HMn+XY2YIZwEPdedj01Kx8JpSGO+dNjh4NC/FNXqTkAIPJPc5t7KTqGpVAbdVLZ27K9iq8W4FXKfyw1WqyzxUEEqlHfkLvWj2x0LazhXilNSyqStmnNPqjD5x+p+f/3OREqdSIALPPB8c2msB3NrwM8p76x1M2v5fAneB0NLHiezTz4Hdn4R9SgYSgqSeb3vteRxY27oL0ZuaYzbs0cPI1knO4p+KQlmz6IMT7k6sZzPjiQZ5sda/Pw2D8ATNk33D+x5uAi7rC6BzMcUo6oxuQwkgBqdtHVZ2FIMSsliCN4yXrtfYNlhfVzcxkHX7Y+iKg3WQB/Zi7uw7e54HPGCdt9XIQoDO6AToaJ6cz7QaOH6KqPLfvqp266KXP1Ca6y1zsi7jRvyNfsWBCShyRqELe2GGOE2vLrsJCI22wAs1Ja993TT52Ib2UqS9DRnepzioht3q+Ybw5taokaS1vNkpQa8uQrlY10GNxdj0CQn89jHQKMrn1uvvk5FZkYGXc0xgWvA07Ne4vojsRC470AkhO/5oNicJmdAaVG6qT6nEE25CIYU4AEPd+oZYUpDxGEDxHWz0KZjs0n2RcB2pY8PG1mAQ9YQv3LGSVzeZcpvrEixRTD111rQXiL7upOV4lC5LzDlPKqWBGjD5PR6MKLyNbc9jJeGuxTiOYa9AAusEwBSo+7YSS/14VaLOLBZ9TIff7goTlInXlL10fMAElmi61zCB4uVVnqmTS++Hiy54Dz/iSQf7qZOiUFhtjBPNbFM4FhQoPpLXPJ41X2m2HiVPvLHWZC1RgEmlne+b5bMV13zxJZC/ZrJhKoAXJsk+f5JGIl+t3l5U6LBi0tP+5EM6dgt3WpKMi1gN/mynN1MnaSlwifjplrOJvcHgVBcs3xA8DfvvA7S8r+yGaCkhO0opmZstSj6keXN4y6Um+MR7hsljxtDkZYoPAWeCe7bD4YJqA4j9JSHeWlIE780J8soVxm0F6VkE5lvceftuKfSTK273a6z2x/8oEp2UAykJ2RD9tDDv9g//1WMrj2jpzTCgk/dcP/vH0Kzkwsww7uSCLq64HmuzgEgnCsKrxPODwn+oLfezO8Bf3Dsem3zYF4dpvqrRpQQ51JKgTaQp9HqsM06sdX3MI9vCNnx0VobxiN73mIeoeFXl/F+qGZk9HUIHot3nLfGlGuzidMuZmQtMXZYuxoMjwpNX+d01bHGL0Isoa/5ggl3anw5zvz3riFvF4EFxdMc1GLqYUpSpXqBLtNjTK4GNF7DspNN8q6UYJ3Wuv6YOsvKmTZfKY3reSdtJJVjueFcvA3OEgK9Vpzl+IbfAbp4UAp9Mvrc/4MumgtrkSc+t17fv4A5BA/6lp2dT3DmDZL9b5RbuWmYWCwi9C1IiOzfeHb0v3ca62eAfmfcePeI/zFO5pQlFqJg3iCJmahVi9tmfoxfOn9qMn3N0Rfo+P1CvaFJ85wRlJaaqQg5q1Y/zt672MKPoWBsypYVlTXLqaH7RMxCu0O8tD/8Cmu/uFo2mUPnDS4+qBiGjxF5cC2w4myat6DsTi59nmVhXTqvSPb9ncZPANcTRHQ4nz3uBBPY61d2yVzeJEAfHSh+6z8Iw0/WqqQAdYqXvqEcNITX3Wbq7zY2N3PcZS30b1t8DPipFhVbnup83oGz5vvs/TGHInSIQPV3E5v3Iso/HVPmLNsHMpRll1hErX1qUr3UxlGegd0ML2bvb9YTf+ADHDEKI7tW2dAED18Qrgq7EeSBVwTmCJ0DmAQAAAARVhJRroAAABFeGlmAABJSSoACAAAAAYAEgEDAAEAAAABAAAAGgEFAAEAAABWAAAAGwEFAAEAAABeAAAAKAEDAAEAAAACAAAAEwIDAAEAAAABAAAAaYcEAAEAAABmAAAAAAAAAEgAAAABAAAASAAAAAEAAAAGAACQBwAEAAAAMDIxMAGRBwAEAAAAAQIDAACgBwAEAAAAMDEwMAGgAwABAAAA//8AAAKgBAABAAAALAEAAAOgBAABAAAALAEAAAAAAAA=', 'FEMALE', '1995-09-10', '78901234567', '2028-09-10'),
                                                                                                                                                                                               ('10008', 'Niuan Spolidorio da Rocha Souza', 'niuan.souza@ipem.sp.gov.br', '$2a$10$YB1lLj/IMXD4Lm0cbAphKumArFegy1hC8yxr0Cm3/n4jm9kAd7rFi', 'ADMINISTRATOR', '11999990008', 'B', 'AVAILABLE' ,'UklGRpwhAABXRUJQVlA4WAoAAAAYAAAAKwEAKwEAQUxQSIcPAAABwMf/v2nNrb5rr50bq3YnqhnbLCc3qm23MWpkahuxjdqNGt6Gd/KaqHFSxHj2Wuv7+WOeeebBOXuviz8iYgI0tkNsG03ePm6NDee/+5CvH3H6ORcuuv3me7Bt/nnzHQsv/MMpP/3K/m9/2brzVtcSm7YJGtKhiY0mfex6u+73o99eftsEUzeAmfojN1/6i+98+GUvWk2TxtiEIRRiDJK07Lz5Bx572V1m8pJz6lLKuZRibBsXl5xT16VcCpN3d1740322f0ojSU1shk0TgyQ9fsv9T7z2USZNKaVcPClmGo0nLTmllJn0ocuO+sAGq0lS04ZhEmKUpMfudOhf7mbx0qVcbMysNXbJqSssfuuvDtx6ZUmKzdAIMUpq193vl/8AKCkV25g5aGznlArAbae977mSFOOAiFHSKi/7zjUAJeXixZnDxnbJqQD5skO3XE5SbAZBEyWtuseRtwBOqRgzGm1cUgK4/nvbLycphp4XYpCW2+Ww24Gcso0ZqcbOqQA3fXPzIDWxxzVR0rpfvgHIqdg2o9c2LqkAlx+8jqQY+llspFXf8Scgp2JsRraNSzJMnDl/Walp+leU9MJv3AFOxbYZ8badE7DoE/OkEHtVaCW9/OwCKRubsWjjlOHRozeRFHtTaKXl3vo3oCvGZmzauCTg9/MlxV4UWmnVvRdBTsZmzNo4GS57Y5Bi/2mlVfa/HVI2ZiwbpwxXvDFIsd9EaaUDboeu2GZc2zgnuPJNQYr9JQY177sJUsE2Y9w2OcEVu0lN009ClHa7CrqCzdg3zgn+vIXUhh7SSpv8HlLBphfa5AzHryXFvhGlp/wEcsY2PdGGXJj4/Apqmj4RovThe3AyNj3Sxglu2ENq+0OUNroQOmPTM23cwVlrSbEfhKjlvgqpYNNDbXLm4b2ltg9EacfrcQLTT22c4K8vkZqxF7X8d6EzNr3VpnSUg6V2vDXSVtdTMja91ibB+c9RE8ZYK30BOmP6ro07Jt4jteMqRK1zAc7Y9F/bJDhldbXjKUqvf5jO2PRim5K4ZUuFZgy1Cj+AhE1ftqGD/aU4dlo94yJywaZH22Rz2kpqx0totPO9dMb0axt3LHqJ4jhppP0gYdO7DR0TeyiEsRGlw3DGpofbJPi41IyJVo85h1Qw/dymFI6S4lho9bwb6Yz7GjZOnLu62jHQausH6LDp8cYd16+lduRF7QUJm15v0/GvDdSOthD0AcjY9HybRN5J7SgL0gGQsen9Nglepzi6QtACSsFmANpkeIOaURWCFpALZhjaZPiwmtEUgr5ENmYo2hTzMTWjKAR9iWzMcLQp5mOKoydIC8jGDEpTzIcUR9ACsjED0xTzerUjJuoAsjGD0xTYS+1IafUBSsEMUJNhB7UjpNVeUDCDxGQeXVftyGi1NWTMMLVJ3D1PcUREPe8BMmao2nRcu6qakdDoMTeS8HDBpuPPUhgBQTqHDpsBa9PxEzUjoNFhdNgMWtuJ/dTOuVb7kWwzcI3Nq9XOsVY744IZvCbz4DqKcyrqGfeSMQPYJK7+D4U5FBQuIuFhZDqOVjOHon5AhxnGthMfUTtnWr2ebA8lTIGNFedIo3UepmAGs0lct6LC3JAuIGEGtOk4Qs2ciPoCHWZQ2Yk3qp0DUVthe1hhCvc/U82sC1r+ejJmYJvErxVmXdR36TCDyyQ+onaWRe1IsYcXpjCxtppZFbTc9WTMADeJ3yjMqqiv0mEGmUm8U+0sitoI2wxzU/jXExVmj3QhiaGG6Thacda0+jAJM9jtwk6KsyToKfdQBh2ZK6JmadRP6DAD3nTsrXZWRG2CbQadC/9+gsJsCPo9iWGH6fie4iyI2o1sM/Bt/GI1M6fmKjLDj8Tps6DV+0iYwW8XtlWcoaCVbqK4BpD4g8IMtTqADlMB7cyuijMStMrtFNcBMn/VzLban4SpgnZmV8UZCFr1doqpBGQu0Ey22puOWoCd2VFx+rTcIoqpBiR+pzBtUW8luR5gFzZTM13S38hVgcTx0xb1crJNRbTpnq0wPY3OJlEVTeIritPS6IUFuyrgwh2rKUxH1DfoqIwm8W7FaQha9Q6KKwPOXKDpjHoHyfXBhc3VLF3Qn8hUR5P4oeJSNVoX29UBF+5+rMLSRH2ZRI1w4q2KS6PlbqCYCunEbxWWImoXsuuEmXi2wtIcRjJ1IrGv4pSCVr2dUidw5iJNPWoPsmuF4cVqpnYkiVrpxIGKUwha5RaKq0XmHIUpRL2M7Hphumermcp3SKZeJt6ruCS115ArhhNnqVlCo3Wxa0bhX49XmCxqP5KpGM68QnGyoF+SqJnu+MYSgh77D4qrRuZyTR61E8VUDfPI2gqTHUqibjrxWsXFgv5Cdt0g8YNJgh5/N4W66cylWrzRlhRXDsyDz1SQovYn1Y/My9VIjU6sIYnPqZW07LWU6kHiLAUFzXsUVw8XblxeippPMdXDpGcrtDqQrn7gzG6KjY4lUUE6DlErXUZ2/SBxnBo99i4K9dOZyyWtZ1xBKNz1WGlXUhUx+SXSfiSqSOIV0o9IriEkPiz9lkQNdeKbai8nVxESZ+hxt1HqSOZCrTGB60hh0UobUqrJPU+dT64kNs9+dz0pbHYIqZZk/vPrdPXkXUeQqCSJ/U8nuZosOIdMJe34zoXVxImjF1EqCYnTb68qN9eTzAX34HpyEaaeXGj8/6xgKso/cT25+GZKPTnnDlxLEqcspFQSJ864kFxPfvaHakLHt08huY448bmf0lFN9vkKnStJ5q37k2pJ4VVvJ9eTTV5GqSWUddatJoW7nzTvEarJwuVXv5lSRzLnSZeS60jiROkXpCrixJek75BcQ0i8W/owiRrqzI7Sy8iuIjz6AulFHVWkcMcq0mp3UiqIM3+VpAvJrh8kDlPT6Kck6qc79lXbah86V5DCyxUbbU+pHzaPzlMIespD2NUjc1UrSc1lZKpH4mQ1UtRRJFeQgxQX+0ANyWyrRmq0AaV6FO55ioIUtNqtFNcNZ85XkKRGvyJXDhLfVFws6kASddOZ3SZrtDXFVcOF+56qsJi08m0U1wwy52mJjU4jUTPd8TnFyVq9j2TXC7uwnZrJgp6bqRqFW1dRmEzSZeSakThOUUuMOpRExUy8ZSqNtqTYtcLm/qcpLEla7npKtSDzGwVNMep7JGqlE+9TnNr2FLtO2DwyT2Eq0nI3UWpF4ncKmnLUN0l1wk68V3FqjTbHdp3g/qcoTE0Kl5OrBImT1Wgpow4m4fpgZ3ZVXJqgdSZwjSjctKKWvtGZJKqjnfiS4tJFzSfb9YH8fDVLJy27iFIfEr9W0DRGfYJEZbQzeyhOR9C8R7ErQ2HRMpreRkeTcE0wiQMVp2sT7LpQuPepCtOjoN+TcD0wie8papqj5pNdE0x5gZrpknQZuR6YxLGKmvaoN5JwNbDZRM30SeEKMpXQJE5XoxmMeiPJrgQ2m8yMFK4k2zXAJM5QoxmNehOJOmCz6UxJ4QoyHn4mcaoazXDUbpXA+EUzJ+nPZDz0TMcPFTXjUVtQPPTswgPPUJg5NTqehAceHZ9Uq1mx1gS2h5zJ3LiCwmxQq8/TMfASr1XUrAxa4QYyHm4m8XsFzdKoPcgebrbhpWpmixqdRcKDjY4vKWoWrfUwxR5mJrNoOYXZo1Z702EPMduZlylqdv+VxDCj40hFzeqolxRsDy+TuX01hdmlVgfTYQ8t25n5ipr955MYXnQcoahZ3+g5ExQ8rEzmppUUZp9avYeEPaRsm20VNRcbnULHkLLp+Lyi5mTQ6reQ8YAicY7mbKutsO2hZAr3rKFmrqjV15hgKNl0vEet5mzQsv9NwoPIpuNMBc3hqOdNUPAgInHzqnNLrV5LMR4+plDWV9TcjvoCHfbQMc68Wa3metAZdNjDxqbjUEXN+UbLLSQxbGw6fq+RGLXOg2Q8YGw6rllBzShQq+2h4MFik7l3DUWNxlavwwUPFjJsolajstWHyMbDxBR4pVqNzkZfIhkPEVPMG9RqhIagw+iMh4cphQ8paqQG6Qg646FhSubjihqxQTqBznhYmFL4jBqN3EY6hc54SJhSOEghjB410ol0xoPBphT2UxM0ihvpMJLxQLApsI8ajehG+ga5YA8BmwwfUKORHaRDccHufzYZ3qSoER6C9oaM3fdsEsxXq9Ee9QZI2P3OpuPBrdVq1Eft3NFh9zlDxy3PU6vR3+qltzMB7m027rjkCWo1Dls99iI6455mUwqnRbUaj63aEygZu4/ZJPisFDUuo3QQJOz+Zegob1ZoND5D0KvupzPuWTbuuHl9RY3XVmtcTirYfcomm7NWVatx26r9GSTs3mRDB5+QosZvlN46QWfck2xK4s7tFBqN4xD1nEsoGbsP2SQ467FqNa5b6SvQGfceG3ekD0itxneUtruJnLH7jU2Cvz5PodE4D61W/DF0xu4vNqWDT0mtxn2UXnYTTtg9xcYJLllPihr/IWr5b0JXsPuITU48uq/Uqh9GaZOLoTN237BxB2evLUX1xRClj96Hk7H7hI0T3LiX1KpPRunJP4GUsd0XbEiFic+toKZRz2yljf4AqWD3A0POcNzaUlT/DFHa/SroCvb4M+QEf95KaoN6aRMU3n0zpILtcWabnOBvu0tNo94apRX3uRW6jO1xZeOcYOGbpBDVa6O04t63QMrG48k4Zbj6bY0U1XdDK630wWshJ2OPGxsnw8WvbaSoPhxaaZk3XwykYuzxYePSAb99haSo3txK2vmMAikbezzYOGV48LANJUX16ijp+V+9HUjFtkedbecEXHvg06QmqnfHRlrlLX8CcirGHl02LqnAI2fMb6XYqJc3UdKLFlwP5FRsewTZxiUV4L8OWFNSG9TbQwzSci//6V1ATtnGHiU2dk4FuOEbG0tqonp+EyWtttsxtwJOqRh7NNi4pARw3be2WUZSDBqCMUpaeYdvXw2QUy628VwytktKBtIlCzZbVlJsNBhDjJLi+h/7xd0AJaVsG88FY5fcZQPcctJ715akGDUwQ9NK0mo7feZ3d7J46VIuNvZssbFL7pJZ/O9nf2zzFSSpbTRMmzZI0uM23Pfwqx5k0pxSysWT46UznjynlFJm0nv++sN3vGgVSWraoCEbYmwkaZkn7PSh71944wSTu+SUui7lUoqXWErJqetSyoUlPnj9uV9+36arafEYGw3h0MSoSdsX7fTm75z55xseZsYfWPi7U7+05w7rNJq0jU3QkA6xbbTEVdZ4zoav3W/BN757wu+uWnjzv++/7/7777v/X39fePkvj/vONz7/0d1e+uxnLK8lxrYJGtsAVlA4ICwRAACQVACdASosASwBPnU6mEkkoyKhIXQKQJAOiU3fj5L7FAMAAdoAl9xL/uv8v/r/+x8QaknTv7P+uH94/an51qj/NPv5zdNZecf4j+j/8P+//kz2jv0P/rPcA/hv8f/4v9l/y/sAf4D2KeYD9e/2795X/Xepv/Bf6z8gPkE/rX+D/+nYKegJ+6npu/u/8JX9e/5v7hfAh+yH///f/4AP//7anS79Nv8H+M3fn/mOW7mAUl+IXez8Z9QL8d/o3+p3ncAH51/Vu+41EYqLwb/Of1d+AD9Eeg9ne+pfYL/mnUW/cb2Uf2AGtoWL3U3QnwLFK6K+wru7nNR5t0aAJ3e6KEBXIHa+Lczo0oKplw0knCZOPRrvPHJ9Fq84q5NiRClgDKrfcwBkBxLBLcU4nVUFNmrJicG4HZcDe7uPRQQB3uYLCmpKf1YncT6vGd4yfW071NZP+W23Ob4/aNubEpFvdlOaIgCk/NeiTI1q33I46K+5iHNCSvbTcvRAIM2OizYx0Ug+bQCQwpJ2UKDYlnResIZXBEtJikmAp7K0josWKUC8D9UFGbYYMQe5Ht8UnResJYpTnnSPR0kmLaoVoIn5Ko6K/r4pZpxceUg1K//ySTO7v00FYMa1qUv30oeXBQy4ELFwPTSD/w64SfNn16Nb9x/Tfwk+cHhzMpezzaNMV21YJF+bVBR3ng9sSefzSgjW7FzP7AsKOFTV8zYCEuP6NJJwlkgRu8zmY4iH7LWSdBBot7Q2hmLS22k1/+jFl3+GS7u7u5vSQoSfsnstQj+Gd56frybYS1vm9qnLJxhsWYMQslke3q2dV7lu+kP71efKY9l/QlHZhMKCVY05k3aoQ3pKf2higcRO1P9SlgiszDNGKqkPgTonj7bnlD7Lk7f2rh/yHKjlr/9v3zvhhawAAP71XN6ynJZNsD/k0h3t4MpSCniX0TrCPY1m0OR2b/nxF7KCStJLlElgDcH/vrNlLvCO/YjoElfzpe6k3aJ23ma6MFi6aJeXMSfb+KjkdAWtTj7d/rAO85rXL06lX/25A+nxEUaUL/6L7lakquvuuH/74Hw9CkNwF4IrPAPaaZjQ3gHJ7px29s2r/azjGMOxdQlAR92iIpVqdIy4PT2zrj3tc7ETZf0ZHmXGvTpbsQNR12bneG6vVm++q256Q6WIEf3gAAAMUZrR/YgtdvbIIvBC2DbP/qSnNjbXhbUYDLfhtCqzm1eAFvR9Y9IeYluZlxuu+S998/kAILPV0ygWixulf7+EtZKmfwlrLy+VqAG8mJknyU83CEdu90gegd7F4KhYAZ09LfitvzGPY2pzu6xFOZU7n1YxNAYssmVkIN5f/ZtbOw4lvWjdW3ZUKe1JEZ6IsWpGhusVkNbONzrKktYEBX+TxgSUyCrR/066aqa4tsqLuRY3b2qfBSAE0UYBrC/OvjSOJAhDNuJIrTQESaut18LN5/6DQy9g+HTQ37BC6+DODvFGDqYiBL3NmjZBxrdNo9U9GPPJQdtLy8Fbxg3KyRY3Ir34HUH4xyB/zlGr7r/pRcNXABEyBseAMZxzSxOLnEyKlBvWRmseAGmqzxJkgUKGs4IyEoJB0thXZDTeylpNCdFgDU94q2J+dhxNyogn0IMQu+wDxww2GCw/gXjvD3s1fNUqDBL6hr4j5IHgp0foygCduuPHXGSU1x0f2bbn2DE8+Lfpol3lalVqtOlo4GT1gZUBWa3fw2PnlYeaj1L/E3l3moblN+qgrxaAUVWBQmSpEPt59l4ZQP/qZOBIDbCZ8VHQS8hJ0k1k2+l9J3+v8z9N/GlgMt+p+iDqlx2hJ3V3Vq6yezmDRvR3iKEfTUctLCJPw1n3U4RGYz4tY9P1b1uHlae9PqtZFpIB2PGJibC4seQNfsmKA0mbrR/7+kGju4BPMM1BdceuOZxghP+vl+OrzVpRbp4H7zd3C94F2WG61CV1GcVHhaohB9+N/E8MeGwf6ZiVEQu7XyAAHShUjYHmz8D1j0mlIhI+tK12GHRsh25FVn94q6hdEs4ymzgTovxzU3TLFf/PgF2U+vfKHxX3//vqRJFY3jxEB8rwmr5N+dp3crpSgtFWslIUf/YyhbcU+4HFPb7+zH7fp+dqBsAzNd1dmaANc0jAPZCYCk8DpOatqrgjJLWvE+EfCXhT9b3AwJ44REKnBr1bW1ta8CRnzj/RQ3nfu2zg1OAVHE3U6W+W7U6hH8tIaHAW8o2/KnkERwnbPi/8slfSiEmtiVw9kf2A497/gRvgO/uuMFf+uTQM+xkLFc8MWSJA+KWaTrlvPVxVZPDBMkntrG5AzUqx39ak3mTyUDmIUvpiKIhheislwouCbZ1zedqX4cjAGoOQbPsNJD5KqzwTIdL6S9psf1Y+22NmRhKpfl9wiJXVKbVgt6KZ42vRXLSpQPs+LLHji9nE/VOXxjf5zEEHj7jQDsPsabkUHExxFD8mj/fkYkfjzEOCjLhgAFwB8VM56ye67SeD5YJp3eLs+17zLEw5yqIdZLPvJ4/jyTpILbjGedjXHqAgePAiYipK+s8UBWKEqEYJN/bEv9m958tSWA/7RwAAhc4a94xfc6jVhILdaX1qZZMQvaQf+NMpycRYsMEBCuh2hUrrG9I3v6w3ja9opB+4vfTXS3AMkz0Y7AOz1V+0BOW7ulBA3YILsJ5//OGREuxoBbhGoVlW6T6NE6+XO+b+e0zZvqXnR+IbgdaQg4Z4UC/KXBNkP9MjJSWhz4i0GlPlR15RIX/V+a+99MeVHgHBxHM11Ag5bErJUjy3wcrBAbMftmF/WVR+x+yxQLhfTLwICMl/t+23BQb7dVloalJn5DEONfU5eOmS/OSfvsz29t4l6rkBOG715M1yWRKgmvvOv1g5r40U2mcRraI/AMJdJ+40U3ZKpR4eoKnGcVQ13/DM3D+6WJhYh7DBOHJBcIxoe2FEB2+FfpIOJVO7A1HcbsEEO670mS/UgZo8fBNOdg/XJZ+PD6lM9ItgQ8uA5hed91Wr08MELf6wAISLnaf4DUm4OPtdfgOjjwmTZBfdEJ41qLhBUiUmRecOuPPYdv/+9JhqlzkHpn29yGmSHxna2J4VUqOGJ6P0aMHvX7jlHehquxcX3mr3vNrCT9BXXAz5K4hof1xv9e1LElp1cMlvD+zDhw7LkIeSexDVkJ+G5MeJSau8NGREnqU36j/LXjqueg7zJZiI6g5NFxDPhs3wLxAcpR2n1Ch6jXEoheCGHALrpMV4o/vTt5ALuFC5cL6E7XbjPtA73KXXaLNDhHjkXLn0nRU2JlhtTa/+EUPU9tZqRAf5viCMDh7cZZe47H+8dp5WyGjJeuOPNowRgCfoBkWct8HbG5n7dqzd3RtsL1Esvvjev6iY4/irxrp0RPIpkaXtg5JDfUof6B2z2M9SkAP2eAQfmS8uJs3AlhZSnCItiNzcA/wKdicXFm/WMAB4U8wh7KcYE7iJ3gXZDHNBX+tVr4kC2VAFrUSVBUhS/8HvnIaslPg4d5DDoHLPBoqMxOEF2ZAF75vLaSGhm3/AirTxPEfza24ke79AaHSCO6VDT2ei9Yg+tWn+BmqcTAK0v1GB4Yppii038Jo+eviK8ocQaNzuvWMC8eWdn8Nus3vS/Ze+yqErQQuo+BrFlAIGp+hBlfmOlSKTUpkzwAADAGyOib7doRY+SBQ5JQCwwmE4w6H0+1AVhojrNrnIjahEGsMt8QTSr6kke/ez85Rqm1gKtOaD+cMQ/7PdFt+kyqDpPpsPxMP60z6zDY010eXdnaCX5PDu5KCKRKZqX2fsmdB/XsKpyzqjfFRXc4V1UqWMmmnZ6wvKLwSz9QJ7R1DPGcXP4c4izN9AjBWeTZAoz69IDSTq09RjKhD68y9BzfaAjthjy1AWXvBh2yvthX3TAzfh5JmnYOGCJP+z9N3mQcD0z6IcLWhgRhaOaweahGYknG0wxJ3PPppceic4wPgDGYChxEbVF35rNIEAPraMnA/RXFOsckBAjSGHiAp335mY2SjX2lk6onsYTHMPIKpfLHISzlhS8A0/TUaTMSAa63qXo7mNUcAAAIMkD6Zu1E8gI+huHivHTelkuBgBEnAnZ8VXuMWr3HMn+XY2YIZwEPdedj01Kx8JpSGO+dNjh4NC/FNXqTkAIPJPc5t7KTqGpVAbdVLZ27K9iq8W4FXKfyw1WqyzxUEEqlHfkLvWj2x0LazhXilNSyqStmnNPqjD5x+p+f/3OREqdSIALPPB8c2msB3NrwM8p76x1M2v5fAneB0NLHiezTz4Hdn4R9SgYSgqSeb3vteRxY27oL0ZuaYzbs0cPI1knO4p+KQlmz6IMT7k6sZzPjiQZ5sda/Pw2D8ATNk33D+x5uAi7rC6BzMcUo6oxuQwkgBqdtHVZ2FIMSsliCN4yXrtfYNlhfVzcxkHX7Y+iKg3WQB/Zi7uw7e54HPGCdt9XIQoDO6AToaJ6cz7QaOH6KqPLfvqp266KXP1Ca6y1zsi7jRvyNfsWBCShyRqELe2GGOE2vLrsJCI22wAs1Ja993TT52Ib2UqS9DRnepzioht3q+Ybw5taokaS1vNkpQa8uQrlY10GNxdj0CQn89jHQKMrn1uvvk5FZkYGXc0xgWvA07Ne4vojsRC470AkhO/5oNicJmdAaVG6qT6nEE25CIYU4AEPd+oZYUpDxGEDxHWz0KZjs0n2RcB2pY8PG1mAQ9YQv3LGSVzeZcpvrEixRTD111rQXiL7upOV4lC5LzDlPKqWBGjD5PR6MKLyNbc9jJeGuxTiOYa9AAusEwBSo+7YSS/14VaLOLBZ9TIff7goTlInXlL10fMAElmi61zCB4uVVnqmTS++Hiy54Dz/iSQf7qZOiUFhtjBPNbFM4FhQoPpLXPJ41X2m2HiVPvLHWZC1RgEmlne+b5bMV13zxJZC/ZrJhKoAXJsk+f5JGIl+t3l5U6LBi0tP+5EM6dgt3WpKMi1gN/mynN1MnaSlwifjplrOJvcHgVBcs3xA8DfvvA7S8r+yGaCkhO0opmZstSj6keXN4y6Um+MR7hsljxtDkZYoPAWeCe7bD4YJqA4j9JSHeWlIE780J8soVxm0F6VkE5lvceftuKfSTK273a6z2x/8oEp2UAykJ2RD9tDDv9g//1WMrj2jpzTCgk/dcP/vH0Kzkwsww7uSCLq64HmuzgEgnCsKrxPODwn+oLfezO8Bf3Dsem3zYF4dpvqrRpQQ51JKgTaQp9HqsM06sdX3MI9vCNnx0VobxiN73mIeoeFXl/F+qGZk9HUIHot3nLfGlGuzidMuZmQtMXZYuxoMjwpNX+d01bHGL0Isoa/5ggl3anw5zvz3riFvF4EFxdMc1GLqYUpSpXqBLtNjTK4GNF7DspNN8q6UYJ3Wuv6YOsvKmTZfKY3reSdtJJVjueFcvA3OEgK9Vpzl+IbfAbp4UAp9Mvrc/4MumgtrkSc+t17fv4A5BA/6lp2dT3DmDZL9b5RbuWmYWCwi9C1IiOzfeHb0v3ca62eAfmfcePeI/zFO5pQlFqJg3iCJmahVi9tmfoxfOn9qMn3N0Rfo+P1CvaFJ85wRlJaaqQg5q1Y/zt672MKPoWBsypYVlTXLqaH7RMxCu0O8tD/8Cmu/uFo2mUPnDS4+qBiGjxF5cC2w4myat6DsTi59nmVhXTqvSPb9ncZPANcTRHQ4nz3uBBPY61d2yVzeJEAfHSh+6z8Iw0/WqqQAdYqXvqEcNITX3Wbq7zY2N3PcZS30b1t8DPipFhVbnup83oGz5vvs/TGHInSIQPV3E5v3Iso/HVPmLNsHMpRll1hErX1qUr3UxlGegd0ML2bvb9YTf+ADHDEKI7tW2dAED18Qrgq7EeSBVwTmCJ0DmAQAAAARVhJRroAAABFeGlmAABJSSoACAAAAAYAEgEDAAEAAAABAAAAGgEFAAEAAABWAAAAGwEFAAEAAABeAAAAKAEDAAEAAAACAAAAEwIDAAEAAAABAAAAaYcEAAEAAABmAAAAAAAAAEgAAAABAAAASAAAAAEAAAAGAACQBwAEAAAAMDIxMAGRBwAEAAAAAQIDAACgBwAEAAAAMDEwMAGgAwABAAAA//8AAAKgBAABAAAALAEAAAOgBAABAAAALAEAAAAAAAA=', 'MALE', '1998-05-18', '89012345678', '2031-05-18'),
                                                                                                                                                                                               ('10009', 'Igor Mendes', 'igor.mendes@ipem.sp.gov.br', '$2a$10$YB1lLj/IMXD4Lm0cbAphKumArFegy1hC8yxr0Cm3/n4jm9kAd7rFi', 'TECHNICIAN', '11999990009', 'D', 'AVAILABLE','UklGRpwhAABXRUJQVlA4WAoAAAAYAAAAKwEAKwEAQUxQSIcPAAABwMf/v2nNrb5rr50bq3YnqhnbLCc3qm23MWpkahuxjdqNGt6Gd/KaqHFSxHj2Wuv7+WOeeebBOXuviz8iYgI0tkNsG03ePm6NDee/+5CvH3H6ORcuuv3me7Bt/nnzHQsv/MMpP/3K/m9/2brzVtcSm7YJGtKhiY0mfex6u+73o99eftsEUzeAmfojN1/6i+98+GUvWk2TxtiEIRRiDJK07Lz5Bx572V1m8pJz6lLKuZRibBsXl5xT16VcCpN3d1740322f0ojSU1shk0TgyQ9fsv9T7z2USZNKaVcPClmGo0nLTmllJn0ocuO+sAGq0lS04ZhEmKUpMfudOhf7mbx0qVcbMysNXbJqSssfuuvDtx6ZUmKzdAIMUpq193vl/8AKCkV25g5aGznlArAbae977mSFOOAiFHSKi/7zjUAJeXixZnDxnbJqQD5skO3XE5SbAZBEyWtuseRtwBOqRgzGm1cUgK4/nvbLycphp4XYpCW2+Ww24Gcso0ZqcbOqQA3fXPzIDWxxzVR0rpfvgHIqdg2o9c2LqkAlx+8jqQY+llspFXf8Scgp2JsRraNSzJMnDl/Walp+leU9MJv3AFOxbYZ8badE7DoE/OkEHtVaCW9/OwCKRubsWjjlOHRozeRFHtTaKXl3vo3oCvGZmzauCTg9/MlxV4UWmnVvRdBTsZmzNo4GS57Y5Bi/2mlVfa/HVI2ZiwbpwxXvDFIsd9EaaUDboeu2GZc2zgnuPJNQYr9JQY177sJUsE2Y9w2OcEVu0lN009ClHa7CrqCzdg3zgn+vIXUhh7SSpv8HlLBphfa5AzHryXFvhGlp/wEcsY2PdGGXJj4/Apqmj4RovThe3AyNj3Sxglu2ENq+0OUNroQOmPTM23cwVlrSbEfhKjlvgqpYNNDbXLm4b2ltg9EacfrcQLTT22c4K8vkZqxF7X8d6EzNr3VpnSUg6V2vDXSVtdTMja91ibB+c9RE8ZYK30BOmP6ro07Jt4jteMqRK1zAc7Y9F/bJDhldbXjKUqvf5jO2PRim5K4ZUuFZgy1Cj+AhE1ftqGD/aU4dlo94yJywaZH22Rz2kpqx0totPO9dMb0axt3LHqJ4jhppP0gYdO7DR0TeyiEsRGlw3DGpofbJPi41IyJVo85h1Qw/dymFI6S4lho9bwb6Yz7GjZOnLu62jHQausH6LDp8cYd16+lduRF7QUJm15v0/GvDdSOthD0AcjY9HybRN5J7SgL0gGQsen9Nglepzi6QtACSsFmANpkeIOaURWCFpALZhjaZPiwmtEUgr5ENmYo2hTzMTWjKAR9iWzMcLQp5mOKoydIC8jGDEpTzIcUR9ACsjED0xTzerUjJuoAsjGD0xTYS+1IafUBSsEMUJNhB7UjpNVeUDCDxGQeXVftyGi1NWTMMLVJ3D1PcUREPe8BMmao2nRcu6qakdDoMTeS8HDBpuPPUhgBQTqHDpsBa9PxEzUjoNFhdNgMWtuJ/dTOuVb7kWwzcI3Nq9XOsVY744IZvCbz4DqKcyrqGfeSMQPYJK7+D4U5FBQuIuFhZDqOVjOHon5AhxnGthMfUTtnWr2ebA8lTIGNFedIo3UepmAGs0lct6LC3JAuIGEGtOk4Qs2ciPoCHWZQ2Yk3qp0DUVthe1hhCvc/U82sC1r+ejJmYJvErxVmXdR36TCDyyQ+onaWRe1IsYcXpjCxtppZFbTc9WTMADeJ3yjMqqiv0mEGmUm8U+0sitoI2wxzU/jXExVmj3QhiaGG6Thacda0+jAJM9jtwk6KsyToKfdQBh2ZK6JmadRP6DAD3nTsrXZWRG2CbQadC/9+gsJsCPo9iWGH6fie4iyI2o1sM/Bt/GI1M6fmKjLDj8Tps6DV+0iYwW8XtlWcoaCVbqK4BpD4g8IMtTqADlMB7cyuijMStMrtFNcBMn/VzLban4SpgnZmV8UZCFr1doqpBGQu0Ey22puOWoCd2VFx+rTcIoqpBiR+pzBtUW8luR5gFzZTM13S38hVgcTx0xb1crJNRbTpnq0wPY3OJlEVTeIritPS6IUFuyrgwh2rKUxH1DfoqIwm8W7FaQha9Q6KKwPOXKDpjHoHyfXBhc3VLF3Qn8hUR5P4oeJSNVoX29UBF+5+rMLSRH2ZRI1w4q2KS6PlbqCYCunEbxWWImoXsuuEmXi2wtIcRjJ1IrGv4pSCVr2dUidw5iJNPWoPsmuF4cVqpnYkiVrpxIGKUwha5RaKq0XmHIUpRL2M7Hphumermcp3SKZeJt6ruCS115ArhhNnqVlCo3Wxa0bhX49XmCxqP5KpGM68QnGyoF+SqJnu+MYSgh77D4qrRuZyTR61E8VUDfPI2gqTHUqibjrxWsXFgv5Cdt0g8YNJgh5/N4W66cylWrzRlhRXDsyDz1SQovYn1Y/My9VIjU6sIYnPqZW07LWU6kHiLAUFzXsUVw8XblxeippPMdXDpGcrtDqQrn7gzG6KjY4lUUE6DlErXUZ2/SBxnBo99i4K9dOZyyWtZ1xBKNz1WGlXUhUx+SXSfiSqSOIV0o9IriEkPiz9lkQNdeKbai8nVxESZ+hxt1HqSOZCrTGB60hh0UobUqrJPU+dT64kNs9+dz0pbHYIqZZk/vPrdPXkXUeQqCSJ/U8nuZosOIdMJe34zoXVxImjF1EqCYnTb68qN9eTzAX34HpyEaaeXGj8/6xgKso/cT25+GZKPTnnDlxLEqcspFQSJ864kFxPfvaHakLHt08huY448bmf0lFN9vkKnStJ5q37k2pJ4VVvJ9eTTV5GqSWUddatJoW7nzTvEarJwuVXv5lSRzLnSZeS60jiROkXpCrixJek75BcQ0i8W/owiRrqzI7Sy8iuIjz6AulFHVWkcMcq0mp3UiqIM3+VpAvJrh8kDlPT6Kck6qc79lXbah86V5DCyxUbbU+pHzaPzlMIespD2NUjc1UrSc1lZKpH4mQ1UtRRJFeQgxQX+0ANyWyrRmq0AaV6FO55ioIUtNqtFNcNZ85XkKRGvyJXDhLfVFws6kASddOZ3SZrtDXFVcOF+56qsJi08m0U1wwy52mJjU4jUTPd8TnFyVq9j2TXC7uwnZrJgp6bqRqFW1dRmEzSZeSakThOUUuMOpRExUy8ZSqNtqTYtcLm/qcpLEla7npKtSDzGwVNMep7JGqlE+9TnNr2FLtO2DwyT2Eq0nI3UWpF4ncKmnLUN0l1wk68V3FqjTbHdp3g/qcoTE0Kl5OrBImT1Wgpow4m4fpgZ3ZVXJqgdSZwjSjctKKWvtGZJKqjnfiS4tJFzSfb9YH8fDVLJy27iFIfEr9W0DRGfYJEZbQzeyhOR9C8R7ErQ2HRMpreRkeTcE0wiQMVp2sT7LpQuPepCtOjoN+TcD0wie8papqj5pNdE0x5gZrpknQZuR6YxLGKmvaoN5JwNbDZRM30SeEKMpXQJE5XoxmMeiPJrgQ2m8yMFK4k2zXAJM5QoxmNehOJOmCz6UxJ4QoyHn4mcaoazXDUbpXA+EUzJ+nPZDz0TMcPFTXjUVtQPPTswgPPUJg5NTqehAceHZ9Uq1mx1gS2h5zJ3LiCwmxQq8/TMfASr1XUrAxa4QYyHm4m8XsFzdKoPcgebrbhpWpmixqdRcKDjY4vKWoWrfUwxR5mJrNoOYXZo1Z702EPMduZlylqdv+VxDCj40hFzeqolxRsDy+TuX01hdmlVgfTYQ8t25n5ipr955MYXnQcoahZ3+g5ExQ8rEzmppUUZp9avYeEPaRsm20VNRcbnULHkLLp+Lyi5mTQ6reQ8YAicY7mbKutsO2hZAr3rKFmrqjV15hgKNl0vEet5mzQsv9NwoPIpuNMBc3hqOdNUPAgInHzqnNLrV5LMR4+plDWV9TcjvoCHfbQMc68Wa3metAZdNjDxqbjUEXN+UbLLSQxbGw6fq+RGLXOg2Q8YGw6rllBzShQq+2h4MFik7l3DUWNxlavwwUPFjJsolajstWHyMbDxBR4pVqNzkZfIhkPEVPMG9RqhIagw+iMh4cphQ8paqQG6Qg646FhSubjihqxQTqBznhYmFL4jBqN3EY6hc54SJhSOEghjB410ol0xoPBphT2UxM0ihvpMJLxQLApsI8ajehG+ga5YA8BmwwfUKORHaRDccHufzYZ3qSoER6C9oaM3fdsEsxXq9Ee9QZI2P3OpuPBrdVq1Eft3NFh9zlDxy3PU6vR3+qltzMB7m027rjkCWo1Dls99iI6455mUwqnRbUaj63aEygZu4/ZJPisFDUuo3QQJOz+Zegob1ZoND5D0KvupzPuWTbuuHl9RY3XVmtcTirYfcomm7NWVatx26r9GSTs3mRDB5+QosZvlN46QWfck2xK4s7tFBqN4xD1nEsoGbsP2SQ467FqNa5b6SvQGfceG3ekD0itxneUtruJnLH7jU2Cvz5PodE4D61W/DF0xu4vNqWDT0mtxn2UXnYTTtg9xcYJLllPihr/IWr5b0JXsPuITU48uq/Uqh9GaZOLoTN237BxB2evLUX1xRClj96Hk7H7hI0T3LiX1KpPRunJP4GUsd0XbEiFic+toKZRz2yljf4AqWD3A0POcNzaUlT/DFHa/SroCvb4M+QEf95KaoN6aRMU3n0zpILtcWabnOBvu0tNo94apRX3uRW6jO1xZeOcYOGbpBDVa6O04t63QMrG48k4Zbj6bY0U1XdDK630wWshJ2OPGxsnw8WvbaSoPhxaaZk3XwykYuzxYePSAb99haSo3txK2vmMAikbezzYOGV48LANJUX16ijp+V+9HUjFtkedbecEXHvg06QmqnfHRlrlLX8CcirGHl02LqnAI2fMb6XYqJc3UdKLFlwP5FRsewTZxiUV4L8OWFNSG9TbQwzSci//6V1ATtnGHiU2dk4FuOEbG0tqonp+EyWtttsxtwJOqRh7NNi4pARw3be2WUZSDBqCMUpaeYdvXw2QUy628VwytktKBtIlCzZbVlJsNBhDjJLi+h/7xd0AJaVsG88FY5fcZQPcctJ715akGDUwQ9NK0mo7feZ3d7J46VIuNvZssbFL7pJZ/O9nf2zzFSSpbTRMmzZI0uM23Pfwqx5k0pxSysWT46UznjynlFJm0nv++sN3vGgVSWraoCEbYmwkaZkn7PSh71944wSTu+SUui7lUoqXWErJqetSyoUlPnj9uV9+36arafEYGw3h0MSoSdsX7fTm75z55xseZsYfWPi7U7+05w7rNJq0jU3QkA6xbbTEVdZ4zoav3W/BN757wu+uWnjzv++/7/7777v/X39fePkvj/vONz7/0d1e+uxnLK8lxrYJGtsAVlA4ICwRAACQVACdASosASwBPnU6mEkkoyKhIXQKQJAOiU3fj5L7FAMAAdoAl9xL/uv8v/r/+x8QaknTv7P+uH94/an51qj/NPv5zdNZecf4j+j/8P+//kz2jv0P/rPcA/hv8f/4v9l/y/sAf4D2KeYD9e/2795X/Xepv/Bf6z8gPkE/rX+D/+nYKegJ+6npu/u/8JX9e/5v7hfAh+yH///f/4AP//7anS79Nv8H+M3fn/mOW7mAUl+IXez8Z9QL8d/o3+p3ncAH51/Vu+41EYqLwb/Of1d+AD9Eeg9ne+pfYL/mnUW/cb2Uf2AGtoWL3U3QnwLFK6K+wru7nNR5t0aAJ3e6KEBXIHa+Lczo0oKplw0knCZOPRrvPHJ9Fq84q5NiRClgDKrfcwBkBxLBLcU4nVUFNmrJicG4HZcDe7uPRQQB3uYLCmpKf1YncT6vGd4yfW071NZP+W23Ob4/aNubEpFvdlOaIgCk/NeiTI1q33I46K+5iHNCSvbTcvRAIM2OizYx0Ug+bQCQwpJ2UKDYlnResIZXBEtJikmAp7K0josWKUC8D9UFGbYYMQe5Ht8UnResJYpTnnSPR0kmLaoVoIn5Ko6K/r4pZpxceUg1K//ySTO7v00FYMa1qUv30oeXBQy4ELFwPTSD/w64SfNn16Nb9x/Tfwk+cHhzMpezzaNMV21YJF+bVBR3ng9sSefzSgjW7FzP7AsKOFTV8zYCEuP6NJJwlkgRu8zmY4iH7LWSdBBot7Q2hmLS22k1/+jFl3+GS7u7u5vSQoSfsnstQj+Gd56frybYS1vm9qnLJxhsWYMQslke3q2dV7lu+kP71efKY9l/QlHZhMKCVY05k3aoQ3pKf2higcRO1P9SlgiszDNGKqkPgTonj7bnlD7Lk7f2rh/yHKjlr/9v3zvhhawAAP71XN6ynJZNsD/k0h3t4MpSCniX0TrCPY1m0OR2b/nxF7KCStJLlElgDcH/vrNlLvCO/YjoElfzpe6k3aJ23ma6MFi6aJeXMSfb+KjkdAWtTj7d/rAO85rXL06lX/25A+nxEUaUL/6L7lakquvuuH/74Hw9CkNwF4IrPAPaaZjQ3gHJ7px29s2r/azjGMOxdQlAR92iIpVqdIy4PT2zrj3tc7ETZf0ZHmXGvTpbsQNR12bneG6vVm++q256Q6WIEf3gAAAMUZrR/YgtdvbIIvBC2DbP/qSnNjbXhbUYDLfhtCqzm1eAFvR9Y9IeYluZlxuu+S998/kAILPV0ygWixulf7+EtZKmfwlrLy+VqAG8mJknyU83CEdu90gegd7F4KhYAZ09LfitvzGPY2pzu6xFOZU7n1YxNAYssmVkIN5f/ZtbOw4lvWjdW3ZUKe1JEZ6IsWpGhusVkNbONzrKktYEBX+TxgSUyCrR/066aqa4tsqLuRY3b2qfBSAE0UYBrC/OvjSOJAhDNuJIrTQESaut18LN5/6DQy9g+HTQ37BC6+DODvFGDqYiBL3NmjZBxrdNo9U9GPPJQdtLy8Fbxg3KyRY3Ir34HUH4xyB/zlGr7r/pRcNXABEyBseAMZxzSxOLnEyKlBvWRmseAGmqzxJkgUKGs4IyEoJB0thXZDTeylpNCdFgDU94q2J+dhxNyogn0IMQu+wDxww2GCw/gXjvD3s1fNUqDBL6hr4j5IHgp0foygCduuPHXGSU1x0f2bbn2DE8+Lfpol3lalVqtOlo4GT1gZUBWa3fw2PnlYeaj1L/E3l3moblN+qgrxaAUVWBQmSpEPt59l4ZQP/qZOBIDbCZ8VHQS8hJ0k1k2+l9J3+v8z9N/GlgMt+p+iDqlx2hJ3V3Vq6yezmDRvR3iKEfTUctLCJPw1n3U4RGYz4tY9P1b1uHlae9PqtZFpIB2PGJibC4seQNfsmKA0mbrR/7+kGju4BPMM1BdceuOZxghP+vl+OrzVpRbp4H7zd3C94F2WG61CV1GcVHhaohB9+N/E8MeGwf6ZiVEQu7XyAAHShUjYHmz8D1j0mlIhI+tK12GHRsh25FVn94q6hdEs4ymzgTovxzU3TLFf/PgF2U+vfKHxX3//vqRJFY3jxEB8rwmr5N+dp3crpSgtFWslIUf/YyhbcU+4HFPb7+zH7fp+dqBsAzNd1dmaANc0jAPZCYCk8DpOatqrgjJLWvE+EfCXhT9b3AwJ44REKnBr1bW1ta8CRnzj/RQ3nfu2zg1OAVHE3U6W+W7U6hH8tIaHAW8o2/KnkERwnbPi/8slfSiEmtiVw9kf2A497/gRvgO/uuMFf+uTQM+xkLFc8MWSJA+KWaTrlvPVxVZPDBMkntrG5AzUqx39ak3mTyUDmIUvpiKIhheislwouCbZ1zedqX4cjAGoOQbPsNJD5KqzwTIdL6S9psf1Y+22NmRhKpfl9wiJXVKbVgt6KZ42vRXLSpQPs+LLHji9nE/VOXxjf5zEEHj7jQDsPsabkUHExxFD8mj/fkYkfjzEOCjLhgAFwB8VM56ye67SeD5YJp3eLs+17zLEw5yqIdZLPvJ4/jyTpILbjGedjXHqAgePAiYipK+s8UBWKEqEYJN/bEv9m958tSWA/7RwAAhc4a94xfc6jVhILdaX1qZZMQvaQf+NMpycRYsMEBCuh2hUrrG9I3v6w3ja9opB+4vfTXS3AMkz0Y7AOz1V+0BOW7ulBA3YILsJ5//OGREuxoBbhGoVlW6T6NE6+XO+b+e0zZvqXnR+IbgdaQg4Z4UC/KXBNkP9MjJSWhz4i0GlPlR15RIX/V+a+99MeVHgHBxHM11Ag5bErJUjy3wcrBAbMftmF/WVR+x+yxQLhfTLwICMl/t+23BQb7dVloalJn5DEONfU5eOmS/OSfvsz29t4l6rkBOG715M1yWRKgmvvOv1g5r40U2mcRraI/AMJdJ+40U3ZKpR4eoKnGcVQ13/DM3D+6WJhYh7DBOHJBcIxoe2FEB2+FfpIOJVO7A1HcbsEEO670mS/UgZo8fBNOdg/XJZ+PD6lM9ItgQ8uA5hed91Wr08MELf6wAISLnaf4DUm4OPtdfgOjjwmTZBfdEJ41qLhBUiUmRecOuPPYdv/+9JhqlzkHpn29yGmSHxna2J4VUqOGJ6P0aMHvX7jlHehquxcX3mr3vNrCT9BXXAz5K4hof1xv9e1LElp1cMlvD+zDhw7LkIeSexDVkJ+G5MeJSau8NGREnqU36j/LXjqueg7zJZiI6g5NFxDPhs3wLxAcpR2n1Ch6jXEoheCGHALrpMV4o/vTt5ALuFC5cL6E7XbjPtA73KXXaLNDhHjkXLn0nRU2JlhtTa/+EUPU9tZqRAf5viCMDh7cZZe47H+8dp5WyGjJeuOPNowRgCfoBkWct8HbG5n7dqzd3RtsL1Esvvjev6iY4/irxrp0RPIpkaXtg5JDfUof6B2z2M9SkAP2eAQfmS8uJs3AlhZSnCItiNzcA/wKdicXFm/WMAB4U8wh7KcYE7iJ3gXZDHNBX+tVr4kC2VAFrUSVBUhS/8HvnIaslPg4d5DDoHLPBoqMxOEF2ZAF75vLaSGhm3/AirTxPEfza24ke79AaHSCO6VDT2ei9Yg+tWn+BmqcTAK0v1GB4Yppii038Jo+eviK8ocQaNzuvWMC8eWdn8Nus3vS/Ze+yqErQQuo+BrFlAIGp+hBlfmOlSKTUpkzwAADAGyOib7doRY+SBQ5JQCwwmE4w6H0+1AVhojrNrnIjahEGsMt8QTSr6kke/ez85Rqm1gKtOaD+cMQ/7PdFt+kyqDpPpsPxMP60z6zDY010eXdnaCX5PDu5KCKRKZqX2fsmdB/XsKpyzqjfFRXc4V1UqWMmmnZ6wvKLwSz9QJ7R1DPGcXP4c4izN9AjBWeTZAoz69IDSTq09RjKhD68y9BzfaAjthjy1AWXvBh2yvthX3TAzfh5JmnYOGCJP+z9N3mQcD0z6IcLWhgRhaOaweahGYknG0wxJ3PPppceic4wPgDGYChxEbVF35rNIEAPraMnA/RXFOsckBAjSGHiAp335mY2SjX2lk6onsYTHMPIKpfLHISzlhS8A0/TUaTMSAa63qXo7mNUcAAAIMkD6Zu1E8gI+huHivHTelkuBgBEnAnZ8VXuMWr3HMn+XY2YIZwEPdedj01Kx8JpSGO+dNjh4NC/FNXqTkAIPJPc5t7KTqGpVAbdVLZ27K9iq8W4FXKfyw1WqyzxUEEqlHfkLvWj2x0LazhXilNSyqStmnNPqjD5x+p+f/3OREqdSIALPPB8c2msB3NrwM8p76x1M2v5fAneB0NLHiezTz4Hdn4R9SgYSgqSeb3vteRxY27oL0ZuaYzbs0cPI1knO4p+KQlmz6IMT7k6sZzPjiQZ5sda/Pw2D8ATNk33D+x5uAi7rC6BzMcUo6oxuQwkgBqdtHVZ2FIMSsliCN4yXrtfYNlhfVzcxkHX7Y+iKg3WQB/Zi7uw7e54HPGCdt9XIQoDO6AToaJ6cz7QaOH6KqPLfvqp266KXP1Ca6y1zsi7jRvyNfsWBCShyRqELe2GGOE2vLrsJCI22wAs1Ja993TT52Ib2UqS9DRnepzioht3q+Ybw5taokaS1vNkpQa8uQrlY10GNxdj0CQn89jHQKMrn1uvvk5FZkYGXc0xgWvA07Ne4vojsRC470AkhO/5oNicJmdAaVG6qT6nEE25CIYU4AEPd+oZYUpDxGEDxHWz0KZjs0n2RcB2pY8PG1mAQ9YQv3LGSVzeZcpvrEixRTD111rQXiL7upOV4lC5LzDlPKqWBGjD5PR6MKLyNbc9jJeGuxTiOYa9AAusEwBSo+7YSS/14VaLOLBZ9TIff7goTlInXlL10fMAElmi61zCB4uVVnqmTS++Hiy54Dz/iSQf7qZOiUFhtjBPNbFM4FhQoPpLXPJ41X2m2HiVPvLHWZC1RgEmlne+b5bMV13zxJZC/ZrJhKoAXJsk+f5JGIl+t3l5U6LBi0tP+5EM6dgt3WpKMi1gN/mynN1MnaSlwifjplrOJvcHgVBcs3xA8DfvvA7S8r+yGaCkhO0opmZstSj6keXN4y6Um+MR7hsljxtDkZYoPAWeCe7bD4YJqA4j9JSHeWlIE780J8soVxm0F6VkE5lvceftuKfSTK273a6z2x/8oEp2UAykJ2RD9tDDv9g//1WMrj2jpzTCgk/dcP/vH0Kzkwsww7uSCLq64HmuzgEgnCsKrxPODwn+oLfezO8Bf3Dsem3zYF4dpvqrRpQQ51JKgTaQp9HqsM06sdX3MI9vCNnx0VobxiN73mIeoeFXl/F+qGZk9HUIHot3nLfGlGuzidMuZmQtMXZYuxoMjwpNX+d01bHGL0Isoa/5ggl3anw5zvz3riFvF4EFxdMc1GLqYUpSpXqBLtNjTK4GNF7DspNN8q6UYJ3Wuv6YOsvKmTZfKY3reSdtJJVjueFcvA3OEgK9Vpzl+IbfAbp4UAp9Mvrc/4MumgtrkSc+t17fv4A5BA/6lp2dT3DmDZL9b5RbuWmYWCwi9C1IiOzfeHb0v3ca62eAfmfcePeI/zFO5pQlFqJg3iCJmahVi9tmfoxfOn9qMn3N0Rfo+P1CvaFJ85wRlJaaqQg5q1Y/zt672MKPoWBsypYVlTXLqaH7RMxCu0O8tD/8Cmu/uFo2mUPnDS4+qBiGjxF5cC2w4myat6DsTi59nmVhXTqvSPb9ncZPANcTRHQ4nz3uBBPY61d2yVzeJEAfHSh+6z8Iw0/WqqQAdYqXvqEcNITX3Wbq7zY2N3PcZS30b1t8DPipFhVbnup83oGz5vvs/TGHInSIQPV3E5v3Iso/HVPmLNsHMpRll1hErX1qUr3UxlGegd0ML2bvb9YTf+ADHDEKI7tW2dAED18Qrgq7EeSBVwTmCJ0DmAQAAAARVhJRroAAABFeGlmAABJSSoACAAAAAYAEgEDAAEAAAABAAAAGgEFAAEAAABWAAAAGwEFAAEAAABeAAAAKAEDAAEAAAACAAAAEwIDAAEAAAABAAAAaYcEAAEAAABmAAAAAAAAAEgAAAABAAAASAAAAAEAAAAGAACQBwAEAAAAMDIxMAGRBwAEAAAAAQIDAACgBwAEAAAAMDEwMAGgAwABAAAA//8AAAKgBAABAAAALAEAAAOgBAABAAAALAEAAAAAAAA=', 'MALE', '1989-12-01', '90123456789', '2027-12-01'),
                                                                                                                                                                                               ('10010', 'Larissa Gomes', 'larissa.gomes@ipem.sp.gov.br', '$2a$10$YB1lLj/IMXD4Lm0cbAphKumArFegy1hC8yxr0Cm3/n4jm9kAd7rFi', 'TECHNICIAN', '11999990010', 'B', 'AVAILABLE' ,'UklGRpwhAABXRUJQVlA4WAoAAAAYAAAAKwEAKwEAQUxQSIcPAAABwMf/v2nNrb5rr50bq3YnqhnbLCc3qm23MWpkahuxjdqNGt6Gd/KaqHFSxHj2Wuv7+WOeeebBOXuviz8iYgI0tkNsG03ePm6NDee/+5CvH3H6ORcuuv3me7Bt/nnzHQsv/MMpP/3K/m9/2brzVtcSm7YJGtKhiY0mfex6u+73o99eftsEUzeAmfojN1/6i+98+GUvWk2TxtiEIRRiDJK07Lz5Bx572V1m8pJz6lLKuZRibBsXl5xT16VcCpN3d1740322f0ojSU1shk0TgyQ9fsv9T7z2USZNKaVcPClmGo0nLTmllJn0ocuO+sAGq0lS04ZhEmKUpMfudOhf7mbx0qVcbMysNXbJqSssfuuvDtx6ZUmKzdAIMUpq193vl/8AKCkV25g5aGznlArAbae977mSFOOAiFHSKi/7zjUAJeXixZnDxnbJqQD5skO3XE5SbAZBEyWtuseRtwBOqRgzGm1cUgK4/nvbLycphp4XYpCW2+Ww24Gcso0ZqcbOqQA3fXPzIDWxxzVR0rpfvgHIqdg2o9c2LqkAlx+8jqQY+llspFXf8Scgp2JsRraNSzJMnDl/Walp+leU9MJv3AFOxbYZ8badE7DoE/OkEHtVaCW9/OwCKRubsWjjlOHRozeRFHtTaKXl3vo3oCvGZmzauCTg9/MlxV4UWmnVvRdBTsZmzNo4GS57Y5Bi/2mlVfa/HVI2ZiwbpwxXvDFIsd9EaaUDboeu2GZc2zgnuPJNQYr9JQY177sJUsE2Y9w2OcEVu0lN009ClHa7CrqCzdg3zgn+vIXUhh7SSpv8HlLBphfa5AzHryXFvhGlp/wEcsY2PdGGXJj4/Apqmj4RovThe3AyNj3Sxglu2ENq+0OUNroQOmPTM23cwVlrSbEfhKjlvgqpYNNDbXLm4b2ltg9EacfrcQLTT22c4K8vkZqxF7X8d6EzNr3VpnSUg6V2vDXSVtdTMja91ibB+c9RE8ZYK30BOmP6ro07Jt4jteMqRK1zAc7Y9F/bJDhldbXjKUqvf5jO2PRim5K4ZUuFZgy1Cj+AhE1ftqGD/aU4dlo94yJywaZH22Rz2kpqx0totPO9dMb0axt3LHqJ4jhppP0gYdO7DR0TeyiEsRGlw3DGpofbJPi41IyJVo85h1Qw/dymFI6S4lho9bwb6Yz7GjZOnLu62jHQausH6LDp8cYd16+lduRF7QUJm15v0/GvDdSOthD0AcjY9HybRN5J7SgL0gGQsen9Nglepzi6QtACSsFmANpkeIOaURWCFpALZhjaZPiwmtEUgr5ENmYo2hTzMTWjKAR9iWzMcLQp5mOKoydIC8jGDEpTzIcUR9ACsjED0xTzerUjJuoAsjGD0xTYS+1IafUBSsEMUJNhB7UjpNVeUDCDxGQeXVftyGi1NWTMMLVJ3D1PcUREPe8BMmao2nRcu6qakdDoMTeS8HDBpuPPUhgBQTqHDpsBa9PxEzUjoNFhdNgMWtuJ/dTOuVb7kWwzcI3Nq9XOsVY744IZvCbz4DqKcyrqGfeSMQPYJK7+D4U5FBQuIuFhZDqOVjOHon5AhxnGthMfUTtnWr2ebA8lTIGNFedIo3UepmAGs0lct6LC3JAuIGEGtOk4Qs2ciPoCHWZQ2Yk3qp0DUVthe1hhCvc/U82sC1r+ejJmYJvErxVmXdR36TCDyyQ+onaWRe1IsYcXpjCxtppZFbTc9WTMADeJ3yjMqqiv0mEGmUm8U+0sitoI2wxzU/jXExVmj3QhiaGG6Thacda0+jAJM9jtwk6KsyToKfdQBh2ZK6JmadRP6DAD3nTsrXZWRG2CbQadC/9+gsJsCPo9iWGH6fie4iyI2o1sM/Bt/GI1M6fmKjLDj8Tps6DV+0iYwW8XtlWcoaCVbqK4BpD4g8IMtTqADlMB7cyuijMStMrtFNcBMn/VzLban4SpgnZmV8UZCFr1doqpBGQu0Ey22puOWoCd2VFx+rTcIoqpBiR+pzBtUW8luR5gFzZTM13S38hVgcTx0xb1crJNRbTpnq0wPY3OJlEVTeIritPS6IUFuyrgwh2rKUxH1DfoqIwm8W7FaQha9Q6KKwPOXKDpjHoHyfXBhc3VLF3Qn8hUR5P4oeJSNVoX29UBF+5+rMLSRH2ZRI1w4q2KS6PlbqCYCunEbxWWImoXsuuEmXi2wtIcRjJ1IrGv4pSCVr2dUidw5iJNPWoPsmuF4cVqpnYkiVrpxIGKUwha5RaKq0XmHIUpRL2M7Hphumermcp3SKZeJt6ruCS115ArhhNnqVlCo3Wxa0bhX49XmCxqP5KpGM68QnGyoF+SqJnu+MYSgh77D4qrRuZyTR61E8VUDfPI2gqTHUqibjrxWsXFgv5Cdt0g8YNJgh5/N4W66cylWrzRlhRXDsyDz1SQovYn1Y/My9VIjU6sIYnPqZW07LWU6kHiLAUFzXsUVw8XblxeippPMdXDpGcrtDqQrn7gzG6KjY4lUUE6DlErXUZ2/SBxnBo99i4K9dOZyyWtZ1xBKNz1WGlXUhUx+SXSfiSqSOIV0o9IriEkPiz9lkQNdeKbai8nVxESZ+hxt1HqSOZCrTGB60hh0UobUqrJPU+dT64kNs9+dz0pbHYIqZZk/vPrdPXkXUeQqCSJ/U8nuZosOIdMJe34zoXVxImjF1EqCYnTb68qN9eTzAX34HpyEaaeXGj8/6xgKso/cT25+GZKPTnnDlxLEqcspFQSJ864kFxPfvaHakLHt08huY448bmf0lFN9vkKnStJ5q37k2pJ4VVvJ9eTTV5GqSWUddatJoW7nzTvEarJwuVXv5lSRzLnSZeS60jiROkXpCrixJek75BcQ0i8W/owiRrqzI7Sy8iuIjz6AulFHVWkcMcq0mp3UiqIM3+VpAvJrh8kDlPT6Kck6qc79lXbah86V5DCyxUbbU+pHzaPzlMIespD2NUjc1UrSc1lZKpH4mQ1UtRRJFeQgxQX+0ANyWyrRmq0AaV6FO55ioIUtNqtFNcNZ85XkKRGvyJXDhLfVFws6kASddOZ3SZrtDXFVcOF+56qsJi08m0U1wwy52mJjU4jUTPd8TnFyVq9j2TXC7uwnZrJgp6bqRqFW1dRmEzSZeSakThOUUuMOpRExUy8ZSqNtqTYtcLm/qcpLEla7npKtSDzGwVNMep7JGqlE+9TnNr2FLtO2DwyT2Eq0nI3UWpF4ncKmnLUN0l1wk68V3FqjTbHdp3g/qcoTE0Kl5OrBImT1Wgpow4m4fpgZ3ZVXJqgdSZwjSjctKKWvtGZJKqjnfiS4tJFzSfb9YH8fDVLJy27iFIfEr9W0DRGfYJEZbQzeyhOR9C8R7ErQ2HRMpreRkeTcE0wiQMVp2sT7LpQuPepCtOjoN+TcD0wie8papqj5pNdE0x5gZrpknQZuR6YxLGKmvaoN5JwNbDZRM30SeEKMpXQJE5XoxmMeiPJrgQ2m8yMFK4k2zXAJM5QoxmNehOJOmCz6UxJ4QoyHn4mcaoazXDUbpXA+EUzJ+nPZDz0TMcPFTXjUVtQPPTswgPPUJg5NTqehAceHZ9Uq1mx1gS2h5zJ3LiCwmxQq8/TMfASr1XUrAxa4QYyHm4m8XsFzdKoPcgebrbhpWpmixqdRcKDjY4vKWoWrfUwxR5mJrNoOYXZo1Z702EPMduZlylqdv+VxDCj40hFzeqolxRsDy+TuX01hdmlVgfTYQ8t25n5ipr955MYXnQcoahZ3+g5ExQ8rEzmppUUZp9avYeEPaRsm20VNRcbnULHkLLp+Lyi5mTQ6reQ8YAicY7mbKutsO2hZAr3rKFmrqjV15hgKNl0vEet5mzQsv9NwoPIpuNMBc3hqOdNUPAgInHzqnNLrV5LMR4+plDWV9TcjvoCHfbQMc68Wa3metAZdNjDxqbjUEXN+UbLLSQxbGw6fq+RGLXOg2Q8YGw6rllBzShQq+2h4MFik7l3DUWNxlavwwUPFjJsolajstWHyMbDxBR4pVqNzkZfIhkPEVPMG9RqhIagw+iMh4cphQ8paqQG6Qg646FhSubjihqxQTqBznhYmFL4jBqN3EY6hc54SJhSOEghjB410ol0xoPBphT2UxM0ihvpMJLxQLApsI8ajehG+ga5YA8BmwwfUKORHaRDccHufzYZ3qSoER6C9oaM3fdsEsxXq9Ee9QZI2P3OpuPBrdVq1Eft3NFh9zlDxy3PU6vR3+qltzMB7m027rjkCWo1Dls99iI6455mUwqnRbUaj63aEygZu4/ZJPisFDUuo3QQJOz+Zegob1ZoND5D0KvupzPuWTbuuHl9RY3XVmtcTirYfcomm7NWVatx26r9GSTs3mRDB5+QosZvlN46QWfck2xK4s7tFBqN4xD1nEsoGbsP2SQ467FqNa5b6SvQGfceG3ekD0itxneUtruJnLH7jU2Cvz5PodE4D61W/DF0xu4vNqWDT0mtxn2UXnYTTtg9xcYJLllPihr/IWr5b0JXsPuITU48uq/Uqh9GaZOLoTN237BxB2evLUX1xRClj96Hk7H7hI0T3LiX1KpPRunJP4GUsd0XbEiFic+toKZRz2yljf4AqWD3A0POcNzaUlT/DFHa/SroCvb4M+QEf95KaoN6aRMU3n0zpILtcWabnOBvu0tNo94apRX3uRW6jO1xZeOcYOGbpBDVa6O04t63QMrG48k4Zbj6bY0U1XdDK630wWshJ2OPGxsnw8WvbaSoPhxaaZk3XwykYuzxYePSAb99haSo3txK2vmMAikbezzYOGV48LANJUX16ijp+V+9HUjFtkedbecEXHvg06QmqnfHRlrlLX8CcirGHl02LqnAI2fMb6XYqJc3UdKLFlwP5FRsewTZxiUV4L8OWFNSG9TbQwzSci//6V1ATtnGHiU2dk4FuOEbG0tqonp+EyWtttsxtwJOqRh7NNi4pARw3be2WUZSDBqCMUpaeYdvXw2QUy628VwytktKBtIlCzZbVlJsNBhDjJLi+h/7xd0AJaVsG88FY5fcZQPcctJ715akGDUwQ9NK0mo7feZ3d7J46VIuNvZssbFL7pJZ/O9nf2zzFSSpbTRMmzZI0uM23Pfwqx5k0pxSysWT46UznjynlFJm0nv++sN3vGgVSWraoCEbYmwkaZkn7PSh71944wSTu+SUui7lUoqXWErJqetSyoUlPnj9uV9+36arafEYGw3h0MSoSdsX7fTm75z55xseZsYfWPi7U7+05w7rNJq0jU3QkA6xbbTEVdZ4zoav3W/BN757wu+uWnjzv++/7/7777v/X39fePkvj/vONz7/0d1e+uxnLK8lxrYJGtsAVlA4ICwRAACQVACdASosASwBPnU6mEkkoyKhIXQKQJAOiU3fj5L7FAMAAdoAl9xL/uv8v/r/+x8QaknTv7P+uH94/an51qj/NPv5zdNZecf4j+j/8P+//kz2jv0P/rPcA/hv8f/4v9l/y/sAf4D2KeYD9e/2795X/Xepv/Bf6z8gPkE/rX+D/+nYKegJ+6npu/u/8JX9e/5v7hfAh+yH///f/4AP//7anS79Nv8H+M3fn/mOW7mAUl+IXez8Z9QL8d/o3+p3ncAH51/Vu+41EYqLwb/Of1d+AD9Eeg9ne+pfYL/mnUW/cb2Uf2AGtoWL3U3QnwLFK6K+wru7nNR5t0aAJ3e6KEBXIHa+Lczo0oKplw0knCZOPRrvPHJ9Fq84q5NiRClgDKrfcwBkBxLBLcU4nVUFNmrJicG4HZcDe7uPRQQB3uYLCmpKf1YncT6vGd4yfW071NZP+W23Ob4/aNubEpFvdlOaIgCk/NeiTI1q33I46K+5iHNCSvbTcvRAIM2OizYx0Ug+bQCQwpJ2UKDYlnResIZXBEtJikmAp7K0josWKUC8D9UFGbYYMQe5Ht8UnResJYpTnnSPR0kmLaoVoIn5Ko6K/r4pZpxceUg1K//ySTO7v00FYMa1qUv30oeXBQy4ELFwPTSD/w64SfNn16Nb9x/Tfwk+cHhzMpezzaNMV21YJF+bVBR3ng9sSefzSgjW7FzP7AsKOFTV8zYCEuP6NJJwlkgRu8zmY4iH7LWSdBBot7Q2hmLS22k1/+jFl3+GS7u7u5vSQoSfsnstQj+Gd56frybYS1vm9qnLJxhsWYMQslke3q2dV7lu+kP71efKY9l/QlHZhMKCVY05k3aoQ3pKf2higcRO1P9SlgiszDNGKqkPgTonj7bnlD7Lk7f2rh/yHKjlr/9v3zvhhawAAP71XN6ynJZNsD/k0h3t4MpSCniX0TrCPY1m0OR2b/nxF7KCStJLlElgDcH/vrNlLvCO/YjoElfzpe6k3aJ23ma6MFi6aJeXMSfb+KjkdAWtTj7d/rAO85rXL06lX/25A+nxEUaUL/6L7lakquvuuH/74Hw9CkNwF4IrPAPaaZjQ3gHJ7px29s2r/azjGMOxdQlAR92iIpVqdIy4PT2zrj3tc7ETZf0ZHmXGvTpbsQNR12bneG6vVm++q256Q6WIEf3gAAAMUZrR/YgtdvbIIvBC2DbP/qSnNjbXhbUYDLfhtCqzm1eAFvR9Y9IeYluZlxuu+S998/kAILPV0ygWixulf7+EtZKmfwlrLy+VqAG8mJknyU83CEdu90gegd7F4KhYAZ09LfitvzGPY2pzu6xFOZU7n1YxNAYssmVkIN5f/ZtbOw4lvWjdW3ZUKe1JEZ6IsWpGhusVkNbONzrKktYEBX+TxgSUyCrR/066aqa4tsqLuRY3b2qfBSAE0UYBrC/OvjSOJAhDNuJIrTQESaut18LN5/6DQy9g+HTQ37BC6+DODvFGDqYiBL3NmjZBxrdNo9U9GPPJQdtLy8Fbxg3KyRY3Ir34HUH4xyB/zlGr7r/pRcNXABEyBseAMZxzSxOLnEyKlBvWRmseAGmqzxJkgUKGs4IyEoJB0thXZDTeylpNCdFgDU94q2J+dhxNyogn0IMQu+wDxww2GCw/gXjvD3s1fNUqDBL6hr4j5IHgp0foygCduuPHXGSU1x0f2bbn2DE8+Lfpol3lalVqtOlo4GT1gZUBWa3fw2PnlYeaj1L/E3l3moblN+qgrxaAUVWBQmSpEPt59l4ZQP/qZOBIDbCZ8VHQS8hJ0k1k2+l9J3+v8z9N/GlgMt+p+iDqlx2hJ3V3Vq6yezmDRvR3iKEfTUctLCJPw1n3U4RGYz4tY9P1b1uHlae9PqtZFpIB2PGJibC4seQNfsmKA0mbrR/7+kGju4BPMM1BdceuOZxghP+vl+OrzVpRbp4H7zd3C94F2WG61CV1GcVHhaohB9+N/E8MeGwf6ZiVEQu7XyAAHShUjYHmz8D1j0mlIhI+tK12GHRsh25FVn94q6hdEs4ymzgTovxzU3TLFf/PgF2U+vfKHxX3//vqRJFY3jxEB8rwmr5N+dp3crpSgtFWslIUf/YyhbcU+4HFPb7+zH7fp+dqBsAzNd1dmaANc0jAPZCYCk8DpOatqrgjJLWvE+EfCXhT9b3AwJ44REKnBr1bW1ta8CRnzj/RQ3nfu2zg1OAVHE3U6W+W7U6hH8tIaHAW8o2/KnkERwnbPi/8slfSiEmtiVw9kf2A497/gRvgO/uuMFf+uTQM+xkLFc8MWSJA+KWaTrlvPVxVZPDBMkntrG5AzUqx39ak3mTyUDmIUvpiKIhheislwouCbZ1zedqX4cjAGoOQbPsNJD5KqzwTIdL6S9psf1Y+22NmRhKpfl9wiJXVKbVgt6KZ42vRXLSpQPs+LLHji9nE/VOXxjf5zEEHj7jQDsPsabkUHExxFD8mj/fkYkfjzEOCjLhgAFwB8VM56ye67SeD5YJp3eLs+17zLEw5yqIdZLPvJ4/jyTpILbjGedjXHqAgePAiYipK+s8UBWKEqEYJN/bEv9m958tSWA/7RwAAhc4a94xfc6jVhILdaX1qZZMQvaQf+NMpycRYsMEBCuh2hUrrG9I3v6w3ja9opB+4vfTXS3AMkz0Y7AOz1V+0BOW7ulBA3YILsJ5//OGREuxoBbhGoVlW6T6NE6+XO+b+e0zZvqXnR+IbgdaQg4Z4UC/KXBNkP9MjJSWhz4i0GlPlR15RIX/V+a+99MeVHgHBxHM11Ag5bErJUjy3wcrBAbMftmF/WVR+x+yxQLhfTLwICMl/t+23BQb7dVloalJn5DEONfU5eOmS/OSfvsz29t4l6rkBOG715M1yWRKgmvvOv1g5r40U2mcRraI/AMJdJ+40U3ZKpR4eoKnGcVQ13/DM3D+6WJhYh7DBOHJBcIxoe2FEB2+FfpIOJVO7A1HcbsEEO670mS/UgZo8fBNOdg/XJZ+PD6lM9ItgQ8uA5hed91Wr08MELf6wAISLnaf4DUm4OPtdfgOjjwmTZBfdEJ41qLhBUiUmRecOuPPYdv/+9JhqlzkHpn29yGmSHxna2J4VUqOGJ6P0aMHvX7jlHehquxcX3mr3vNrCT9BXXAz5K4hof1xv9e1LElp1cMlvD+zDhw7LkIeSexDVkJ+G5MeJSau8NGREnqU36j/LXjqueg7zJZiI6g5NFxDPhs3wLxAcpR2n1Ch6jXEoheCGHALrpMV4o/vTt5ALuFC5cL6E7XbjPtA73KXXaLNDhHjkXLn0nRU2JlhtTa/+EUPU9tZqRAf5viCMDh7cZZe47H+8dp5WyGjJeuOPNowRgCfoBkWct8HbG5n7dqzd3RtsL1Esvvjev6iY4/irxrp0RPIpkaXtg5JDfUof6B2z2M9SkAP2eAQfmS8uJs3AlhZSnCItiNzcA/wKdicXFm/WMAB4U8wh7KcYE7iJ3gXZDHNBX+tVr4kC2VAFrUSVBUhS/8HvnIaslPg4d5DDoHLPBoqMxOEF2ZAF75vLaSGhm3/AirTxPEfza24ke79AaHSCO6VDT2ei9Yg+tWn+BmqcTAK0v1GB4Yppii038Jo+eviK8ocQaNzuvWMC8eWdn8Nus3vS/Ze+yqErQQuo+BrFlAIGp+hBlfmOlSKTUpkzwAADAGyOib7doRY+SBQ5JQCwwmE4w6H0+1AVhojrNrnIjahEGsMt8QTSr6kke/ez85Rqm1gKtOaD+cMQ/7PdFt+kyqDpPpsPxMP60z6zDY010eXdnaCX5PDu5KCKRKZqX2fsmdB/XsKpyzqjfFRXc4V1UqWMmmnZ6wvKLwSz9QJ7R1DPGcXP4c4izN9AjBWeTZAoz69IDSTq09RjKhD68y9BzfaAjthjy1AWXvBh2yvthX3TAzfh5JmnYOGCJP+z9N3mQcD0z6IcLWhgRhaOaweahGYknG0wxJ3PPppceic4wPgDGYChxEbVF35rNIEAPraMnA/RXFOsckBAjSGHiAp335mY2SjX2lk6onsYTHMPIKpfLHISzlhS8A0/TUaTMSAa63qXo7mNUcAAAIMkD6Zu1E8gI+huHivHTelkuBgBEnAnZ8VXuMWr3HMn+XY2YIZwEPdedj01Kx8JpSGO+dNjh4NC/FNXqTkAIPJPc5t7KTqGpVAbdVLZ27K9iq8W4FXKfyw1WqyzxUEEqlHfkLvWj2x0LazhXilNSyqStmnNPqjD5x+p+f/3OREqdSIALPPB8c2msB3NrwM8p76x1M2v5fAneB0NLHiezTz4Hdn4R9SgYSgqSeb3vteRxY27oL0ZuaYzbs0cPI1knO4p+KQlmz6IMT7k6sZzPjiQZ5sda/Pw2D8ATNk33D+x5uAi7rC6BzMcUo6oxuQwkgBqdtHVZ2FIMSsliCN4yXrtfYNlhfVzcxkHX7Y+iKg3WQB/Zi7uw7e54HPGCdt9XIQoDO6AToaJ6cz7QaOH6KqPLfvqp266KXP1Ca6y1zsi7jRvyNfsWBCShyRqELe2GGOE2vLrsJCI22wAs1Ja993TT52Ib2UqS9DRnepzioht3q+Ybw5taokaS1vNkpQa8uQrlY10GNxdj0CQn89jHQKMrn1uvvk5FZkYGXc0xgWvA07Ne4vojsRC470AkhO/5oNicJmdAaVG6qT6nEE25CIYU4AEPd+oZYUpDxGEDxHWz0KZjs0n2RcB2pY8PG1mAQ9YQv3LGSVzeZcpvrEixRTD111rQXiL7upOV4lC5LzDlPKqWBGjD5PR6MKLyNbc9jJeGuxTiOYa9AAusEwBSo+7YSS/14VaLOLBZ9TIff7goTlInXlL10fMAElmi61zCB4uVVnqmTS++Hiy54Dz/iSQf7qZOiUFhtjBPNbFM4FhQoPpLXPJ41X2m2HiVPvLHWZC1RgEmlne+b5bMV13zxJZC/ZrJhKoAXJsk+f5JGIl+t3l5U6LBi0tP+5EM6dgt3WpKMi1gN/mynN1MnaSlwifjplrOJvcHgVBcs3xA8DfvvA7S8r+yGaCkhO0opmZstSj6keXN4y6Um+MR7hsljxtDkZYoPAWeCe7bD4YJqA4j9JSHeWlIE780J8soVxm0F6VkE5lvceftuKfSTK273a6z2x/8oEp2UAykJ2RD9tDDv9g//1WMrj2jpzTCgk/dcP/vH0Kzkwsww7uSCLq64HmuzgEgnCsKrxPODwn+oLfezO8Bf3Dsem3zYF4dpvqrRpQQ51JKgTaQp9HqsM06sdX3MI9vCNnx0VobxiN73mIeoeFXl/F+qGZk9HUIHot3nLfGlGuzidMuZmQtMXZYuxoMjwpNX+d01bHGL0Isoa/5ggl3anw5zvz3riFvF4EFxdMc1GLqYUpSpXqBLtNjTK4GNF7DspNN8q6UYJ3Wuv6YOsvKmTZfKY3reSdtJJVjueFcvA3OEgK9Vpzl+IbfAbp4UAp9Mvrc/4MumgtrkSc+t17fv4A5BA/6lp2dT3DmDZL9b5RbuWmYWCwi9C1IiOzfeHb0v3ca62eAfmfcePeI/zFO5pQlFqJg3iCJmahVi9tmfoxfOn9qMn3N0Rfo+P1CvaFJ85wRlJaaqQg5q1Y/zt672MKPoWBsypYVlTXLqaH7RMxCu0O8tD/8Cmu/uFo2mUPnDS4+qBiGjxF5cC2w4myat6DsTi59nmVhXTqvSPb9ncZPANcTRHQ4nz3uBBPY61d2yVzeJEAfHSh+6z8Iw0/WqqQAdYqXvqEcNITX3Wbq7zY2N3PcZS30b1t8DPipFhVbnup83oGz5vvs/TGHInSIQPV3E5v3Iso/HVPmLNsHMpRll1hErX1qUr3UxlGegd0ML2bvb9YTf+ADHDEKI7tW2dAED18Qrgq7EeSBVwTmCJ0DmAQAAAARVhJRroAAABFeGlmAABJSSoACAAAAAYAEgEDAAEAAAABAAAAGgEFAAEAAABWAAAAGwEFAAEAAABeAAAAKAEDAAEAAAACAAAAEwIDAAEAAAABAAAAaYcEAAEAAABmAAAAAAAAAEgAAAABAAAASAAAAAEAAAAGAACQBwAEAAAAMDIxMAGRBwAEAAAAAQIDAACgBwAEAAAAMDEwMAGgAwABAAAA//8AAAKgBAABAAAALAEAAAOgBAABAAAALAEAAAAAAAA=', 'FEMALE', '1993-06-25', '01234567890', '2029-06-25'),
                                                                                                                                                                                               ('10011', 'Kevin Santos', 'kevin.santos@ipem.sp.gov.br', '$2a$10$YB1lLj/IMXD4Lm0cbAphKumArFegy1hC8yxr0Cm3/n4jm9kAd7rFi', 'TECHNICIAN', '11999990011', 'B', 'AVAILABLE' ,'UklGRpwhAABXRUJQVlA4WAoAAAAYAAAAKwEAKwEAQUxQSIcPAAABwMf/v2nNrb5rr50bq3YnqhnbLCc3qm23MWpkahuxjdqNGt6Gd/KaqHFSxHj2Wuv7+WOeeebBOXuviz8iYgI0tkNsG03ePm6NDee/+5CvH3H6ORcuuv3me7Bt/nnzHQsv/MMpP/3K/m9/2brzVtcSm7YJGtKhiY0mfex6u+73o99eftsEUzeAmfojN1/6i+98+GUvWk2TxtiEIRRiDJK07Lz5Bx572V1m8pJz6lLKuZRibBsXl5xT16VcCpN3d1740322f0ojSU1shk0TgyQ9fsv9T7z2USZNKaVcPClmGo0nLTmllJn0ocuO+sAGq0lS04ZhEmKUpMfudOhf7mbx0qVcbMysNXbJqSssfuuvDtx6ZUmKzdAIMUpq193vl/8AKCkV25g5aGznlArAbae977mSFOOAiFHSKi/7zjUAJeXixZnDxnbJqQD5skO3XE5SbAZBEyWtuseRtwBOqRgzGm1cUgK4/nvbLycphp4XYpCW2+Ww24Gcso0ZqcbOqQA3fXPzIDWxxzVR0rpfvgHIqdg2o9c2LqkAlx+8jqQY+llspFXf8Scgp2JsRraNSzJMnDl/Walp+leU9MJv3AFOxbYZ8badE7DoE/OkEHtVaCW9/OwCKRubsWjjlOHRozeRFHtTaKXl3vo3oCvGZmzauCTg9/MlxV4UWmnVvRdBTsZmzNo4GS57Y5Bi/2mlVfa/HVI2ZiwbpwxXvDFIsd9EaaUDboeu2GZc2zgnuPJNQYr9JQY177sJUsE2Y9w2OcEVu0lN009ClHa7CrqCzdg3zgn+vIXUhh7SSpv8HlLBphfa5AzHryXFvhGlp/wEcsY2PdGGXJj4/Apqmj4RovThe3AyNj3Sxglu2ENq+0OUNroQOmPTM23cwVlrSbEfhKjlvgqpYNNDbXLm4b2ltg9EacfrcQLTT22c4K8vkZqxF7X8d6EzNr3VpnSUg6V2vDXSVtdTMja91ibB+c9RE8ZYK30BOmP6ro07Jt4jteMqRK1zAc7Y9F/bJDhldbXjKUqvf5jO2PRim5K4ZUuFZgy1Cj+AhE1ftqGD/aU4dlo94yJywaZH22Rz2kpqx0totPO9dMb0axt3LHqJ4jhppP0gYdO7DR0TeyiEsRGlw3DGpofbJPi41IyJVo85h1Qw/dymFI6S4lho9bwb6Yz7GjZOnLu62jHQausH6LDp8cYd16+lduRF7QUJm15v0/GvDdSOthD0AcjY9HybRN5J7SgL0gGQsen9Nglepzi6QtACSsFmANpkeIOaURWCFpALZhjaZPiwmtEUgr5ENmYo2hTzMTWjKAR9iWzMcLQp5mOKoydIC8jGDEpTzIcUR9ACsjED0xTzerUjJuoAsjGD0xTYS+1IafUBSsEMUJNhB7UjpNVeUDCDxGQeXVftyGi1NWTMMLVJ3D1PcUREPe8BMmao2nRcu6qakdDoMTeS8HDBpuPPUhgBQTqHDpsBa9PxEzUjoNFhdNgMWtuJ/dTOuVb7kWwzcI3Nq9XOsVY744IZvCbz4DqKcyrqGfeSMQPYJK7+D4U5FBQuIuFhZDqOVjOHon5AhxnGthMfUTtnWr2ebA8lTIGNFedIo3UepmAGs0lct6LC3JAuIGEGtOk4Qs2ciPoCHWZQ2Yk3qp0DUVthe1hhCvc/U82sC1r+ejJmYJvErxVmXdR36TCDyyQ+onaWRe1IsYcXpjCxtppZFbTc9WTMADeJ3yjMqqiv0mEGmUm8U+0sitoI2wxzU/jXExVmj3QhiaGG6Thacda0+jAJM9jtwk6KsyToKfdQBh2ZK6JmadRP6DAD3nTsrXZWRG2CbQadC/9+gsJsCPo9iWGH6fie4iyI2o1sM/Bt/GI1M6fmKjLDj8Tps6DV+0iYwW8XtlWcoaCVbqK4BpD4g8IMtTqADlMB7cyuijMStMrtFNcBMn/VzLban4SpgnZmV8UZCFr1doqpBGQu0Ey22puOWoCd2VFx+rTcIoqpBiR+pzBtUW8luR5gFzZTM13S38hVgcTx0xb1crJNRbTpnq0wPY3OJlEVTeIritPS6IUFuyrgwh2rKUxH1DfoqIwm8W7FaQha9Q6KKwPOXKDpjHoHyfXBhc3VLF3Qn8hUR5P4oeJSNVoX29UBF+5+rMLSRH2ZRI1w4q2KS6PlbqCYCunEbxWWImoXsuuEmXi2wtIcRjJ1IrGv4pSCVr2dUidw5iJNPWoPsmuF4cVqpnYkiVrpxIGKUwha5RaKq0XmHIUpRL2M7Hphumermcp3SKZeJt6ruCS115ArhhNnqVlCo3Wxa0bhX49XmCxqP5KpGM68QnGyoF+SqJnu+MYSgh77D4qrRuZyTR61E8VUDfPI2gqTHUqibjrxWsXFgv5Cdt0g8YNJgh5/N4W66cylWrzRlhRXDsyDz1SQovYn1Y/My9VIjU6sIYnPqZW07LWU6kHiLAUFzXsUVw8XblxeippPMdXDpGcrtDqQrn7gzG6KjY4lUUE6DlErXUZ2/SBxnBo99i4K9dOZyyWtZ1xBKNz1WGlXUhUx+SXSfiSqSOIV0o9IriEkPiz9lkQNdeKbai8nVxESZ+hxt1HqSOZCrTGB60hh0UobUqrJPU+dT64kNs9+dz0pbHYIqZZk/vPrdPXkXUeQqCSJ/U8nuZosOIdMJe34zoXVxImjF1EqCYnTb68qN9eTzAX34HpyEaaeXGj8/6xgKso/cT25+GZKPTnnDlxLEqcspFQSJ864kFxPfvaHakLHt08huY448bmf0lFN9vkKnStJ5q37k2pJ4VVvJ9eTTV5GqSWUddatJoW7nzTvEarJwuVXv5lSRzLnSZeS60jiROkXpCrixJek75BcQ0i8W/owiRrqzI7Sy8iuIjz6AulFHVWkcMcq0mp3UiqIM3+VpAvJrh8kDlPT6Kck6qc79lXbah86V5DCyxUbbU+pHzaPzlMIespD2NUjc1UrSc1lZKpH4mQ1UtRRJFeQgxQX+0ANyWyrRmq0AaV6FO55ioIUtNqtFNcNZ85XkKRGvyJXDhLfVFws6kASddOZ3SZrtDXFVcOF+56qsJi08m0U1wwy52mJjU4jUTPd8TnFyVq9j2TXC7uwnZrJgp6bqRqFW1dRmEzSZeSakThOUUuMOpRExUy8ZSqNtqTYtcLm/qcpLEla7npKtSDzGwVNMep7JGqlE+9TnNr2FLtO2DwyT2Eq0nI3UWpF4ncKmnLUN0l1wk68V3FqjTbHdp3g/qcoTE0Kl5OrBImT1Wgpow4m4fpgZ3ZVXJqgdSZwjSjctKKWvtGZJKqjnfiS4tJFzSfb9YH8fDVLJy27iFIfEr9W0DRGfYJEZbQzeyhOR9C8R7ErQ2HRMpreRkeTcE0wiQMVp2sT7LpQuPepCtOjoN+TcD0wie8papqj5pNdE0x5gZrpknQZuR6YxLGKmvaoN5JwNbDZRM30SeEKMpXQJE5XoxmMeiPJrgQ2m8yMFK4k2zXAJM5QoxmNehOJOmCz6UxJ4QoyHn4mcaoazXDUbpXA+EUzJ+nPZDz0TMcPFTXjUVtQPPTswgPPUJg5NTqehAceHZ9Uq1mx1gS2h5zJ3LiCwmxQq8/TMfASr1XUrAxa4QYyHm4m8XsFzdKoPcgebrbhpWpmixqdRcKDjY4vKWoWrfUwxR5mJrNoOYXZo1Z702EPMduZlylqdv+VxDCj40hFzeqolxRsDy+TuX01hdmlVgfTYQ8t25n5ipr955MYXnQcoahZ3+g5ExQ8rEzmppUUZp9avYeEPaRsm20VNRcbnULHkLLp+Lyi5mTQ6reQ8YAicY7mbKutsO2hZAr3rKFmrqjV15hgKNl0vEet5mzQsv9NwoPIpuNMBc3hqOdNUPAgInHzqnNLrV5LMR4+plDWV9TcjvoCHfbQMc68Wa3metAZdNjDxqbjUEXN+UbLLSQxbGw6fq+RGLXOg2Q8YGw6rllBzShQq+2h4MFik7l3DUWNxlavwwUPFjJsolajstWHyMbDxBR4pVqNzkZfIhkPEVPMG9RqhIagw+iMh4cphQ8paqQG6Qg646FhSubjihqxQTqBznhYmFL4jBqN3EY6hc54SJhSOEghjB410ol0xoPBphT2UxM0ihvpMJLxQLApsI8ajehG+ga5YA8BmwwfUKORHaRDccHufzYZ3qSoER6C9oaM3fdsEsxXq9Ee9QZI2P3OpuPBrdVq1Eft3NFh9zlDxy3PU6vR3+qltzMB7m027rjkCWo1Dls99iI6455mUwqnRbUaj63aEygZu4/ZJPisFDUuo3QQJOz+Zegob1ZoND5D0KvupzPuWTbuuHl9RY3XVmtcTirYfcomm7NWVatx26r9GSTs3mRDB5+QosZvlN46QWfck2xK4s7tFBqN4xD1nEsoGbsP2SQ467FqNa5b6SvQGfceG3ekD0itxneUtruJnLH7jU2Cvz5PodE4D61W/DF0xu4vNqWDT0mtxn2UXnYTTtg9xcYJLllPihr/IWr5b0JXsPuITU48uq/Uqh9GaZOLoTN237BxB2evLUX1xRClj96Hk7H7hI0T3LiX1KpPRunJP4GUsd0XbEiFic+toKZRz2yljf4AqWD3A0POcNzaUlT/DFHa/SroCvb4M+QEf95KaoN6aRMU3n0zpILtcWabnOBvu0tNo94apRX3uRW6jO1xZeOcYOGbpBDVa6O04t63QMrG48k4Zbj6bY0U1XdDK630wWshJ2OPGxsnw8WvbaSoPhxaaZk3XwykYuzxYePSAb99haSo3txK2vmMAikbezzYOGV48LANJUX16ijp+V+9HUjFtkedbecEXHvg06QmqnfHRlrlLX8CcirGHl02LqnAI2fMb6XYqJc3UdKLFlwP5FRsewTZxiUV4L8OWFNSG9TbQwzSci//6V1ATtnGHiU2dk4FuOEbG0tqonp+EyWtttsxtwJOqRh7NNi4pARw3be2WUZSDBqCMUpaeYdvXw2QUy628VwytktKBtIlCzZbVlJsNBhDjJLi+h/7xd0AJaVsG88FY5fcZQPcctJ715akGDUwQ9NK0mo7feZ3d7J46VIuNvZssbFL7pJZ/O9nf2zzFSSpbTRMmzZI0uM23Pfwqx5k0pxSysWT46UznjynlFJm0nv++sN3vGgVSWraoCEbYmwkaZkn7PSh71944wSTu+SUui7lUoqXWErJqetSyoUlPnj9uV9+36arafEYGw3h0MSoSdsX7fTm75z55xseZsYfWPi7U7+05w7rNJq0jU3QkA6xbbTEVdZ4zoav3W/BN757wu+uWnjzv++/7/7777v/X39fePkvj/vONz7/0d1e+uxnLK8lxrYJGtsAVlA4ICwRAACQVACdASosASwBPnU6mEkkoyKhIXQKQJAOiU3fj5L7FAMAAdoAl9xL/uv8v/r/+x8QaknTv7P+uH94/an51qj/NPv5zdNZecf4j+j/8P+//kz2jv0P/rPcA/hv8f/4v9l/y/sAf4D2KeYD9e/2795X/Xepv/Bf6z8gPkE/rX+D/+nYKegJ+6npu/u/8JX9e/5v7hfAh+yH///f/4AP//7anS79Nv8H+M3fn/mOW7mAUl+IXez8Z9QL8d/o3+p3ncAH51/Vu+41EYqLwb/Of1d+AD9Eeg9ne+pfYL/mnUW/cb2Uf2AGtoWL3U3QnwLFK6K+wru7nNR5t0aAJ3e6KEBXIHa+Lczo0oKplw0knCZOPRrvPHJ9Fq84q5NiRClgDKrfcwBkBxLBLcU4nVUFNmrJicG4HZcDe7uPRQQB3uYLCmpKf1YncT6vGd4yfW071NZP+W23Ob4/aNubEpFvdlOaIgCk/NeiTI1q33I46K+5iHNCSvbTcvRAIM2OizYx0Ug+bQCQwpJ2UKDYlnResIZXBEtJikmAp7K0josWKUC8D9UFGbYYMQe5Ht8UnResJYpTnnSPR0kmLaoVoIn5Ko6K/r4pZpxceUg1K//ySTO7v00FYMa1qUv30oeXBQy4ELFwPTSD/w64SfNn16Nb9x/Tfwk+cHhzMpezzaNMV21YJF+bVBR3ng9sSefzSgjW7FzP7AsKOFTV8zYCEuP6NJJwlkgRu8zmY4iH7LWSdBBot7Q2hmLS22k1/+jFl3+GS7u7u5vSQoSfsnstQj+Gd56frybYS1vm9qnLJxhsWYMQslke3q2dV7lu+kP71efKY9l/QlHZhMKCVY05k3aoQ3pKf2higcRO1P9SlgiszDNGKqkPgTonj7bnlD7Lk7f2rh/yHKjlr/9v3zvhhawAAP71XN6ynJZNsD/k0h3t4MpSCniX0TrCPY1m0OR2b/nxF7KCStJLlElgDcH/vrNlLvCO/YjoElfzpe6k3aJ23ma6MFi6aJeXMSfb+KjkdAWtTj7d/rAO85rXL06lX/25A+nxEUaUL/6L7lakquvuuH/74Hw9CkNwF4IrPAPaaZjQ3gHJ7px29s2r/azjGMOxdQlAR92iIpVqdIy4PT2zrj3tc7ETZf0ZHmXGvTpbsQNR12bneG6vVm++q256Q6WIEf3gAAAMUZrR/YgtdvbIIvBC2DbP/qSnNjbXhbUYDLfhtCqzm1eAFvR9Y9IeYluZlxuu+S998/kAILPV0ygWixulf7+EtZKmfwlrLy+VqAG8mJknyU83CEdu90gegd7F4KhYAZ09LfitvzGPY2pzu6xFOZU7n1YxNAYssmVkIN5f/ZtbOw4lvWjdW3ZUKe1JEZ6IsWpGhusVkNbONzrKktYEBX+TxgSUyCrR/066aqa4tsqLuRY3b2qfBSAE0UYBrC/OvjSOJAhDNuJIrTQESaut18LN5/6DQy9g+HTQ37BC6+DODvFGDqYiBL3NmjZBxrdNo9U9GPPJQdtLy8Fbxg3KyRY3Ir34HUH4xyB/zlGr7r/pRcNXABEyBseAMZxzSxOLnEyKlBvWRmseAGmqzxJkgUKGs4IyEoJB0thXZDTeylpNCdFgDU94q2J+dhxNyogn0IMQu+wDxww2GCw/gXjvD3s1fNUqDBL6hr4j5IHgp0foygCduuPHXGSU1x0f2bbn2DE8+Lfpol3lalVqtOlo4GT1gZUBWa3fw2PnlYeaj1L/E3l3moblN+qgrxaAUVWBQmSpEPt59l4ZQP/qZOBIDbCZ8VHQS8hJ0k1k2+l9J3+v8z9N/GlgMt+p+iDqlx2hJ3V3Vq6yezmDRvR3iKEfTUctLCJPw1n3U4RGYz4tY9P1b1uHlae9PqtZFpIB2PGJibC4seQNfsmKA0mbrR/7+kGju4BPMM1BdceuOZxghP+vl+OrzVpRbp4H7zd3C94F2WG61CV1GcVHhaohB9+N/E8MeGwf6ZiVEQu7XyAAHShUjYHmz8D1j0mlIhI+tK12GHRsh25FVn94q6hdEs4ymzgTovxzU3TLFf/PgF2U+vfKHxX3//vqRJFY3jxEB8rwmr5N+dp3crpSgtFWslIUf/YyhbcU+4HFPb7+zH7fp+dqBsAzNd1dmaANc0jAPZCYCk8DpOatqrgjJLWvE+EfCXhT9b3AwJ44REKnBr1bW1ta8CRnzj/RQ3nfu2zg1OAVHE3U6W+W7U6hH8tIaHAW8o2/KnkERwnbPi/8slfSiEmtiVw9kf2A497/gRvgO/uuMFf+uTQM+xkLFc8MWSJA+KWaTrlvPVxVZPDBMkntrG5AzUqx39ak3mTyUDmIUvpiKIhheislwouCbZ1zedqX4cjAGoOQbPsNJD5KqzwTIdL6S9psf1Y+22NmRhKpfl9wiJXVKbVgt6KZ42vRXLSpQPs+LLHji9nE/VOXxjf5zEEHj7jQDsPsabkUHExxFD8mj/fkYkfjzEOCjLhgAFwB8VM56ye67SeD5YJp3eLs+17zLEw5yqIdZLPvJ4/jyTpILbjGedjXHqAgePAiYipK+s8UBWKEqEYJN/bEv9m958tSWA/7RwAAhc4a94xfc6jVhILdaX1qZZMQvaQf+NMpycRYsMEBCuh2hUrrG9I3v6w3ja9opB+4vfTXS3AMkz0Y7AOz1V+0BOW7ulBA3YILsJ5//OGREuxoBbhGoVlW6T6NE6+XO+b+e0zZvqXnR+IbgdaQg4Z4UC/KXBNkP9MjJSWhz4i0GlPlR15RIX/V+a+99MeVHgHBxHM11Ag5bErJUjy3wcrBAbMftmF/WVR+x+yxQLhfTLwICMl/t+23BQb7dVloalJn5DEONfU5eOmS/OSfvsz29t4l6rkBOG715M1yWRKgmvvOv1g5r40U2mcRraI/AMJdJ+40U3ZKpR4eoKnGcVQ13/DM3D+6WJhYh7DBOHJBcIxoe2FEB2+FfpIOJVO7A1HcbsEEO670mS/UgZo8fBNOdg/XJZ+PD6lM9ItgQ8uA5hed91Wr08MELf6wAISLnaf4DUm4OPtdfgOjjwmTZBfdEJ41qLhBUiUmRecOuPPYdv/+9JhqlzkHpn29yGmSHxna2J4VUqOGJ6P0aMHvX7jlHehquxcX3mr3vNrCT9BXXAz5K4hof1xv9e1LElp1cMlvD+zDhw7LkIeSexDVkJ+G5MeJSau8NGREnqU36j/LXjqueg7zJZiI6g5NFxDPhs3wLxAcpR2n1Ch6jXEoheCGHALrpMV4o/vTt5ALuFC5cL6E7XbjPtA73KXXaLNDhHjkXLn0nRU2JlhtTa/+EUPU9tZqRAf5viCMDh7cZZe47H+8dp5WyGjJeuOPNowRgCfoBkWct8HbG5n7dqzd3RtsL1Esvvjev6iY4/irxrp0RPIpkaXtg5JDfUof6B2z2M9SkAP2eAQfmS8uJs3AlhZSnCItiNzcA/wKdicXFm/WMAB4U8wh7KcYE7iJ3gXZDHNBX+tVr4kC2VAFrUSVBUhS/8HvnIaslPg4d5DDoHLPBoqMxOEF2ZAF75vLaSGhm3/AirTxPEfza24ke79AaHSCO6VDT2ei9Yg+tWn+BmqcTAK0v1GB4Yppii038Jo+eviK8ocQaNzuvWMC8eWdn8Nus3vS/Ze+yqErQQuo+BrFlAIGp+hBlfmOlSKTUpkzwAADAGyOib7doRY+SBQ5JQCwwmE4w6H0+1AVhojrNrnIjahEGsMt8QTSr6kke/ez85Rqm1gKtOaD+cMQ/7PdFt+kyqDpPpsPxMP60z6zDY010eXdnaCX5PDu5KCKRKZqX2fsmdB/XsKpyzqjfFRXc4V1UqWMmmnZ6wvKLwSz9QJ7R1DPGcXP4c4izN9AjBWeTZAoz69IDSTq09RjKhD68y9BzfaAjthjy1AWXvBh2yvthX3TAzfh5JmnYOGCJP+z9N3mQcD0z6IcLWhgRhaOaweahGYknG0wxJ3PPppceic4wPgDGYChxEbVF35rNIEAPraMnA/RXFOsckBAjSGHiAp335mY2SjX2lk6onsYTHMPIKpfLHISzlhS8A0/TUaTMSAa63qXo7mNUcAAAIMkD6Zu1E8gI+huHivHTelkuBgBEnAnZ8VXuMWr3HMn+XY2YIZwEPdedj01Kx8JpSGO+dNjh4NC/FNXqTkAIPJPc5t7KTqGpVAbdVLZ27K9iq8W4FXKfyw1WqyzxUEEqlHfkLvWj2x0LazhXilNSyqStmnNPqjD5x+p+f/3OREqdSIALPPB8c2msB3NrwM8p76x1M2v5fAneB0NLHiezTz4Hdn4R9SgYSgqSeb3vteRxY27oL0ZuaYzbs0cPI1knO4p+KQlmz6IMT7k6sZzPjiQZ5sda/Pw2D8ATNk33D+x5uAi7rC6BzMcUo6oxuQwkgBqdtHVZ2FIMSsliCN4yXrtfYNlhfVzcxkHX7Y+iKg3WQB/Zi7uw7e54HPGCdt9XIQoDO6AToaJ6cz7QaOH6KqPLfvqp266KXP1Ca6y1zsi7jRvyNfsWBCShyRqELe2GGOE2vLrsJCI22wAs1Ja993TT52Ib2UqS9DRnepzioht3q+Ybw5taokaS1vNkpQa8uQrlY10GNxdj0CQn89jHQKMrn1uvvk5FZkYGXc0xgWvA07Ne4vojsRC470AkhO/5oNicJmdAaVG6qT6nEE25CIYU4AEPd+oZYUpDxGEDxHWz0KZjs0n2RcB2pY8PG1mAQ9YQv3LGSVzeZcpvrEixRTD111rQXiL7upOV4lC5LzDlPKqWBGjD5PR6MKLyNbc9jJeGuxTiOYa9AAusEwBSo+7YSS/14VaLOLBZ9TIff7goTlInXlL10fMAElmi61zCB4uVVnqmTS++Hiy54Dz/iSQf7qZOiUFhtjBPNbFM4FhQoPpLXPJ41X2m2HiVPvLHWZC1RgEmlne+b5bMV13zxJZC/ZrJhKoAXJsk+f5JGIl+t3l5U6LBi0tP+5EM6dgt3WpKMi1gN/mynN1MnaSlwifjplrOJvcHgVBcs3xA8DfvvA7S8r+yGaCkhO0opmZstSj6keXN4y6Um+MR7hsljxtDkZYoPAWeCe7bD4YJqA4j9JSHeWlIE780J8soVxm0F6VkE5lvceftuKfSTK273a6z2x/8oEp2UAykJ2RD9tDDv9g//1WMrj2jpzTCgk/dcP/vH0Kzkwsww7uSCLq64HmuzgEgnCsKrxPODwn+oLfezO8Bf3Dsem3zYF4dpvqrRpQQ51JKgTaQp9HqsM06sdX3MI9vCNnx0VobxiN73mIeoeFXl/F+qGZk9HUIHot3nLfGlGuzidMuZmQtMXZYuxoMjwpNX+d01bHGL0Isoa/5ggl3anw5zvz3riFvF4EFxdMc1GLqYUpSpXqBLtNjTK4GNF7DspNN8q6UYJ3Wuv6YOsvKmTZfKY3reSdtJJVjueFcvA3OEgK9Vpzl+IbfAbp4UAp9Mvrc/4MumgtrkSc+t17fv4A5BA/6lp2dT3DmDZL9b5RbuWmYWCwi9C1IiOzfeHb0v3ca62eAfmfcePeI/zFO5pQlFqJg3iCJmahVi9tmfoxfOn9qMn3N0Rfo+P1CvaFJ85wRlJaaqQg5q1Y/zt672MKPoWBsypYVlTXLqaH7RMxCu0O8tD/8Cmu/uFo2mUPnDS4+qBiGjxF5cC2w4myat6DsTi59nmVhXTqvSPb9ncZPANcTRHQ4nz3uBBPY61d2yVzeJEAfHSh+6z8Iw0/WqqQAdYqXvqEcNITX3Wbq7zY2N3PcZS30b1t8DPipFhVbnup83oGz5vvs/TGHInSIQPV3E5v3Iso/HVPmLNsHMpRll1hErX1qUr3UxlGegd0ML2bvb9YTf+ADHDEKI7tW2dAED18Qrgq7EeSBVwTmCJ0DmAQAAAARVhJRroAAABFeGlmAABJSSoACAAAAAYAEgEDAAEAAAABAAAAGgEFAAEAAABWAAAAGwEFAAEAAABeAAAAKAEDAAEAAAACAAAAEwIDAAEAAAABAAAAaYcEAAEAAABmAAAAAAAAAEgAAAABAAAASAAAAAEAAAAGAACQBwAEAAAAMDIxMAGRBwAEAAAAAQIDAACgBwAEAAAAMDEwMAGgAwABAAAA//8AAAKgBAABAAAALAEAAAOgBAABAAAALAEAAAAAAAA=', 'MALE', '1991-03-14', '11234567891', '2030-03-14'),
                                                                                                                                                                                               ('10012', 'Helena Duarte', 'helena.duarte@ipem.sp.gov.br', '$2a$10$YB1lLj/IMXD4Lm0cbAphKumArFegy1hC8yxr0Cm3/n4jm9kAd7rFi', 'ADMINISTRATOR', '11999990012', 'B', 'AVAILABLE' ,'UklGRpwhAABXRUJQVlA4WAoAAAAYAAAAKwEAKwEAQUxQSIcPAAABwMf/v2nNrb5rr50bq3YnqhnbLCc3qm23MWpkahuxjdqNGt6Gd/KaqHFSxHj2Wuv7+WOeeebBOXuviz8iYgI0tkNsG03ePm6NDee/+5CvH3H6ORcuuv3me7Bt/nnzHQsv/MMpP/3K/m9/2brzVtcSm7YJGtKhiY0mfex6u+73o99eftsEUzeAmfojN1/6i+98+GUvWk2TxtiEIRRiDJK07Lz5Bx572V1m8pJz6lLKuZRibBsXl5xT16VcCpN3d1740322f0ojSU1shk0TgyQ9fsv9T7z2USZNKaVcPClmGo0nLTmllJn0ocuO+sAGq0lS04ZhEmKUpMfudOhf7mbx0qVcbMysNXbJqSssfuuvDtx6ZUmKzdAIMUpq193vl/8AKCkV25g5aGznlArAbae977mSFOOAiFHSKi/7zjUAJeXixZnDxnbJqQD5skO3XE5SbAZBEyWtuseRtwBOqRgzGm1cUgK4/nvbLycphp4XYpCW2+Ww24Gcso0ZqcbOqQA3fXPzIDWxxzVR0rpfvgHIqdg2o9c2LqkAlx+8jqQY+llspFXf8Scgp2JsRraNSzJMnDl/Walp+leU9MJv3AFOxbYZ8badE7DoE/OkEHtVaCW9/OwCKRubsWjjlOHRozeRFHtTaKXl3vo3oCvGZmzauCTg9/MlxV4UWmnVvRdBTsZmzNo4GS57Y5Bi/2mlVfa/HVI2ZiwbpwxXvDFIsd9EaaUDboeu2GZc2zgnuPJNQYr9JQY177sJUsE2Y9w2OcEVu0lN009ClHa7CrqCzdg3zgn+vIXUhh7SSpv8HlLBphfa5AzHryXFvhGlp/wEcsY2PdGGXJj4/Apqmj4RovThe3AyNj3Sxglu2ENq+0OUNroQOmPTM23cwVlrSbEfhKjlvgqpYNNDbXLm4b2ltg9EacfrcQLTT22c4K8vkZqxF7X8d6EzNr3VpnSUg6V2vDXSVtdTMja91ibB+c9RE8ZYK30BOmP6ro07Jt4jteMqRK1zAc7Y9F/bJDhldbXjKUqvf5jO2PRim5K4ZUuFZgy1Cj+AhE1ftqGD/aU4dlo94yJywaZH22Rz2kpqx0totPO9dMb0axt3LHqJ4jhppP0gYdO7DR0TeyiEsRGlw3DGpofbJPi41IyJVo85h1Qw/dymFI6S4lho9bwb6Yz7GjZOnLu62jHQausH6LDp8cYd16+lduRF7QUJm15v0/GvDdSOthD0AcjY9HybRN5J7SgL0gGQsen9Nglepzi6QtACSsFmANpkeIOaURWCFpALZhjaZPiwmtEUgr5ENmYo2hTzMTWjKAR9iWzMcLQp5mOKoydIC8jGDEpTzIcUR9ACsjED0xTzerUjJuoAsjGD0xTYS+1IafUBSsEMUJNhB7UjpNVeUDCDxGQeXVftyGi1NWTMMLVJ3D1PcUREPe8BMmao2nRcu6qakdDoMTeS8HDBpuPPUhgBQTqHDpsBa9PxEzUjoNFhdNgMWtuJ/dTOuVb7kWwzcI3Nq9XOsVY744IZvCbz4DqKcyrqGfeSMQPYJK7+D4U5FBQuIuFhZDqOVjOHon5AhxnGthMfUTtnWr2ebA8lTIGNFedIo3UepmAGs0lct6LC3JAuIGEGtOk4Qs2ciPoCHWZQ2Yk3qp0DUVthe1hhCvc/U82sC1r+ejJmYJvErxVmXdR36TCDyyQ+onaWRe1IsYcXpjCxtppZFbTc9WTMADeJ3yjMqqiv0mEGmUm8U+0sitoI2wxzU/jXExVmj3QhiaGG6Thacda0+jAJM9jtwk6KsyToKfdQBh2ZK6JmadRP6DAD3nTsrXZWRG2CbQadC/9+gsJsCPo9iWGH6fie4iyI2o1sM/Bt/GI1M6fmKjLDj8Tps6DV+0iYwW8XtlWcoaCVbqK4BpD4g8IMtTqADlMB7cyuijMStMrtFNcBMn/VzLban4SpgnZmV8UZCFr1doqpBGQu0Ey22puOWoCd2VFx+rTcIoqpBiR+pzBtUW8luR5gFzZTM13S38hVgcTx0xb1crJNRbTpnq0wPY3OJlEVTeIritPS6IUFuyrgwh2rKUxH1DfoqIwm8W7FaQha9Q6KKwPOXKDpjHoHyfXBhc3VLF3Qn8hUR5P4oeJSNVoX29UBF+5+rMLSRH2ZRI1w4q2KS6PlbqCYCunEbxWWImoXsuuEmXi2wtIcRjJ1IrGv4pSCVr2dUidw5iJNPWoPsmuF4cVqpnYkiVrpxIGKUwha5RaKq0XmHIUpRL2M7Hphumermcp3SKZeJt6ruCS115ArhhNnqVlCo3Wxa0bhX49XmCxqP5KpGM68QnGyoF+SqJnu+MYSgh77D4qrRuZyTR61E8VUDfPI2gqTHUqibjrxWsXFgv5Cdt0g8YNJgh5/N4W66cylWrzRlhRXDsyDz1SQovYn1Y/My9VIjU6sIYnPqZW07LWU6kHiLAUFzXsUVw8XblxeippPMdXDpGcrtDqQrn7gzG6KjY4lUUE6DlErXUZ2/SBxnBo99i4K9dOZyyWtZ1xBKNz1WGlXUhUx+SXSfiSqSOIV0o9IriEkPiz9lkQNdeKbai8nVxESZ+hxt1HqSOZCrTGB60hh0UobUqrJPU+dT64kNs9+dz0pbHYIqZZk/vPrdPXkXUeQqCSJ/U8nuZosOIdMJe34zoXVxImjF1EqCYnTb68qN9eTzAX34HpyEaaeXGj8/6xgKso/cT25+GZKPTnnDlxLEqcspFQSJ864kFxPfvaHakLHt08huY448bmf0lFN9vkKnStJ5q37k2pJ4VVvJ9eTTV5GqSWUddatJoW7nzTvEarJwuVXv5lSRzLnSZeS60jiROkXpCrixJek75BcQ0i8W/owiRrqzI7Sy8iuIjz6AulFHVWkcMcq0mp3UiqIM3+VpAvJrh8kDlPT6Kck6qc79lXbah86V5DCyxUbbU+pHzaPzlMIespD2NUjc1UrSc1lZKpH4mQ1UtRRJFeQgxQX+0ANyWyrRmq0AaV6FO55ioIUtNqtFNcNZ85XkKRGvyJXDhLfVFws6kASddOZ3SZrtDXFVcOF+56qsJi08m0U1wwy52mJjU4jUTPd8TnFyVq9j2TXC7uwnZrJgp6bqRqFW1dRmEzSZeSakThOUUuMOpRExUy8ZSqNtqTYtcLm/qcpLEla7npKtSDzGwVNMep7JGqlE+9TnNr2FLtO2DwyT2Eq0nI3UWpF4ncKmnLUN0l1wk68V3FqjTbHdp3g/qcoTE0Kl5OrBImT1Wgpow4m4fpgZ3ZVXJqgdSZwjSjctKKWvtGZJKqjnfiS4tJFzSfb9YH8fDVLJy27iFIfEr9W0DRGfYJEZbQzeyhOR9C8R7ErQ2HRMpreRkeTcE0wiQMVp2sT7LpQuPepCtOjoN+TcD0wie8papqj5pNdE0x5gZrpknQZuR6YxLGKmvaoN5JwNbDZRM30SeEKMpXQJE5XoxmMeiPJrgQ2m8yMFK4k2zXAJM5QoxmNehOJOmCz6UxJ4QoyHn4mcaoazXDUbpXA+EUzJ+nPZDz0TMcPFTXjUVtQPPTswgPPUJg5NTqehAceHZ9Uq1mx1gS2h5zJ3LiCwmxQq8/TMfASr1XUrAxa4QYyHm4m8XsFzdKoPcgebrbhpWpmixqdRcKDjY4vKWoWrfUwxR5mJrNoOYXZo1Z702EPMduZlylqdv+VxDCj40hFzeqolxRsDy+TuX01hdmlVgfTYQ8t25n5ipr955MYXnQcoahZ3+g5ExQ8rEzmppUUZp9avYeEPaRsm20VNRcbnULHkLLp+Lyi5mTQ6reQ8YAicY7mbKutsO2hZAr3rKFmrqjV15hgKNl0vEet5mzQsv9NwoPIpuNMBc3hqOdNUPAgInHzqnNLrV5LMR4+plDWV9TcjvoCHfbQMc68Wa3metAZdNjDxqbjUEXN+UbLLSQxbGw6fq+RGLXOg2Q8YGw6rllBzShQq+2h4MFik7l3DUWNxlavwwUPFjJsolajstWHyMbDxBR4pVqNzkZfIhkPEVPMG9RqhIagw+iMh4cphQ8paqQG6Qg646FhSubjihqxQTqBznhYmFL4jBqN3EY6hc54SJhSOEghjB410ol0xoPBphT2UxM0ihvpMJLxQLApsI8ajehG+ga5YA8BmwwfUKORHaRDccHufzYZ3qSoER6C9oaM3fdsEsxXq9Ee9QZI2P3OpuPBrdVq1Eft3NFh9zlDxy3PU6vR3+qltzMB7m027rjkCWo1Dls99iI6455mUwqnRbUaj63aEygZu4/ZJPisFDUuo3QQJOz+Zegob1ZoND5D0KvupzPuWTbuuHl9RY3XVmtcTirYfcomm7NWVatx26r9GSTs3mRDB5+QosZvlN46QWfck2xK4s7tFBqN4xD1nEsoGbsP2SQ467FqNa5b6SvQGfceG3ekD0itxneUtruJnLH7jU2Cvz5PodE4D61W/DF0xu4vNqWDT0mtxn2UXnYTTtg9xcYJLllPihr/IWr5b0JXsPuITU48uq/Uqh9GaZOLoTN237BxB2evLUX1xRClj96Hk7H7hI0T3LiX1KpPRunJP4GUsd0XbEiFic+toKZRz2yljf4AqWD3A0POcNzaUlT/DFHa/SroCvb4M+QEf95KaoN6aRMU3n0zpILtcWabnOBvu0tNo94apRX3uRW6jO1xZeOcYOGbpBDVa6O04t63QMrG48k4Zbj6bY0U1XdDK630wWshJ2OPGxsnw8WvbaSoPhxaaZk3XwykYuzxYePSAb99haSo3txK2vmMAikbezzYOGV48LANJUX16ijp+V+9HUjFtkedbecEXHvg06QmqnfHRlrlLX8CcirGHl02LqnAI2fMb6XYqJc3UdKLFlwP5FRsewTZxiUV4L8OWFNSG9TbQwzSci//6V1ATtnGHiU2dk4FuOEbG0tqonp+EyWtttsxtwJOqRh7NNi4pARw3be2WUZSDBqCMUpaeYdvXw2QUy628VwytktKBtIlCzZbVlJsNBhDjJLi+h/7xd0AJaVsG88FY5fcZQPcctJ715akGDUwQ9NK0mo7feZ3d7J46VIuNvZssbFL7pJZ/O9nf2zzFSSpbTRMmzZI0uM23Pfwqx5k0pxSysWT46UznjynlFJm0nv++sN3vGgVSWraoCEbYmwkaZkn7PSh71944wSTu+SUui7lUoqXWErJqetSyoUlPnj9uV9+36arafEYGw3h0MSoSdsX7fTm75z55xseZsYfWPi7U7+05w7rNJq0jU3QkA6xbbTEVdZ4zoav3W/BN757wu+uWnjzv++/7/7777v/X39fePkvj/vONz7/0d1e+uxnLK8lxrYJGtsAVlA4ICwRAACQVACdASosASwBPnU6mEkkoyKhIXQKQJAOiU3fj5L7FAMAAdoAl9xL/uv8v/r/+x8QaknTv7P+uH94/an51qj/NPv5zdNZecf4j+j/8P+//kz2jv0P/rPcA/hv8f/4v9l/y/sAf4D2KeYD9e/2795X/Xepv/Bf6z8gPkE/rX+D/+nYKegJ+6npu/u/8JX9e/5v7hfAh+yH///f/4AP//7anS79Nv8H+M3fn/mOW7mAUl+IXez8Z9QL8d/o3+p3ncAH51/Vu+41EYqLwb/Of1d+AD9Eeg9ne+pfYL/mnUW/cb2Uf2AGtoWL3U3QnwLFK6K+wru7nNR5t0aAJ3e6KEBXIHa+Lczo0oKplw0knCZOPRrvPHJ9Fq84q5NiRClgDKrfcwBkBxLBLcU4nVUFNmrJicG4HZcDe7uPRQQB3uYLCmpKf1YncT6vGd4yfW071NZP+W23Ob4/aNubEpFvdlOaIgCk/NeiTI1q33I46K+5iHNCSvbTcvRAIM2OizYx0Ug+bQCQwpJ2UKDYlnResIZXBEtJikmAp7K0josWKUC8D9UFGbYYMQe5Ht8UnResJYpTnnSPR0kmLaoVoIn5Ko6K/r4pZpxceUg1K//ySTO7v00FYMa1qUv30oeXBQy4ELFwPTSD/w64SfNn16Nb9x/Tfwk+cHhzMpezzaNMV21YJF+bVBR3ng9sSefzSgjW7FzP7AsKOFTV8zYCEuP6NJJwlkgRu8zmY4iH7LWSdBBot7Q2hmLS22k1/+jFl3+GS7u7u5vSQoSfsnstQj+Gd56frybYS1vm9qnLJxhsWYMQslke3q2dV7lu+kP71efKY9l/QlHZhMKCVY05k3aoQ3pKf2higcRO1P9SlgiszDNGKqkPgTonj7bnlD7Lk7f2rh/yHKjlr/9v3zvhhawAAP71XN6ynJZNsD/k0h3t4MpSCniX0TrCPY1m0OR2b/nxF7KCStJLlElgDcH/vrNlLvCO/YjoElfzpe6k3aJ23ma6MFi6aJeXMSfb+KjkdAWtTj7d/rAO85rXL06lX/25A+nxEUaUL/6L7lakquvuuH/74Hw9CkNwF4IrPAPaaZjQ3gHJ7px29s2r/azjGMOxdQlAR92iIpVqdIy4PT2zrj3tc7ETZf0ZHmXGvTpbsQNR12bneG6vVm++q256Q6WIEf3gAAAMUZrR/YgtdvbIIvBC2DbP/qSnNjbXhbUYDLfhtCqzm1eAFvR9Y9IeYluZlxuu+S998/kAILPV0ygWixulf7+EtZKmfwlrLy+VqAG8mJknyU83CEdu90gegd7F4KhYAZ09LfitvzGPY2pzu6xFOZU7n1YxNAYssmVkIN5f/ZtbOw4lvWjdW3ZUKe1JEZ6IsWpGhusVkNbONzrKktYEBX+TxgSUyCrR/066aqa4tsqLuRY3b2qfBSAE0UYBrC/OvjSOJAhDNuJIrTQESaut18LN5/6DQy9g+HTQ37BC6+DODvFGDqYiBL3NmjZBxrdNo9U9GPPJQdtLy8Fbxg3KyRY3Ir34HUH4xyB/zlGr7r/pRcNXABEyBseAMZxzSxOLnEyKlBvWRmseAGmqzxJkgUKGs4IyEoJB0thXZDTeylpNCdFgDU94q2J+dhxNyogn0IMQu+wDxww2GCw/gXjvD3s1fNUqDBL6hr4j5IHgp0foygCduuPHXGSU1x0f2bbn2DE8+Lfpol3lalVqtOlo4GT1gZUBWa3fw2PnlYeaj1L/E3l3moblN+qgrxaAUVWBQmSpEPt59l4ZQP/qZOBIDbCZ8VHQS8hJ0k1k2+l9J3+v8z9N/GlgMt+p+iDqlx2hJ3V3Vq6yezmDRvR3iKEfTUctLCJPw1n3U4RGYz4tY9P1b1uHlae9PqtZFpIB2PGJibC4seQNfsmKA0mbrR/7+kGju4BPMM1BdceuOZxghP+vl+OrzVpRbp4H7zd3C94F2WG61CV1GcVHhaohB9+N/E8MeGwf6ZiVEQu7XyAAHShUjYHmz8D1j0mlIhI+tK12GHRsh25FVn94q6hdEs4ymzgTovxzU3TLFf/PgF2U+vfKHxX3//vqRJFY3jxEB8rwmr5N+dp3crpSgtFWslIUf/YyhbcU+4HFPb7+zH7fp+dqBsAzNd1dmaANc0jAPZCYCk8DpOatqrgjJLWvE+EfCXhT9b3AwJ44REKnBr1bW1ta8CRnzj/RQ3nfu2zg1OAVHE3U6W+W7U6hH8tIaHAW8o2/KnkERwnbPi/8slfSiEmtiVw9kf2A497/gRvgO/uuMFf+uTQM+xkLFc8MWSJA+KWaTrlvPVxVZPDBMkntrG5AzUqx39ak3mTyUDmIUvpiKIhheislwouCbZ1zedqX4cjAGoOQbPsNJD5KqzwTIdL6S9psf1Y+22NmRhKpfl9wiJXVKbVgt6KZ42vRXLSpQPs+LLHji9nE/VOXxjf5zEEHj7jQDsPsabkUHExxFD8mj/fkYkfjzEOCjLhgAFwB8VM56ye67SeD5YJp3eLs+17zLEw5yqIdZLPvJ4/jyTpILbjGedjXHqAgePAiYipK+s8UBWKEqEYJN/bEv9m958tSWA/7RwAAhc4a94xfc6jVhILdaX1qZZMQvaQf+NMpycRYsMEBCuh2hUrrG9I3v6w3ja9opB+4vfTXS3AMkz0Y7AOz1V+0BOW7ulBA3YILsJ5//OGREuxoBbhGoVlW6T6NE6+XO+b+e0zZvqXnR+IbgdaQg4Z4UC/KXBNkP9MjJSWhz4i0GlPlR15RIX/V+a+99MeVHgHBxHM11Ag5bErJUjy3wcrBAbMftmF/WVR+x+yxQLhfTLwICMl/t+23BQb7dVloalJn5DEONfU5eOmS/OSfvsz29t4l6rkBOG715M1yWRKgmvvOv1g5r40U2mcRraI/AMJdJ+40U3ZKpR4eoKnGcVQ13/DM3D+6WJhYh7DBOHJBcIxoe2FEB2+FfpIOJVO7A1HcbsEEO670mS/UgZo8fBNOdg/XJZ+PD6lM9ItgQ8uA5hed91Wr08MELf6wAISLnaf4DUm4OPtdfgOjjwmTZBfdEJ41qLhBUiUmRecOuPPYdv/+9JhqlzkHpn29yGmSHxna2J4VUqOGJ6P0aMHvX7jlHehquxcX3mr3vNrCT9BXXAz5K4hof1xv9e1LElp1cMlvD+zDhw7LkIeSexDVkJ+G5MeJSau8NGREnqU36j/LXjqueg7zJZiI6g5NFxDPhs3wLxAcpR2n1Ch6jXEoheCGHALrpMV4o/vTt5ALuFC5cL6E7XbjPtA73KXXaLNDhHjkXLn0nRU2JlhtTa/+EUPU9tZqRAf5viCMDh7cZZe47H+8dp5WyGjJeuOPNowRgCfoBkWct8HbG5n7dqzd3RtsL1Esvvjev6iY4/irxrp0RPIpkaXtg5JDfUof6B2z2M9SkAP2eAQfmS8uJs3AlhZSnCItiNzcA/wKdicXFm/WMAB4U8wh7KcYE7iJ3gXZDHNBX+tVr4kC2VAFrUSVBUhS/8HvnIaslPg4d5DDoHLPBoqMxOEF2ZAF75vLaSGhm3/AirTxPEfza24ke79AaHSCO6VDT2ei9Yg+tWn+BmqcTAK0v1GB4Yppii038Jo+eviK8ocQaNzuvWMC8eWdn8Nus3vS/Ze+yqErQQuo+BrFlAIGp+hBlfmOlSKTUpkzwAADAGyOib7doRY+SBQ5JQCwwmE4w6H0+1AVhojrNrnIjahEGsMt8QTSr6kke/ez85Rqm1gKtOaD+cMQ/7PdFt+kyqDpPpsPxMP60z6zDY010eXdnaCX5PDu5KCKRKZqX2fsmdB/XsKpyzqjfFRXc4V1UqWMmmnZ6wvKLwSz9QJ7R1DPGcXP4c4izN9AjBWeTZAoz69IDSTq09RjKhD68y9BzfaAjthjy1AWXvBh2yvthX3TAzfh5JmnYOGCJP+z9N3mQcD0z6IcLWhgRhaOaweahGYknG0wxJ3PPppceic4wPgDGYChxEbVF35rNIEAPraMnA/RXFOsckBAjSGHiAp335mY2SjX2lk6onsYTHMPIKpfLHISzlhS8A0/TUaTMSAa63qXo7mNUcAAAIMkD6Zu1E8gI+huHivHTelkuBgBEnAnZ8VXuMWr3HMn+XY2YIZwEPdedj01Kx8JpSGO+dNjh4NC/FNXqTkAIPJPc5t7KTqGpVAbdVLZ27K9iq8W4FXKfyw1WqyzxUEEqlHfkLvWj2x0LazhXilNSyqStmnNPqjD5x+p+f/3OREqdSIALPPB8c2msB3NrwM8p76x1M2v5fAneB0NLHiezTz4Hdn4R9SgYSgqSeb3vteRxY27oL0ZuaYzbs0cPI1knO4p+KQlmz6IMT7k6sZzPjiQZ5sda/Pw2D8ATNk33D+x5uAi7rC6BzMcUo6oxuQwkgBqdtHVZ2FIMSsliCN4yXrtfYNlhfVzcxkHX7Y+iKg3WQB/Zi7uw7e54HPGCdt9XIQoDO6AToaJ6cz7QaOH6KqPLfvqp266KXP1Ca6y1zsi7jRvyNfsWBCShyRqELe2GGOE2vLrsJCI22wAs1Ja993TT52Ib2UqS9DRnepzioht3q+Ybw5taokaS1vNkpQa8uQrlY10GNxdj0CQn89jHQKMrn1uvvk5FZkYGXc0xgWvA07Ne4vojsRC470AkhO/5oNicJmdAaVG6qT6nEE25CIYU4AEPd+oZYUpDxGEDxHWz0KZjs0n2RcB2pY8PG1mAQ9YQv3LGSVzeZcpvrEixRTD111rQXiL7upOV4lC5LzDlPKqWBGjD5PR6MKLyNbc9jJeGuxTiOYa9AAusEwBSo+7YSS/14VaLOLBZ9TIff7goTlInXlL10fMAElmi61zCB4uVVnqmTS++Hiy54Dz/iSQf7qZOiUFhtjBPNbFM4FhQoPpLXPJ41X2m2HiVPvLHWZC1RgEmlne+b5bMV13zxJZC/ZrJhKoAXJsk+f5JGIl+t3l5U6LBi0tP+5EM6dgt3WpKMi1gN/mynN1MnaSlwifjplrOJvcHgVBcs3xA8DfvvA7S8r+yGaCkhO0opmZstSj6keXN4y6Um+MR7hsljxtDkZYoPAWeCe7bD4YJqA4j9JSHeWlIE780J8soVxm0F6VkE5lvceftuKfSTK273a6z2x/8oEp2UAykJ2RD9tDDv9g//1WMrj2jpzTCgk/dcP/vH0Kzkwsww7uSCLq64HmuzgEgnCsKrxPODwn+oLfezO8Bf3Dsem3zYF4dpvqrRpQQ51JKgTaQp9HqsM06sdX3MI9vCNnx0VobxiN73mIeoeFXl/F+qGZk9HUIHot3nLfGlGuzidMuZmQtMXZYuxoMjwpNX+d01bHGL0Isoa/5ggl3anw5zvz3riFvF4EFxdMc1GLqYUpSpXqBLtNjTK4GNF7DspNN8q6UYJ3Wuv6YOsvKmTZfKY3reSdtJJVjueFcvA3OEgK9Vpzl+IbfAbp4UAp9Mvrc/4MumgtrkSc+t17fv4A5BA/6lp2dT3DmDZL9b5RbuWmYWCwi9C1IiOzfeHb0v3ca62eAfmfcePeI/zFO5pQlFqJg3iCJmahVi9tmfoxfOn9qMn3N0Rfo+P1CvaFJ85wRlJaaqQg5q1Y/zt672MKPoWBsypYVlTXLqaH7RMxCu0O8tD/8Cmu/uFo2mUPnDS4+qBiGjxF5cC2w4myat6DsTi59nmVhXTqvSPb9ncZPANcTRHQ4nz3uBBPY61d2yVzeJEAfHSh+6z8Iw0/WqqQAdYqXvqEcNITX3Wbq7zY2N3PcZS30b1t8DPipFhVbnup83oGz5vvs/TGHInSIQPV3E5v3Iso/HVPmLNsHMpRll1hErX1qUr3UxlGegd0ML2bvb9YTf+ADHDEKI7tW2dAED18Qrgq7EeSBVwTmCJ0DmAQAAAARVhJRroAAABFeGlmAABJSSoACAAAAAYAEgEDAAEAAAABAAAAGgEFAAEAAABWAAAAGwEFAAEAAABeAAAAKAEDAAEAAAACAAAAEwIDAAEAAAABAAAAaYcEAAEAAABmAAAAAAAAAEgAAAABAAAASAAAAAEAAAAGAACQBwAEAAAAMDIxMAGRBwAEAAAAAQIDAACgBwAEAAAAMDEwMAGgAwABAAAA//8AAAKgBAABAAAALAEAAAOgBAABAAAALAEAAAAAAAA=', 'MALE', '1986-10-08', '21234567892', '2026-10-08'),
                                                                                                                                                                                               ('10013', 'Thiago Silva', 'thiago.silva@ipem.sp.gov.br', '$2a$10$YB1lLj/IMXD4Lm0cbAphKumArFegy1hC8yxr0Cm3/n4jm9kAd7rFi', 'TECHNICIAN', '11999990013', 'D', 'AVAILABLE','UklGRpwhAABXRUJQVlA4WAoAAAAYAAAAKwEAKwEAQUxQSIcPAAABwMf/v2nNrb5rr50bq3YnqhnbLCc3qm23MWpkahuxjdqNGt6Gd/KaqHFSxHj2Wuv7+WOeeebBOXuviz8iYgI0tkNsG03ePm6NDee/+5CvH3H6ORcuuv3me7Bt/nnzHQsv/MMpP/3K/m9/2brzVtcSm7YJGtKhiY0mfex6u+73o99eftsEUzeAmfojN1/6i+98+GUvWk2TxtiEIRRiDJK07Lz5Bx572V1m8pJz6lLKuZRibBsXl5xT16VcCpN3d1740322f0ojSU1shk0TgyQ9fsv9T7z2USZNKaVcPClmGo0nLTmllJn0ocuO+sAGq0lS04ZhEmKUpMfudOhf7mbx0qVcbMysNXbJqSssfuuvDtx6ZUmKzdAIMUpq193vl/8AKCkV25g5aGznlArAbae977mSFOOAiFHSKi/7zjUAJeXixZnDxnbJqQD5skO3XE5SbAZBEyWtuseRtwBOqRgzGm1cUgK4/nvbLycphp4XYpCW2+Ww24Gcso0ZqcbOqQA3fXPzIDWxxzVR0rpfvgHIqdg2o9c2LqkAlx+8jqQY+llspFXf8Scgp2JsRraNSzJMnDl/Walp+leU9MJv3AFOxbYZ8badE7DoE/OkEHtVaCW9/OwCKRubsWjjlOHRozeRFHtTaKXl3vo3oCvGZmzauCTg9/MlxV4UWmnVvRdBTsZmzNo4GS57Y5Bi/2mlVfa/HVI2ZiwbpwxXvDFIsd9EaaUDboeu2GZc2zgnuPJNQYr9JQY177sJUsE2Y9w2OcEVu0lN009ClHa7CrqCzdg3zgn+vIXUhh7SSpv8HlLBphfa5AzHryXFvhGlp/wEcsY2PdGGXJj4/Apqmj4RovThe3AyNj3Sxglu2ENq+0OUNroQOmPTM23cwVlrSbEfhKjlvgqpYNNDbXLm4b2ltg9EacfrcQLTT22c4K8vkZqxF7X8d6EzNr3VpnSUg6V2vDXSVtdTMja91ibB+c9RE8ZYK30BOmP6ro07Jt4jteMqRK1zAc7Y9F/bJDhldbXjKUqvf5jO2PRim5K4ZUuFZgy1Cj+AhE1ftqGD/aU4dlo94yJywaZH22Rz2kpqx0totPO9dMb0axt3LHqJ4jhppP0gYdO7DR0TeyiEsRGlw3DGpofbJPi41IyJVo85h1Qw/dymFI6S4lho9bwb6Yz7GjZOnLu62jHQausH6LDp8cYd16+lduRF7QUJm15v0/GvDdSOthD0AcjY9HybRN5J7SgL0gGQsen9Nglepzi6QtACSsFmANpkeIOaURWCFpALZhjaZPiwmtEUgr5ENmYo2hTzMTWjKAR9iWzMcLQp5mOKoydIC8jGDEpTzIcUR9ACsjED0xTzerUjJuoAsjGD0xTYS+1IafUBSsEMUJNhB7UjpNVeUDCDxGQeXVftyGi1NWTMMLVJ3D1PcUREPe8BMmao2nRcu6qakdDoMTeS8HDBpuPPUhgBQTqHDpsBa9PxEzUjoNFhdNgMWtuJ/dTOuVb7kWwzcI3Nq9XOsVY744IZvCbz4DqKcyrqGfeSMQPYJK7+D4U5FBQuIuFhZDqOVjOHon5AhxnGthMfUTtnWr2ebA8lTIGNFedIo3UepmAGs0lct6LC3JAuIGEGtOk4Qs2ciPoCHWZQ2Yk3qp0DUVthe1hhCvc/U82sC1r+ejJmYJvErxVmXdR36TCDyyQ+onaWRe1IsYcXpjCxtppZFbTc9WTMADeJ3yjMqqiv0mEGmUm8U+0sitoI2wxzU/jXExVmj3QhiaGG6Thacda0+jAJM9jtwk6KsyToKfdQBh2ZK6JmadRP6DAD3nTsrXZWRG2CbQadC/9+gsJsCPo9iWGH6fie4iyI2o1sM/Bt/GI1M6fmKjLDj8Tps6DV+0iYwW8XtlWcoaCVbqK4BpD4g8IMtTqADlMB7cyuijMStMrtFNcBMn/VzLban4SpgnZmV8UZCFr1doqpBGQu0Ey22puOWoCd2VFx+rTcIoqpBiR+pzBtUW8luR5gFzZTM13S38hVgcTx0xb1crJNRbTpnq0wPY3OJlEVTeIritPS6IUFuyrgwh2rKUxH1DfoqIwm8W7FaQha9Q6KKwPOXKDpjHoHyfXBhc3VLF3Qn8hUR5P4oeJSNVoX29UBF+5+rMLSRH2ZRI1w4q2KS6PlbqCYCunEbxWWImoXsuuEmXi2wtIcRjJ1IrGv4pSCVr2dUidw5iJNPWoPsmuF4cVqpnYkiVrpxIGKUwha5RaKq0XmHIUpRL2M7Hphumermcp3SKZeJt6ruCS115ArhhNnqVlCo3Wxa0bhX49XmCxqP5KpGM68QnGyoF+SqJnu+MYSgh77D4qrRuZyTR61E8VUDfPI2gqTHUqibjrxWsXFgv5Cdt0g8YNJgh5/N4W66cylWrzRlhRXDsyDz1SQovYn1Y/My9VIjU6sIYnPqZW07LWU6kHiLAUFzXsUVw8XblxeippPMdXDpGcrtDqQrn7gzG6KjY4lUUE6DlErXUZ2/SBxnBo99i4K9dOZyyWtZ1xBKNz1WGlXUhUx+SXSfiSqSOIV0o9IriEkPiz9lkQNdeKbai8nVxESZ+hxt1HqSOZCrTGB60hh0UobUqrJPU+dT64kNs9+dz0pbHYIqZZk/vPrdPXkXUeQqCSJ/U8nuZosOIdMJe34zoXVxImjF1EqCYnTb68qN9eTzAX34HpyEaaeXGj8/6xgKso/cT25+GZKPTnnDlxLEqcspFQSJ864kFxPfvaHakLHt08huY448bmf0lFN9vkKnStJ5q37k2pJ4VVvJ9eTTV5GqSWUddatJoW7nzTvEarJwuVXv5lSRzLnSZeS60jiROkXpCrixJek75BcQ0i8W/owiRrqzI7Sy8iuIjz6AulFHVWkcMcq0mp3UiqIM3+VpAvJrh8kDlPT6Kck6qc79lXbah86V5DCyxUbbU+pHzaPzlMIespD2NUjc1UrSc1lZKpH4mQ1UtRRJFeQgxQX+0ANyWyrRmq0AaV6FO55ioIUtNqtFNcNZ85XkKRGvyJXDhLfVFws6kASddOZ3SZrtDXFVcOF+56qsJi08m0U1wwy52mJjU4jUTPd8TnFyVq9j2TXC7uwnZrJgp6bqRqFW1dRmEzSZeSakThOUUuMOpRExUy8ZSqNtqTYtcLm/qcpLEla7npKtSDzGwVNMep7JGqlE+9TnNr2FLtO2DwyT2Eq0nI3UWpF4ncKmnLUN0l1wk68V3FqjTbHdp3g/qcoTE0Kl5OrBImT1Wgpow4m4fpgZ3ZVXJqgdSZwjSjctKKWvtGZJKqjnfiS4tJFzSfb9YH8fDVLJy27iFIfEr9W0DRGfYJEZbQzeyhOR9C8R7ErQ2HRMpreRkeTcE0wiQMVp2sT7LpQuPepCtOjoN+TcD0wie8papqj5pNdE0x5gZrpknQZuR6YxLGKmvaoN5JwNbDZRM30SeEKMpXQJE5XoxmMeiPJrgQ2m8yMFK4k2zXAJM5QoxmNehOJOmCz6UxJ4QoyHn4mcaoazXDUbpXA+EUzJ+nPZDz0TMcPFTXjUVtQPPTswgPPUJg5NTqehAceHZ9Uq1mx1gS2h5zJ3LiCwmxQq8/TMfASr1XUrAxa4QYyHm4m8XsFzdKoPcgebrbhpWpmixqdRcKDjY4vKWoWrfUwxR5mJrNoOYXZo1Z702EPMduZlylqdv+VxDCj40hFzeqolxRsDy+TuX01hdmlVgfTYQ8t25n5ipr955MYXnQcoahZ3+g5ExQ8rEzmppUUZp9avYeEPaRsm20VNRcbnULHkLLp+Lyi5mTQ6reQ8YAicY7mbKutsO2hZAr3rKFmrqjV15hgKNl0vEet5mzQsv9NwoPIpuNMBc3hqOdNUPAgInHzqnNLrV5LMR4+plDWV9TcjvoCHfbQMc68Wa3metAZdNjDxqbjUEXN+UbLLSQxbGw6fq+RGLXOg2Q8YGw6rllBzShQq+2h4MFik7l3DUWNxlavwwUPFjJsolajstWHyMbDxBR4pVqNzkZfIhkPEVPMG9RqhIagw+iMh4cphQ8paqQG6Qg646FhSubjihqxQTqBznhYmFL4jBqN3EY6hc54SJhSOEghjB410ol0xoPBphT2UxM0ihvpMJLxQLApsI8ajehG+ga5YA8BmwwfUKORHaRDccHufzYZ3qSoER6C9oaM3fdsEsxXq9Ee9QZI2P3OpuPBrdVq1Eft3NFh9zlDxy3PU6vR3+qltzMB7m027rjkCWo1Dls99iI6455mUwqnRbUaj63aEygZu4/ZJPisFDUuo3QQJOz+Zegob1ZoND5D0KvupzPuWTbuuHl9RY3XVmtcTirYfcomm7NWVatx26r9GSTs3mRDB5+QosZvlN46QWfck2xK4s7tFBqN4xD1nEsoGbsP2SQ467FqNa5b6SvQGfceG3ekD0itxneUtruJnLH7jU2Cvz5PodE4D61W/DF0xu4vNqWDT0mtxn2UXnYTTtg9xcYJLllPihr/IWr5b0JXsPuITU48uq/Uqh9GaZOLoTN237BxB2evLUX1xRClj96Hk7H7hI0T3LiX1KpPRunJP4GUsd0XbEiFic+toKZRz2yljf4AqWD3A0POcNzaUlT/DFHa/SroCvb4M+QEf95KaoN6aRMU3n0zpILtcWabnOBvu0tNo94apRX3uRW6jO1xZeOcYOGbpBDVa6O04t63QMrG48k4Zbj6bY0U1XdDK630wWshJ2OPGxsnw8WvbaSoPhxaaZk3XwykYuzxYePSAb99haSo3txK2vmMAikbezzYOGV48LANJUX16ijp+V+9HUjFtkedbecEXHvg06QmqnfHRlrlLX8CcirGHl02LqnAI2fMb6XYqJc3UdKLFlwP5FRsewTZxiUV4L8OWFNSG9TbQwzSci//6V1ATtnGHiU2dk4FuOEbG0tqonp+EyWtttsxtwJOqRh7NNi4pARw3be2WUZSDBqCMUpaeYdvXw2QUy628VwytktKBtIlCzZbVlJsNBhDjJLi+h/7xd0AJaVsG88FY5fcZQPcctJ715akGDUwQ9NK0mo7feZ3d7J46VIuNvZssbFL7pJZ/O9nf2zzFSSpbTRMmzZI0uM23Pfwqx5k0pxSysWT46UznjynlFJm0nv++sN3vGgVSWraoCEbYmwkaZkn7PSh71944wSTu+SUui7lUoqXWErJqetSyoUlPnj9uV9+36arafEYGw3h0MSoSdsX7fTm75z55xseZsYfWPi7U7+05w7rNJq0jU3QkA6xbbTEVdZ4zoav3W/BN757wu+uWnjzv++/7/7777v/X39fePkvj/vONz7/0d1e+uxnLK8lxrYJGtsAVlA4ICwRAACQVACdASosASwBPnU6mEkkoyKhIXQKQJAOiU3fj5L7FAMAAdoAl9xL/uv8v/r/+x8QaknTv7P+uH94/an51qj/NPv5zdNZecf4j+j/8P+//kz2jv0P/rPcA/hv8f/4v9l/y/sAf4D2KeYD9e/2795X/Xepv/Bf6z8gPkE/rX+D/+nYKegJ+6npu/u/8JX9e/5v7hfAh+yH///f/4AP//7anS79Nv8H+M3fn/mOW7mAUl+IXez8Z9QL8d/o3+p3ncAH51/Vu+41EYqLwb/Of1d+AD9Eeg9ne+pfYL/mnUW/cb2Uf2AGtoWL3U3QnwLFK6K+wru7nNR5t0aAJ3e6KEBXIHa+Lczo0oKplw0knCZOPRrvPHJ9Fq84q5NiRClgDKrfcwBkBxLBLcU4nVUFNmrJicG4HZcDe7uPRQQB3uYLCmpKf1YncT6vGd4yfW071NZP+W23Ob4/aNubEpFvdlOaIgCk/NeiTI1q33I46K+5iHNCSvbTcvRAIM2OizYx0Ug+bQCQwpJ2UKDYlnResIZXBEtJikmAp7K0josWKUC8D9UFGbYYMQe5Ht8UnResJYpTnnSPR0kmLaoVoIn5Ko6K/r4pZpxceUg1K//ySTO7v00FYMa1qUv30oeXBQy4ELFwPTSD/w64SfNn16Nb9x/Tfwk+cHhzMpezzaNMV21YJF+bVBR3ng9sSefzSgjW7FzP7AsKOFTV8zYCEuP6NJJwlkgRu8zmY4iH7LWSdBBot7Q2hmLS22k1/+jFl3+GS7u7u5vSQoSfsnstQj+Gd56frybYS1vm9qnLJxhsWYMQslke3q2dV7lu+kP71efKY9l/QlHZhMKCVY05k3aoQ3pKf2higcRO1P9SlgiszDNGKqkPgTonj7bnlD7Lk7f2rh/yHKjlr/9v3zvhhawAAP71XN6ynJZNsD/k0h3t4MpSCniX0TrCPY1m0OR2b/nxF7KCStJLlElgDcH/vrNlLvCO/YjoElfzpe6k3aJ23ma6MFi6aJeXMSfb+KjkdAWtTj7d/rAO85rXL06lX/25A+nxEUaUL/6L7lakquvuuH/74Hw9CkNwF4IrPAPaaZjQ3gHJ7px29s2r/azjGMOxdQlAR92iIpVqdIy4PT2zrj3tc7ETZf0ZHmXGvTpbsQNR12bneG6vVm++q256Q6WIEf3gAAAMUZrR/YgtdvbIIvBC2DbP/qSnNjbXhbUYDLfhtCqzm1eAFvR9Y9IeYluZlxuu+S998/kAILPV0ygWixulf7+EtZKmfwlrLy+VqAG8mJknyU83CEdu90gegd7F4KhYAZ09LfitvzGPY2pzu6xFOZU7n1YxNAYssmVkIN5f/ZtbOw4lvWjdW3ZUKe1JEZ6IsWpGhusVkNbONzrKktYEBX+TxgSUyCrR/066aqa4tsqLuRY3b2qfBSAE0UYBrC/OvjSOJAhDNuJIrTQESaut18LN5/6DQy9g+HTQ37BC6+DODvFGDqYiBL3NmjZBxrdNo9U9GPPJQdtLy8Fbxg3KyRY3Ir34HUH4xyB/zlGr7r/pRcNXABEyBseAMZxzSxOLnEyKlBvWRmseAGmqzxJkgUKGs4IyEoJB0thXZDTeylpNCdFgDU94q2J+dhxNyogn0IMQu+wDxww2GCw/gXjvD3s1fNUqDBL6hr4j5IHgp0foygCduuPHXGSU1x0f2bbn2DE8+Lfpol3lalVqtOlo4GT1gZUBWa3fw2PnlYeaj1L/E3l3moblN+qgrxaAUVWBQmSpEPt59l4ZQP/qZOBIDbCZ8VHQS8hJ0k1k2+l9J3+v8z9N/GlgMt+p+iDqlx2hJ3V3Vq6yezmDRvR3iKEfTUctLCJPw1n3U4RGYz4tY9P1b1uHlae9PqtZFpIB2PGJibC4seQNfsmKA0mbrR/7+kGju4BPMM1BdceuOZxghP+vl+OrzVpRbp4H7zd3C94F2WG61CV1GcVHhaohB9+N/E8MeGwf6ZiVEQu7XyAAHShUjYHmz8D1j0mlIhI+tK12GHRsh25FVn94q6hdEs4ymzgTovxzU3TLFf/PgF2U+vfKHxX3//vqRJFY3jxEB8rwmr5N+dp3crpSgtFWslIUf/YyhbcU+4HFPb7+zH7fp+dqBsAzNd1dmaANc0jAPZCYCk8DpOatqrgjJLWvE+EfCXhT9b3AwJ44REKnBr1bW1ta8CRnzj/RQ3nfu2zg1OAVHE3U6W+W7U6hH8tIaHAW8o2/KnkERwnbPi/8slfSiEmtiVw9kf2A497/gRvgO/uuMFf+uTQM+xkLFc8MWSJA+KWaTrlvPVxVZPDBMkntrG5AzUqx39ak3mTyUDmIUvpiKIhheislwouCbZ1zedqX4cjAGoOQbPsNJD5KqzwTIdL6S9psf1Y+22NmRhKpfl9wiJXVKbVgt6KZ42vRXLSpQPs+LLHji9nE/VOXxjf5zEEHj7jQDsPsabkUHExxFD8mj/fkYkfjzEOCjLhgAFwB8VM56ye67SeD5YJp3eLs+17zLEw5yqIdZLPvJ4/jyTpILbjGedjXHqAgePAiYipK+s8UBWKEqEYJN/bEv9m958tSWA/7RwAAhc4a94xfc6jVhILdaX1qZZMQvaQf+NMpycRYsMEBCuh2hUrrG9I3v6w3ja9opB+4vfTXS3AMkz0Y7AOz1V+0BOW7ulBA3YILsJ5//OGREuxoBbhGoVlW6T6NE6+XO+b+e0zZvqXnR+IbgdaQg4Z4UC/KXBNkP9MjJSWhz4i0GlPlR15RIX/V+a+99MeVHgHBxHM11Ag5bErJUjy3wcrBAbMftmF/WVR+x+yxQLhfTLwICMl/t+23BQb7dVloalJn5DEONfU5eOmS/OSfvsz29t4l6rkBOG715M1yWRKgmvvOv1g5r40U2mcRraI/AMJdJ+40U3ZKpR4eoKnGcVQ13/DM3D+6WJhYh7DBOHJBcIxoe2FEB2+FfpIOJVO7A1HcbsEEO670mS/UgZo8fBNOdg/XJZ+PD6lM9ItgQ8uA5hed91Wr08MELf6wAISLnaf4DUm4OPtdfgOjjwmTZBfdEJ41qLhBUiUmRecOuPPYdv/+9JhqlzkHpn29yGmSHxna2J4VUqOGJ6P0aMHvX7jlHehquxcX3mr3vNrCT9BXXAz5K4hof1xv9e1LElp1cMlvD+zDhw7LkIeSexDVkJ+G5MeJSau8NGREnqU36j/LXjqueg7zJZiI6g5NFxDPhs3wLxAcpR2n1Ch6jXEoheCGHALrpMV4o/vTt5ALuFC5cL6E7XbjPtA73KXXaLNDhHjkXLn0nRU2JlhtTa/+EUPU9tZqRAf5viCMDh7cZZe47H+8dp5WyGjJeuOPNowRgCfoBkWct8HbG5n7dqzd3RtsL1Esvvjev6iY4/irxrp0RPIpkaXtg5JDfUof6B2z2M9SkAP2eAQfmS8uJs3AlhZSnCItiNzcA/wKdicXFm/WMAB4U8wh7KcYE7iJ3gXZDHNBX+tVr4kC2VAFrUSVBUhS/8HvnIaslPg4d5DDoHLPBoqMxOEF2ZAF75vLaSGhm3/AirTxPEfza24ke79AaHSCO6VDT2ei9Yg+tWn+BmqcTAK0v1GB4Yppii038Jo+eviK8ocQaNzuvWMC8eWdn8Nus3vS/Ze+yqErQQuo+BrFlAIGp+hBlfmOlSKTUpkzwAADAGyOib7doRY+SBQ5JQCwwmE4w6H0+1AVhojrNrnIjahEGsMt8QTSr6kke/ez85Rqm1gKtOaD+cMQ/7PdFt+kyqDpPpsPxMP60z6zDY010eXdnaCX5PDu5KCKRKZqX2fsmdB/XsKpyzqjfFRXc4V1UqWMmmnZ6wvKLwSz9QJ7R1DPGcXP4c4izN9AjBWeTZAoz69IDSTq09RjKhD68y9BzfaAjthjy1AWXvBh2yvthX3TAzfh5JmnYOGCJP+z9N3mQcD0z6IcLWhgRhaOaweahGYknG0wxJ3PPppceic4wPgDGYChxEbVF35rNIEAPraMnA/RXFOsckBAjSGHiAp335mY2SjX2lk6onsYTHMPIKpfLHISzlhS8A0/TUaTMSAa63qXo7mNUcAAAIMkD6Zu1E8gI+huHivHTelkuBgBEnAnZ8VXuMWr3HMn+XY2YIZwEPdedj01Kx8JpSGO+dNjh4NC/FNXqTkAIPJPc5t7KTqGpVAbdVLZ27K9iq8W4FXKfyw1WqyzxUEEqlHfkLvWj2x0LazhXilNSyqStmnNPqjD5x+p+f/3OREqdSIALPPB8c2msB3NrwM8p76x1M2v5fAneB0NLHiezTz4Hdn4R9SgYSgqSeb3vteRxY27oL0ZuaYzbs0cPI1knO4p+KQlmz6IMT7k6sZzPjiQZ5sda/Pw2D8ATNk33D+x5uAi7rC6BzMcUo6oxuQwkgBqdtHVZ2FIMSsliCN4yXrtfYNlhfVzcxkHX7Y+iKg3WQB/Zi7uw7e54HPGCdt9XIQoDO6AToaJ6cz7QaOH6KqPLfvqp266KXP1Ca6y1zsi7jRvyNfsWBCShyRqELe2GGOE2vLrsJCI22wAs1Ja993TT52Ib2UqS9DRnepzioht3q+Ybw5taokaS1vNkpQa8uQrlY10GNxdj0CQn89jHQKMrn1uvvk5FZkYGXc0xgWvA07Ne4vojsRC470AkhO/5oNicJmdAaVG6qT6nEE25CIYU4AEPd+oZYUpDxGEDxHWz0KZjs0n2RcB2pY8PG1mAQ9YQv3LGSVzeZcpvrEixRTD111rQXiL7upOV4lC5LzDlPKqWBGjD5PR6MKLyNbc9jJeGuxTiOYa9AAusEwBSo+7YSS/14VaLOLBZ9TIff7goTlInXlL10fMAElmi61zCB4uVVnqmTS++Hiy54Dz/iSQf7qZOiUFhtjBPNbFM4FhQoPpLXPJ41X2m2HiVPvLHWZC1RgEmlne+b5bMV13zxJZC/ZrJhKoAXJsk+f5JGIl+t3l5U6LBi0tP+5EM6dgt3WpKMi1gN/mynN1MnaSlwifjplrOJvcHgVBcs3xA8DfvvA7S8r+yGaCkhO0opmZstSj6keXN4y6Um+MR7hsljxtDkZYoPAWeCe7bD4YJqA4j9JSHeWlIE780J8soVxm0F6VkE5lvceftuKfSTK273a6z2x/8oEp2UAykJ2RD9tDDv9g//1WMrj2jpzTCgk/dcP/vH0Kzkwsww7uSCLq64HmuzgEgnCsKrxPODwn+oLfezO8Bf3Dsem3zYF4dpvqrRpQQ51JKgTaQp9HqsM06sdX3MI9vCNnx0VobxiN73mIeoeFXl/F+qGZk9HUIHot3nLfGlGuzidMuZmQtMXZYuxoMjwpNX+d01bHGL0Isoa/5ggl3anw5zvz3riFvF4EFxdMc1GLqYUpSpXqBLtNjTK4GNF7DspNN8q6UYJ3Wuv6YOsvKmTZfKY3reSdtJJVjueFcvA3OEgK9Vpzl+IbfAbp4UAp9Mvrc/4MumgtrkSc+t17fv4A5BA/6lp2dT3DmDZL9b5RbuWmYWCwi9C1IiOzfeHb0v3ca62eAfmfcePeI/zFO5pQlFqJg3iCJmahVi9tmfoxfOn9qMn3N0Rfo+P1CvaFJ85wRlJaaqQg5q1Y/zt672MKPoWBsypYVlTXLqaH7RMxCu0O8tD/8Cmu/uFo2mUPnDS4+qBiGjxF5cC2w4myat6DsTi59nmVhXTqvSPb9ncZPANcTRHQ4nz3uBBPY61d2yVzeJEAfHSh+6z8Iw0/WqqQAdYqXvqEcNITX3Wbq7zY2N3PcZS30b1t8DPipFhVbnup83oGz5vvs/TGHInSIQPV3E5v3Iso/HVPmLNsHMpRll1hErX1qUr3UxlGegd0ML2bvb9YTf+ADHDEKI7tW2dAED18Qrgq7EeSBVwTmCJ0DmAQAAAARVhJRroAAABFeGlmAABJSSoACAAAAAYAEgEDAAEAAAABAAAAGgEFAAEAAABWAAAAGwEFAAEAAABeAAAAKAEDAAEAAAACAAAAEwIDAAEAAAABAAAAaYcEAAEAAABmAAAAAAAAAEgAAAABAAAASAAAAAEAAAAGAACQBwAEAAAAMDIxMAGRBwAEAAAAAQIDAACgBwAEAAAAMDEwMAGgAwABAAAA//8AAAKgBAABAAAALAEAAAOgBAABAAAALAEAAAAAAAA=', 'FEMALE', '1994-01-27', '31234567893', '2028-01-27'),
                                                                                                                                                                                               ('10014', 'Amanda Oliveira', 'amanda.o@ipem.sp.gov.br', '$2a$10$YB1lLj/IMXD4Lm0cbAphKumArFegy1hC8yxr0Cm3/n4jm9kAd7rFi', 'TECHNICIAN', '11999990014', 'B', 'AVAILABLE' ,'UklGRpwhAABXRUJQVlA4WAoAAAAYAAAAKwEAKwEAQUxQSIcPAAABwMf/v2nNrb5rr50bq3YnqhnbLCc3qm23MWpkahuxjdqNGt6Gd/KaqHFSxHj2Wuv7+WOeeebBOXuviz8iYgI0tkNsG03ePm6NDee/+5CvH3H6ORcuuv3me7Bt/nnzHQsv/MMpP/3K/m9/2brzVtcSm7YJGtKhiY0mfex6u+73o99eftsEUzeAmfojN1/6i+98+GUvWk2TxtiEIRRiDJK07Lz5Bx572V1m8pJz6lLKuZRibBsXl5xT16VcCpN3d1740322f0ojSU1shk0TgyQ9fsv9T7z2USZNKaVcPClmGo0nLTmllJn0ocuO+sAGq0lS04ZhEmKUpMfudOhf7mbx0qVcbMysNXbJqSssfuuvDtx6ZUmKzdAIMUpq193vl/8AKCkV25g5aGznlArAbae977mSFOOAiFHSKi/7zjUAJeXixZnDxnbJqQD5skO3XE5SbAZBEyWtuseRtwBOqRgzGm1cUgK4/nvbLycphp4XYpCW2+Ww24Gcso0ZqcbOqQA3fXPzIDWxxzVR0rpfvgHIqdg2o9c2LqkAlx+8jqQY+llspFXf8Scgp2JsRraNSzJMnDl/Walp+leU9MJv3AFOxbYZ8badE7DoE/OkEHtVaCW9/OwCKRubsWjjlOHRozeRFHtTaKXl3vo3oCvGZmzauCTg9/MlxV4UWmnVvRdBTsZmzNo4GS57Y5Bi/2mlVfa/HVI2ZiwbpwxXvDFIsd9EaaUDboeu2GZc2zgnuPJNQYr9JQY177sJUsE2Y9w2OcEVu0lN009ClHa7CrqCzdg3zgn+vIXUhh7SSpv8HlLBphfa5AzHryXFvhGlp/wEcsY2PdGGXJj4/Apqmj4RovThe3AyNj3Sxglu2ENq+0OUNroQOmPTM23cwVlrSbEfhKjlvgqpYNNDbXLm4b2ltg9EacfrcQLTT22c4K8vkZqxF7X8d6EzNr3VpnSUg6V2vDXSVtdTMja91ibB+c9RE8ZYK30BOmP6ro07Jt4jteMqRK1zAc7Y9F/bJDhldbXjKUqvf5jO2PRim5K4ZUuFZgy1Cj+AhE1ftqGD/aU4dlo94yJywaZH22Rz2kpqx0totPO9dMb0axt3LHqJ4jhppP0gYdO7DR0TeyiEsRGlw3DGpofbJPi41IyJVo85h1Qw/dymFI6S4lho9bwb6Yz7GjZOnLu62jHQausH6LDp8cYd16+lduRF7QUJm15v0/GvDdSOthD0AcjY9HybRN5J7SgL0gGQsen9Nglepzi6QtACSsFmANpkeIOaURWCFpALZhjaZPiwmtEUgr5ENmYo2hTzMTWjKAR9iWzMcLQp5mOKoydIC8jGDEpTzIcUR9ACsjED0xTzerUjJuoAsjGD0xTYS+1IafUBSsEMUJNhB7UjpNVeUDCDxGQeXVftyGi1NWTMMLVJ3D1PcUREPe8BMmao2nRcu6qakdDoMTeS8HDBpuPPUhgBQTqHDpsBa9PxEzUjoNFhdNgMWtuJ/dTOuVb7kWwzcI3Nq9XOsVY744IZvCbz4DqKcyrqGfeSMQPYJK7+D4U5FBQuIuFhZDqOVjOHon5AhxnGthMfUTtnWr2ebA8lTIGNFedIo3UepmAGs0lct6LC3JAuIGEGtOk4Qs2ciPoCHWZQ2Yk3qp0DUVthe1hhCvc/U82sC1r+ejJmYJvErxVmXdR36TCDyyQ+onaWRe1IsYcXpjCxtppZFbTc9WTMADeJ3yjMqqiv0mEGmUm8U+0sitoI2wxzU/jXExVmj3QhiaGG6Thacda0+jAJM9jtwk6KsyToKfdQBh2ZK6JmadRP6DAD3nTsrXZWRG2CbQadC/9+gsJsCPo9iWGH6fie4iyI2o1sM/Bt/GI1M6fmKjLDj8Tps6DV+0iYwW8XtlWcoaCVbqK4BpD4g8IMtTqADlMB7cyuijMStMrtFNcBMn/VzLban4SpgnZmV8UZCFr1doqpBGQu0Ey22puOWoCd2VFx+rTcIoqpBiR+pzBtUW8luR5gFzZTM13S38hVgcTx0xb1crJNRbTpnq0wPY3OJlEVTeIritPS6IUFuyrgwh2rKUxH1DfoqIwm8W7FaQha9Q6KKwPOXKDpjHoHyfXBhc3VLF3Qn8hUR5P4oeJSNVoX29UBF+5+rMLSRH2ZRI1w4q2KS6PlbqCYCunEbxWWImoXsuuEmXi2wtIcRjJ1IrGv4pSCVr2dUidw5iJNPWoPsmuF4cVqpnYkiVrpxIGKUwha5RaKq0XmHIUpRL2M7Hphumermcp3SKZeJt6ruCS115ArhhNnqVlCo3Wxa0bhX49XmCxqP5KpGM68QnGyoF+SqJnu+MYSgh77D4qrRuZyTR61E8VUDfPI2gqTHUqibjrxWsXFgv5Cdt0g8YNJgh5/N4W66cylWrzRlhRXDsyDz1SQovYn1Y/My9VIjU6sIYnPqZW07LWU6kHiLAUFzXsUVw8XblxeippPMdXDpGcrtDqQrn7gzG6KjY4lUUE6DlErXUZ2/SBxnBo99i4K9dOZyyWtZ1xBKNz1WGlXUhUx+SXSfiSqSOIV0o9IriEkPiz9lkQNdeKbai8nVxESZ+hxt1HqSOZCrTGB60hh0UobUqrJPU+dT64kNs9+dz0pbHYIqZZk/vPrdPXkXUeQqCSJ/U8nuZosOIdMJe34zoXVxImjF1EqCYnTb68qN9eTzAX34HpyEaaeXGj8/6xgKso/cT25+GZKPTnnDlxLEqcspFQSJ864kFxPfvaHakLHt08huY448bmf0lFN9vkKnStJ5q37k2pJ4VVvJ9eTTV5GqSWUddatJoW7nzTvEarJwuVXv5lSRzLnSZeS60jiROkXpCrixJek75BcQ0i8W/owiRrqzI7Sy8iuIjz6AulFHVWkcMcq0mp3UiqIM3+VpAvJrh8kDlPT6Kck6qc79lXbah86V5DCyxUbbU+pHzaPzlMIespD2NUjc1UrSc1lZKpH4mQ1UtRRJFeQgxQX+0ANyWyrRmq0AaV6FO55ioIUtNqtFNcNZ85XkKRGvyJXDhLfVFws6kASddOZ3SZrtDXFVcOF+56qsJi08m0U1wwy52mJjU4jUTPd8TnFyVq9j2TXC7uwnZrJgp6bqRqFW1dRmEzSZeSakThOUUuMOpRExUy8ZSqNtqTYtcLm/qcpLEla7npKtSDzGwVNMep7JGqlE+9TnNr2FLtO2DwyT2Eq0nI3UWpF4ncKmnLUN0l1wk68V3FqjTbHdp3g/qcoTE0Kl5OrBImT1Wgpow4m4fpgZ3ZVXJqgdSZwjSjctKKWvtGZJKqjnfiS4tJFzSfb9YH8fDVLJy27iFIfEr9W0DRGfYJEZbQzeyhOR9C8R7ErQ2HRMpreRkeTcE0wiQMVp2sT7LpQuPepCtOjoN+TcD0wie8papqj5pNdE0x5gZrpknQZuR6YxLGKmvaoN5JwNbDZRM30SeEKMpXQJE5XoxmMeiPJrgQ2m8yMFK4k2zXAJM5QoxmNehOJOmCz6UxJ4QoyHn4mcaoazXDUbpXA+EUzJ+nPZDz0TMcPFTXjUVtQPPTswgPPUJg5NTqehAceHZ9Uq1mx1gS2h5zJ3LiCwmxQq8/TMfASr1XUrAxa4QYyHm4m8XsFzdKoPcgebrbhpWpmixqdRcKDjY4vKWoWrfUwxR5mJrNoOYXZo1Z702EPMduZlylqdv+VxDCj40hFzeqolxRsDy+TuX01hdmlVgfTYQ8t25n5ipr955MYXnQcoahZ3+g5ExQ8rEzmppUUZp9avYeEPaRsm20VNRcbnULHkLLp+Lyi5mTQ6reQ8YAicY7mbKutsO2hZAr3rKFmrqjV15hgKNl0vEet5mzQsv9NwoPIpuNMBc3hqOdNUPAgInHzqnNLrV5LMR4+plDWV9TcjvoCHfbQMc68Wa3metAZdNjDxqbjUEXN+UbLLSQxbGw6fq+RGLXOg2Q8YGw6rllBzShQq+2h4MFik7l3DUWNxlavwwUPFjJsolajstWHyMbDxBR4pVqNzkZfIhkPEVPMG9RqhIagw+iMh4cphQ8paqQG6Qg646FhSubjihqxQTqBznhYmFL4jBqN3EY6hc54SJhSOEghjB410ol0xoPBphT2UxM0ihvpMJLxQLApsI8ajehG+ga5YA8BmwwfUKORHaRDccHufzYZ3qSoER6C9oaM3fdsEsxXq9Ee9QZI2P3OpuPBrdVq1Eft3NFh9zlDxy3PU6vR3+qltzMB7m027rjkCWo1Dls99iI6455mUwqnRbUaj63aEygZu4/ZJPisFDUuo3QQJOz+Zegob1ZoND5D0KvupzPuWTbuuHl9RY3XVmtcTirYfcomm7NWVatx26r9GSTs3mRDB5+QosZvlN46QWfck2xK4s7tFBqN4xD1nEsoGbsP2SQ467FqNa5b6SvQGfceG3ekD0itxneUtruJnLH7jU2Cvz5PodE4D61W/DF0xu4vNqWDT0mtxn2UXnYTTtg9xcYJLllPihr/IWr5b0JXsPuITU48uq/Uqh9GaZOLoTN237BxB2evLUX1xRClj96Hk7H7hI0T3LiX1KpPRunJP4GUsd0XbEiFic+toKZRz2yljf4AqWD3A0POcNzaUlT/DFHa/SroCvb4M+QEf95KaoN6aRMU3n0zpILtcWabnOBvu0tNo94apRX3uRW6jO1xZeOcYOGbpBDVa6O04t63QMrG48k4Zbj6bY0U1XdDK630wWshJ2OPGxsnw8WvbaSoPhxaaZk3XwykYuzxYePSAb99haSo3txK2vmMAikbezzYOGV48LANJUX16ijp+V+9HUjFtkedbecEXHvg06QmqnfHRlrlLX8CcirGHl02LqnAI2fMb6XYqJc3UdKLFlwP5FRsewTZxiUV4L8OWFNSG9TbQwzSci//6V1ATtnGHiU2dk4FuOEbG0tqonp+EyWtttsxtwJOqRh7NNi4pARw3be2WUZSDBqCMUpaeYdvXw2QUy628VwytktKBtIlCzZbVlJsNBhDjJLi+h/7xd0AJaVsG88FY5fcZQPcctJ715akGDUwQ9NK0mo7feZ3d7J46VIuNvZssbFL7pJZ/O9nf2zzFSSpbTRMmzZI0uM23Pfwqx5k0pxSysWT46UznjynlFJm0nv++sN3vGgVSWraoCEbYmwkaZkn7PSh71944wSTu+SUui7lUoqXWErJqetSyoUlPnj9uV9+36arafEYGw3h0MSoSdsX7fTm75z55xseZsYfWPi7U7+05w7rNJq0jU3QkA6xbbTEVdZ4zoav3W/BN757wu+uWnjzv++/7/7777v/X39fePkvj/vONz7/0d1e+uxnLK8lxrYJGtsAVlA4ICwRAACQVACdASosASwBPnU6mEkkoyKhIXQKQJAOiU3fj5L7FAMAAdoAl9xL/uv8v/r/+x8QaknTv7P+uH94/an51qj/NPv5zdNZecf4j+j/8P+//kz2jv0P/rPcA/hv8f/4v9l/y/sAf4D2KeYD9e/2795X/Xepv/Bf6z8gPkE/rX+D/+nYKegJ+6npu/u/8JX9e/5v7hfAh+yH///f/4AP//7anS79Nv8H+M3fn/mOW7mAUl+IXez8Z9QL8d/o3+p3ncAH51/Vu+41EYqLwb/Of1d+AD9Eeg9ne+pfYL/mnUW/cb2Uf2AGtoWL3U3QnwLFK6K+wru7nNR5t0aAJ3e6KEBXIHa+Lczo0oKplw0knCZOPRrvPHJ9Fq84q5NiRClgDKrfcwBkBxLBLcU4nVUFNmrJicG4HZcDe7uPRQQB3uYLCmpKf1YncT6vGd4yfW071NZP+W23Ob4/aNubEpFvdlOaIgCk/NeiTI1q33I46K+5iHNCSvbTcvRAIM2OizYx0Ug+bQCQwpJ2UKDYlnResIZXBEtJikmAp7K0josWKUC8D9UFGbYYMQe5Ht8UnResJYpTnnSPR0kmLaoVoIn5Ko6K/r4pZpxceUg1K//ySTO7v00FYMa1qUv30oeXBQy4ELFwPTSD/w64SfNn16Nb9x/Tfwk+cHhzMpezzaNMV21YJF+bVBR3ng9sSefzSgjW7FzP7AsKOFTV8zYCEuP6NJJwlkgRu8zmY4iH7LWSdBBot7Q2hmLS22k1/+jFl3+GS7u7u5vSQoSfsnstQj+Gd56frybYS1vm9qnLJxhsWYMQslke3q2dV7lu+kP71efKY9l/QlHZhMKCVY05k3aoQ3pKf2higcRO1P9SlgiszDNGKqkPgTonj7bnlD7Lk7f2rh/yHKjlr/9v3zvhhawAAP71XN6ynJZNsD/k0h3t4MpSCniX0TrCPY1m0OR2b/nxF7KCStJLlElgDcH/vrNlLvCO/YjoElfzpe6k3aJ23ma6MFi6aJeXMSfb+KjkdAWtTj7d/rAO85rXL06lX/25A+nxEUaUL/6L7lakquvuuH/74Hw9CkNwF4IrPAPaaZjQ3gHJ7px29s2r/azjGMOxdQlAR92iIpVqdIy4PT2zrj3tc7ETZf0ZHmXGvTpbsQNR12bneG6vVm++q256Q6WIEf3gAAAMUZrR/YgtdvbIIvBC2DbP/qSnNjbXhbUYDLfhtCqzm1eAFvR9Y9IeYluZlxuu+S998/kAILPV0ygWixulf7+EtZKmfwlrLy+VqAG8mJknyU83CEdu90gegd7F4KhYAZ09LfitvzGPY2pzu6xFOZU7n1YxNAYssmVkIN5f/ZtbOw4lvWjdW3ZUKe1JEZ6IsWpGhusVkNbONzrKktYEBX+TxgSUyCrR/066aqa4tsqLuRY3b2qfBSAE0UYBrC/OvjSOJAhDNuJIrTQESaut18LN5/6DQy9g+HTQ37BC6+DODvFGDqYiBL3NmjZBxrdNo9U9GPPJQdtLy8Fbxg3KyRY3Ir34HUH4xyB/zlGr7r/pRcNXABEyBseAMZxzSxOLnEyKlBvWRmseAGmqzxJkgUKGs4IyEoJB0thXZDTeylpNCdFgDU94q2J+dhxNyogn0IMQu+wDxww2GCw/gXjvD3s1fNUqDBL6hr4j5IHgp0foygCduuPHXGSU1x0f2bbn2DE8+Lfpol3lalVqtOlo4GT1gZUBWa3fw2PnlYeaj1L/E3l3moblN+qgrxaAUVWBQmSpEPt59l4ZQP/qZOBIDbCZ8VHQS8hJ0k1k2+l9J3+v8z9N/GlgMt+p+iDqlx2hJ3V3Vq6yezmDRvR3iKEfTUctLCJPw1n3U4RGYz4tY9P1b1uHlae9PqtZFpIB2PGJibC4seQNfsmKA0mbrR/7+kGju4BPMM1BdceuOZxghP+vl+OrzVpRbp4H7zd3C94F2WG61CV1GcVHhaohB9+N/E8MeGwf6ZiVEQu7XyAAHShUjYHmz8D1j0mlIhI+tK12GHRsh25FVn94q6hdEs4ymzgTovxzU3TLFf/PgF2U+vfKHxX3//vqRJFY3jxEB8rwmr5N+dp3crpSgtFWslIUf/YyhbcU+4HFPb7+zH7fp+dqBsAzNd1dmaANc0jAPZCYCk8DpOatqrgjJLWvE+EfCXhT9b3AwJ44REKnBr1bW1ta8CRnzj/RQ3nfu2zg1OAVHE3U6W+W7U6hH8tIaHAW8o2/KnkERwnbPi/8slfSiEmtiVw9kf2A497/gRvgO/uuMFf+uTQM+xkLFc8MWSJA+KWaTrlvPVxVZPDBMkntrG5AzUqx39ak3mTyUDmIUvpiKIhheislwouCbZ1zedqX4cjAGoOQbPsNJD5KqzwTIdL6S9psf1Y+22NmRhKpfl9wiJXVKbVgt6KZ42vRXLSpQPs+LLHji9nE/VOXxjf5zEEHj7jQDsPsabkUHExxFD8mj/fkYkfjzEOCjLhgAFwB8VM56ye67SeD5YJp3eLs+17zLEw5yqIdZLPvJ4/jyTpILbjGedjXHqAgePAiYipK+s8UBWKEqEYJN/bEv9m958tSWA/7RwAAhc4a94xfc6jVhILdaX1qZZMQvaQf+NMpycRYsMEBCuh2hUrrG9I3v6w3ja9opB+4vfTXS3AMkz0Y7AOz1V+0BOW7ulBA3YILsJ5//OGREuxoBbhGoVlW6T6NE6+XO+b+e0zZvqXnR+IbgdaQg4Z4UC/KXBNkP9MjJSWhz4i0GlPlR15RIX/V+a+99MeVHgHBxHM11Ag5bErJUjy3wcrBAbMftmF/WVR+x+yxQLhfTLwICMl/t+23BQb7dVloalJn5DEONfU5eOmS/OSfvsz29t4l6rkBOG715M1yWRKgmvvOv1g5r40U2mcRraI/AMJdJ+40U3ZKpR4eoKnGcVQ13/DM3D+6WJhYh7DBOHJBcIxoe2FEB2+FfpIOJVO7A1HcbsEEO670mS/UgZo8fBNOdg/XJZ+PD6lM9ItgQ8uA5hed91Wr08MELf6wAISLnaf4DUm4OPtdfgOjjwmTZBfdEJ41qLhBUiUmRecOuPPYdv/+9JhqlzkHpn29yGmSHxna2J4VUqOGJ6P0aMHvX7jlHehquxcX3mr3vNrCT9BXXAz5K4hof1xv9e1LElp1cMlvD+zDhw7LkIeSexDVkJ+G5MeJSau8NGREnqU36j/LXjqueg7zJZiI6g5NFxDPhs3wLxAcpR2n1Ch6jXEoheCGHALrpMV4o/vTt5ALuFC5cL6E7XbjPtA73KXXaLNDhHjkXLn0nRU2JlhtTa/+EUPU9tZqRAf5viCMDh7cZZe47H+8dp5WyGjJeuOPNowRgCfoBkWct8HbG5n7dqzd3RtsL1Esvvjev6iY4/irxrp0RPIpkaXtg5JDfUof6B2z2M9SkAP2eAQfmS8uJs3AlhZSnCItiNzcA/wKdicXFm/WMAB4U8wh7KcYE7iJ3gXZDHNBX+tVr4kC2VAFrUSVBUhS/8HvnIaslPg4d5DDoHLPBoqMxOEF2ZAF75vLaSGhm3/AirTxPEfza24ke79AaHSCO6VDT2ei9Yg+tWn+BmqcTAK0v1GB4Yppii038Jo+eviK8ocQaNzuvWMC8eWdn8Nus3vS/Ze+yqErQQuo+BrFlAIGp+hBlfmOlSKTUpkzwAADAGyOib7doRY+SBQ5JQCwwmE4w6H0+1AVhojrNrnIjahEGsMt8QTSr6kke/ez85Rqm1gKtOaD+cMQ/7PdFt+kyqDpPpsPxMP60z6zDY010eXdnaCX5PDu5KCKRKZqX2fsmdB/XsKpyzqjfFRXc4V1UqWMmmnZ6wvKLwSz9QJ7R1DPGcXP4c4izN9AjBWeTZAoz69IDSTq09RjKhD68y9BzfaAjthjy1AWXvBh2yvthX3TAzfh5JmnYOGCJP+z9N3mQcD0z6IcLWhgRhaOaweahGYknG0wxJ3PPppceic4wPgDGYChxEbVF35rNIEAPraMnA/RXFOsckBAjSGHiAp335mY2SjX2lk6onsYTHMPIKpfLHISzlhS8A0/TUaTMSAa63qXo7mNUcAAAIMkD6Zu1E8gI+huHivHTelkuBgBEnAnZ8VXuMWr3HMn+XY2YIZwEPdedj01Kx8JpSGO+dNjh4NC/FNXqTkAIPJPc5t7KTqGpVAbdVLZ27K9iq8W4FXKfyw1WqyzxUEEqlHfkLvWj2x0LazhXilNSyqStmnNPqjD5x+p+f/3OREqdSIALPPB8c2msB3NrwM8p76x1M2v5fAneB0NLHiezTz4Hdn4R9SgYSgqSeb3vteRxY27oL0ZuaYzbs0cPI1knO4p+KQlmz6IMT7k6sZzPjiQZ5sda/Pw2D8ATNk33D+x5uAi7rC6BzMcUo6oxuQwkgBqdtHVZ2FIMSsliCN4yXrtfYNlhfVzcxkHX7Y+iKg3WQB/Zi7uw7e54HPGCdt9XIQoDO6AToaJ6cz7QaOH6KqPLfvqp266KXP1Ca6y1zsi7jRvyNfsWBCShyRqELe2GGOE2vLrsJCI22wAs1Ja993TT52Ib2UqS9DRnepzioht3q+Ybw5taokaS1vNkpQa8uQrlY10GNxdj0CQn89jHQKMrn1uvvk5FZkYGXc0xgWvA07Ne4vojsRC470AkhO/5oNicJmdAaVG6qT6nEE25CIYU4AEPd+oZYUpDxGEDxHWz0KZjs0n2RcB2pY8PG1mAQ9YQv3LGSVzeZcpvrEixRTD111rQXiL7upOV4lC5LzDlPKqWBGjD5PR6MKLyNbc9jJeGuxTiOYa9AAusEwBSo+7YSS/14VaLOLBZ9TIff7goTlInXlL10fMAElmi61zCB4uVVnqmTS++Hiy54Dz/iSQf7qZOiUFhtjBPNbFM4FhQoPpLXPJ41X2m2HiVPvLHWZC1RgEmlne+b5bMV13zxJZC/ZrJhKoAXJsk+f5JGIl+t3l5U6LBi0tP+5EM6dgt3WpKMi1gN/mynN1MnaSlwifjplrOJvcHgVBcs3xA8DfvvA7S8r+yGaCkhO0opmZstSj6keXN4y6Um+MR7hsljxtDkZYoPAWeCe7bD4YJqA4j9JSHeWlIE780J8soVxm0F6VkE5lvceftuKfSTK273a6z2x/8oEp2UAykJ2RD9tDDv9g//1WMrj2jpzTCgk/dcP/vH0Kzkwsww7uSCLq64HmuzgEgnCsKrxPODwn+oLfezO8Bf3Dsem3zYF4dpvqrRpQQ51JKgTaQp9HqsM06sdX3MI9vCNnx0VobxiN73mIeoeFXl/F+qGZk9HUIHot3nLfGlGuzidMuZmQtMXZYuxoMjwpNX+d01bHGL0Isoa/5ggl3anw5zvz3riFvF4EFxdMc1GLqYUpSpXqBLtNjTK4GNF7DspNN8q6UYJ3Wuv6YOsvKmTZfKY3reSdtJJVjueFcvA3OEgK9Vpzl+IbfAbp4UAp9Mvrc/4MumgtrkSc+t17fv4A5BA/6lp2dT3DmDZL9b5RbuWmYWCwi9C1IiOzfeHb0v3ca62eAfmfcePeI/zFO5pQlFqJg3iCJmahVi9tmfoxfOn9qMn3N0Rfo+P1CvaFJ85wRlJaaqQg5q1Y/zt672MKPoWBsypYVlTXLqaH7RMxCu0O8tD/8Cmu/uFo2mUPnDS4+qBiGjxF5cC2w4myat6DsTi59nmVhXTqvSPb9ncZPANcTRHQ4nz3uBBPY61d2yVzeJEAfHSh+6z8Iw0/WqqQAdYqXvqEcNITX3Wbq7zY2N3PcZS30b1t8DPipFhVbnup83oGz5vvs/TGHInSIQPV3E5v3Iso/HVPmLNsHMpRll1hErX1qUr3UxlGegd0ML2bvb9YTf+ADHDEKI7tW2dAED18Qrgq7EeSBVwTmCJ0DmAQAAAARVhJRroAAABFeGlmAABJSSoACAAAAAYAEgEDAAEAAAABAAAAGgEFAAEAAABWAAAAGwEFAAEAAABeAAAAKAEDAAEAAAACAAAAEwIDAAEAAAABAAAAaYcEAAEAAABmAAAAAAAAAEgAAAABAAAASAAAAAEAAAAGAACQBwAEAAAAMDIxMAGRBwAEAAAAAQIDAACgBwAEAAAAMDEwMAGgAwABAAAA//8AAAKgBAABAAAALAEAAAOgBAABAAAALAEAAAAAAAA=', 'FEMALE', '1984-08-19', '41234567894', '2027-08-19'),
                                                                                                                                                                                               ('10015', 'Rafael Pereira', 'rafael.p@ipem.sp.gov.br', '$2a$10$YB1lLj/IMXD4Lm0cbAphKumArFegy1hC8yxr0Cm3/n4jm9kAd7rFi', 'TECHNICIAN', '11999990015', 'AB', 'ON_DUTY' ,'UklGRpwhAABXRUJQVlA4WAoAAAAYAAAAKwEAKwEAQUxQSIcPAAABwMf/v2nNrb5rr50bq3YnqhnbLCc3qm23MWpkahuxjdqNGt6Gd/KaqHFSxHj2Wuv7+WOeeebBOXuviz8iYgI0tkNsG03ePm6NDee/+5CvH3H6ORcuuv3me7Bt/nnzHQsv/MMpP/3K/m9/2brzVtcSm7YJGtKhiY0mfex6u+73o99eftsEUzeAmfojN1/6i+98+GUvWk2TxtiEIRRiDJK07Lz5Bx572V1m8pJz6lLKuZRibBsXl5xT16VcCpN3d1740322f0ojSU1shk0TgyQ9fsv9T7z2USZNKaVcPClmGo0nLTmllJn0ocuO+sAGq0lS04ZhEmKUpMfudOhf7mbx0qVcbMysNXbJqSssfuuvDtx6ZUmKzdAIMUpq193vl/8AKCkV25g5aGznlArAbae977mSFOOAiFHSKi/7zjUAJeXixZnDxnbJqQD5skO3XE5SbAZBEyWtuseRtwBOqRgzGm1cUgK4/nvbLycphp4XYpCW2+Ww24Gcso0ZqcbOqQA3fXPzIDWxxzVR0rpfvgHIqdg2o9c2LqkAlx+8jqQY+llspFXf8Scgp2JsRraNSzJMnDl/Walp+leU9MJv3AFOxbYZ8badE7DoE/OkEHtVaCW9/OwCKRubsWjjlOHRozeRFHtTaKXl3vo3oCvGZmzauCTg9/MlxV4UWmnVvRdBTsZmzNo4GS57Y5Bi/2mlVfa/HVI2ZiwbpwxXvDFIsd9EaaUDboeu2GZc2zgnuPJNQYr9JQY177sJUsE2Y9w2OcEVu0lN009ClHa7CrqCzdg3zgn+vIXUhh7SSpv8HlLBphfa5AzHryXFvhGlp/wEcsY2PdGGXJj4/Apqmj4RovThe3AyNj3Sxglu2ENq+0OUNroQOmPTM23cwVlrSbEfhKjlvgqpYNNDbXLm4b2ltg9EacfrcQLTT22c4K8vkZqxF7X8d6EzNr3VpnSUg6V2vDXSVtdTMja91ibB+c9RE8ZYK30BOmP6ro07Jt4jteMqRK1zAc7Y9F/bJDhldbXjKUqvf5jO2PRim5K4ZUuFZgy1Cj+AhE1ftqGD/aU4dlo94yJywaZH22Rz2kpqx0totPO9dMb0axt3LHqJ4jhppP0gYdO7DR0TeyiEsRGlw3DGpofbJPi41IyJVo85h1Qw/dymFI6S4lho9bwb6Yz7GjZOnLu62jHQausH6LDp8cYd16+lduRF7QUJm15v0/GvDdSOthD0AcjY9HybRN5J7SgL0gGQsen9Nglepzi6QtACSsFmANpkeIOaURWCFpALZhjaZPiwmtEUgr5ENmYo2hTzMTWjKAR9iWzMcLQp5mOKoydIC8jGDEpTzIcUR9ACsjED0xTzerUjJuoAsjGD0xTYS+1IafUBSsEMUJNhB7UjpNVeUDCDxGQeXVftyGi1NWTMMLVJ3D1PcUREPe8BMmao2nRcu6qakdDoMTeS8HDBpuPPUhgBQTqHDpsBa9PxEzUjoNFhdNgMWtuJ/dTOuVb7kWwzcI3Nq9XOsVY744IZvCbz4DqKcyrqGfeSMQPYJK7+D4U5FBQuIuFhZDqOVjOHon5AhxnGthMfUTtnWr2ebA8lTIGNFedIo3UepmAGs0lct6LC3JAuIGEGtOk4Qs2ciPoCHWZQ2Yk3qp0DUVthe1hhCvc/U82sC1r+ejJmYJvErxVmXdR36TCDyyQ+onaWRe1IsYcXpjCxtppZFbTc9WTMADeJ3yjMqqiv0mEGmUm8U+0sitoI2wxzU/jXExVmj3QhiaGG6Thacda0+jAJM9jtwk6KsyToKfdQBh2ZK6JmadRP6DAD3nTsrXZWRG2CbQadC/9+gsJsCPo9iWGH6fie4iyI2o1sM/Bt/GI1M6fmKjLDj8Tps6DV+0iYwW8XtlWcoaCVbqK4BpD4g8IMtTqADlMB7cyuijMStMrtFNcBMn/VzLban4SpgnZmV8UZCFr1doqpBGQu0Ey22puOWoCd2VFx+rTcIoqpBiR+pzBtUW8luR5gFzZTM13S38hVgcTx0xb1crJNRbTpnq0wPY3OJlEVTeIritPS6IUFuyrgwh2rKUxH1DfoqIwm8W7FaQha9Q6KKwPOXKDpjHoHyfXBhc3VLF3Qn8hUR5P4oeJSNVoX29UBF+5+rMLSRH2ZRI1w4q2KS6PlbqCYCunEbxWWImoXsuuEmXi2wtIcRjJ1IrGv4pSCVr2dUidw5iJNPWoPsmuF4cVqpnYkiVrpxIGKUwha5RaKq0XmHIUpRL2M7Hphumermcp3SKZeJt6ruCS115ArhhNnqVlCo3Wxa0bhX49XmCxqP5KpGM68QnGyoF+SqJnu+MYSgh77D4qrRuZyTR61E8VUDfPI2gqTHUqibjrxWsXFgv5Cdt0g8YNJgh5/N4W66cylWrzRlhRXDsyDz1SQovYn1Y/My9VIjU6sIYnPqZW07LWU6kHiLAUFzXsUVw8XblxeippPMdXDpGcrtDqQrn7gzG6KjY4lUUE6DlErXUZ2/SBxnBo99i4K9dOZyyWtZ1xBKNz1WGlXUhUx+SXSfiSqSOIV0o9IriEkPiz9lkQNdeKbai8nVxESZ+hxt1HqSOZCrTGB60hh0UobUqrJPU+dT64kNs9+dz0pbHYIqZZk/vPrdPXkXUeQqCSJ/U8nuZosOIdMJe34zoXVxImjF1EqCYnTb68qN9eTzAX34HpyEaaeXGj8/6xgKso/cT25+GZKPTnnDlxLEqcspFQSJ864kFxPfvaHakLHt08huY448bmf0lFN9vkKnStJ5q37k2pJ4VVvJ9eTTV5GqSWUddatJoW7nzTvEarJwuVXv5lSRzLnSZeS60jiROkXpCrixJek75BcQ0i8W/owiRrqzI7Sy8iuIjz6AulFHVWkcMcq0mp3UiqIM3+VpAvJrh8kDlPT6Kck6qc79lXbah86V5DCyxUbbU+pHzaPzlMIespD2NUjc1UrSc1lZKpH4mQ1UtRRJFeQgxQX+0ANyWyrRmq0AaV6FO55ioIUtNqtFNcNZ85XkKRGvyJXDhLfVFws6kASddOZ3SZrtDXFVcOF+56qsJi08m0U1wwy52mJjU4jUTPd8TnFyVq9j2TXC7uwnZrJgp6bqRqFW1dRmEzSZeSakThOUUuMOpRExUy8ZSqNtqTYtcLm/qcpLEla7npKtSDzGwVNMep7JGqlE+9TnNr2FLtO2DwyT2Eq0nI3UWpF4ncKmnLUN0l1wk68V3FqjTbHdp3g/qcoTE0Kl5OrBImT1Wgpow4m4fpgZ3ZVXJqgdSZwjSjctKKWvtGZJKqjnfiS4tJFzSfb9YH8fDVLJy27iFIfEr9W0DRGfYJEZbQzeyhOR9C8R7ErQ2HRMpreRkeTcE0wiQMVp2sT7LpQuPepCtOjoN+TcD0wie8papqj5pNdE0x5gZrpknQZuR6YxLGKmvaoN5JwNbDZRM30SeEKMpXQJE5XoxmMeiPJrgQ2m8yMFK4k2zXAJM5QoxmNehOJOmCz6UxJ4QoyHn4mcaoazXDUbpXA+EUzJ+nPZDz0TMcPFTXjUVtQPPTswgPPUJg5NTqehAceHZ9Uq1mx1gS2h5zJ3LiCwmxQq8/TMfASr1XUrAxa4QYyHm4m8XsFzdKoPcgebrbhpWpmixqdRcKDjY4vKWoWrfUwxR5mJrNoOYXZo1Z702EPMduZlylqdv+VxDCj40hFzeqolxRsDy+TuX01hdmlVgfTYQ8t25n5ipr955MYXnQcoahZ3+g5ExQ8rEzmppUUZp9avYeEPaRsm20VNRcbnULHkLLp+Lyi5mTQ6reQ8YAicY7mbKutsO2hZAr3rKFmrqjV15hgKNl0vEet5mzQsv9NwoPIpuNMBc3hqOdNUPAgInHzqnNLrV5LMR4+plDWV9TcjvoCHfbQMc68Wa3metAZdNjDxqbjUEXN+UbLLSQxbGw6fq+RGLXOg2Q8YGw6rllBzShQq+2h4MFik7l3DUWNxlavwwUPFjJsolajstWHyMbDxBR4pVqNzkZfIhkPEVPMG9RqhIagw+iMh4cphQ8paqQG6Qg646FhSubjihqxQTqBznhYmFL4jBqN3EY6hc54SJhSOEghjB410ol0xoPBphT2UxM0ihvpMJLxQLApsI8ajehG+ga5YA8BmwwfUKORHaRDccHufzYZ3qSoER6C9oaM3fdsEsxXq9Ee9QZI2P3OpuPBrdVq1Eft3NFh9zlDxy3PU6vR3+qltzMB7m027rjkCWo1Dls99iI6455mUwqnRbUaj63aEygZu4/ZJPisFDUuo3QQJOz+Zegob1ZoND5D0KvupzPuWTbuuHl9RY3XVmtcTirYfcomm7NWVatx26r9GSTs3mRDB5+QosZvlN46QWfck2xK4s7tFBqN4xD1nEsoGbsP2SQ467FqNa5b6SvQGfceG3ekD0itxneUtruJnLH7jU2Cvz5PodE4D61W/DF0xu4vNqWDT0mtxn2UXnYTTtg9xcYJLllPihr/IWr5b0JXsPuITU48uq/Uqh9GaZOLoTN237BxB2evLUX1xRClj96Hk7H7hI0T3LiX1KpPRunJP4GUsd0XbEiFic+toKZRz2yljf4AqWD3A0POcNzaUlT/DFHa/SroCvb4M+QEf95KaoN6aRMU3n0zpILtcWabnOBvu0tNo94apRX3uRW6jO1xZeOcYOGbpBDVa6O04t63QMrG48k4Zbj6bY0U1XdDK630wWshJ2OPGxsnw8WvbaSoPhxaaZk3XwykYuzxYePSAb99haSo3txK2vmMAikbezzYOGV48LANJUX16ijp+V+9HUjFtkedbecEXHvg06QmqnfHRlrlLX8CcirGHl02LqnAI2fMb6XYqJc3UdKLFlwP5FRsewTZxiUV4L8OWFNSG9TbQwzSci//6V1ATtnGHiU2dk4FuOEbG0tqonp+EyWtttsxtwJOqRh7NNi4pARw3be2WUZSDBqCMUpaeYdvXw2QUy628VwytktKBtIlCzZbVlJsNBhDjJLi+h/7xd0AJaVsG88FY5fcZQPcctJ715akGDUwQ9NK0mo7feZ3d7J46VIuNvZssbFL7pJZ/O9nf2zzFSSpbTRMmzZI0uM23Pfwqx5k0pxSysWT46UznjynlFJm0nv++sN3vGgVSWraoCEbYmwkaZkn7PSh71944wSTu+SUui7lUoqXWErJqetSyoUlPnj9uV9+36arafEYGw3h0MSoSdsX7fTm75z55xseZsYfWPi7U7+05w7rNJq0jU3QkA6xbbTEVdZ4zoav3W/BN757wu+uWnjzv++/7/7777v/X39fePkvj/vONz7/0d1e+uxnLK8lxrYJGtsAVlA4ICwRAACQVACdASosASwBPnU6mEkkoyKhIXQKQJAOiU3fj5L7FAMAAdoAl9xL/uv8v/r/+x8QaknTv7P+uH94/an51qj/NPv5zdNZecf4j+j/8P+//kz2jv0P/rPcA/hv8f/4v9l/y/sAf4D2KeYD9e/2795X/Xepv/Bf6z8gPkE/rX+D/+nYKegJ+6npu/u/8JX9e/5v7hfAh+yH///f/4AP//7anS79Nv8H+M3fn/mOW7mAUl+IXez8Z9QL8d/o3+p3ncAH51/Vu+41EYqLwb/Of1d+AD9Eeg9ne+pfYL/mnUW/cb2Uf2AGtoWL3U3QnwLFK6K+wru7nNR5t0aAJ3e6KEBXIHa+Lczo0oKplw0knCZOPRrvPHJ9Fq84q5NiRClgDKrfcwBkBxLBLcU4nVUFNmrJicG4HZcDe7uPRQQB3uYLCmpKf1YncT6vGd4yfW071NZP+W23Ob4/aNubEpFvdlOaIgCk/NeiTI1q33I46K+5iHNCSvbTcvRAIM2OizYx0Ug+bQCQwpJ2UKDYlnResIZXBEtJikmAp7K0josWKUC8D9UFGbYYMQe5Ht8UnResJYpTnnSPR0kmLaoVoIn5Ko6K/r4pZpxceUg1K//ySTO7v00FYMa1qUv30oeXBQy4ELFwPTSD/w64SfNn16Nb9x/Tfwk+cHhzMpezzaNMV21YJF+bVBR3ng9sSefzSgjW7FzP7AsKOFTV8zYCEuP6NJJwlkgRu8zmY4iH7LWSdBBot7Q2hmLS22k1/+jFl3+GS7u7u5vSQoSfsnstQj+Gd56frybYS1vm9qnLJxhsWYMQslke3q2dV7lu+kP71efKY9l/QlHZhMKCVY05k3aoQ3pKf2higcRO1P9SlgiszDNGKqkPgTonj7bnlD7Lk7f2rh/yHKjlr/9v3zvhhawAAP71XN6ynJZNsD/k0h3t4MpSCniX0TrCPY1m0OR2b/nxF7KCStJLlElgDcH/vrNlLvCO/YjoElfzpe6k3aJ23ma6MFi6aJeXMSfb+KjkdAWtTj7d/rAO85rXL06lX/25A+nxEUaUL/6L7lakquvuuH/74Hw9CkNwF4IrPAPaaZjQ3gHJ7px29s2r/azjGMOxdQlAR92iIpVqdIy4PT2zrj3tc7ETZf0ZHmXGvTpbsQNR12bneG6vVm++q256Q6WIEf3gAAAMUZrR/YgtdvbIIvBC2DbP/qSnNjbXhbUYDLfhtCqzm1eAFvR9Y9IeYluZlxuu+S998/kAILPV0ygWixulf7+EtZKmfwlrLy+VqAG8mJknyU83CEdu90gegd7F4KhYAZ09LfitvzGPY2pzu6xFOZU7n1YxNAYssmVkIN5f/ZtbOw4lvWjdW3ZUKe1JEZ6IsWpGhusVkNbONzrKktYEBX+TxgSUyCrR/066aqa4tsqLuRY3b2qfBSAE0UYBrC/OvjSOJAhDNuJIrTQESaut18LN5/6DQy9g+HTQ37BC6+DODvFGDqYiBL3NmjZBxrdNo9U9GPPJQdtLy8Fbxg3KyRY3Ir34HUH4xyB/zlGr7r/pRcNXABEyBseAMZxzSxOLnEyKlBvWRmseAGmqzxJkgUKGs4IyEoJB0thXZDTeylpNCdFgDU94q2J+dhxNyogn0IMQu+wDxww2GCw/gXjvD3s1fNUqDBL6hr4j5IHgp0foygCduuPHXGSU1x0f2bbn2DE8+Lfpol3lalVqtOlo4GT1gZUBWa3fw2PnlYeaj1L/E3l3moblN+qgrxaAUVWBQmSpEPt59l4ZQP/qZOBIDbCZ8VHQS8hJ0k1k2+l9J3+v8z9N/GlgMt+p+iDqlx2hJ3V3Vq6yezmDRvR3iKEfTUctLCJPw1n3U4RGYz4tY9P1b1uHlae9PqtZFpIB2PGJibC4seQNfsmKA0mbrR/7+kGju4BPMM1BdceuOZxghP+vl+OrzVpRbp4H7zd3C94F2WG61CV1GcVHhaohB9+N/E8MeGwf6ZiVEQu7XyAAHShUjYHmz8D1j0mlIhI+tK12GHRsh25FVn94q6hdEs4ymzgTovxzU3TLFf/PgF2U+vfKHxX3//vqRJFY3jxEB8rwmr5N+dp3crpSgtFWslIUf/YyhbcU+4HFPb7+zH7fp+dqBsAzNd1dmaANc0jAPZCYCk8DpOatqrgjJLWvE+EfCXhT9b3AwJ44REKnBr1bW1ta8CRnzj/RQ3nfu2zg1OAVHE3U6W+W7U6hH8tIaHAW8o2/KnkERwnbPi/8slfSiEmtiVw9kf2A497/gRvgO/uuMFf+uTQM+xkLFc8MWSJA+KWaTrlvPVxVZPDBMkntrG5AzUqx39ak3mTyUDmIUvpiKIhheislwouCbZ1zedqX4cjAGoOQbPsNJD5KqzwTIdL6S9psf1Y+22NmRhKpfl9wiJXVKbVgt6KZ42vRXLSpQPs+LLHji9nE/VOXxjf5zEEHj7jQDsPsabkUHExxFD8mj/fkYkfjzEOCjLhgAFwB8VM56ye67SeD5YJp3eLs+17zLEw5yqIdZLPvJ4/jyTpILbjGedjXHqAgePAiYipK+s8UBWKEqEYJN/bEv9m958tSWA/7RwAAhc4a94xfc6jVhILdaX1qZZMQvaQf+NMpycRYsMEBCuh2hUrrG9I3v6w3ja9opB+4vfTXS3AMkz0Y7AOz1V+0BOW7ulBA3YILsJ5//OGREuxoBbhGoVlW6T6NE6+XO+b+e0zZvqXnR+IbgdaQg4Z4UC/KXBNkP9MjJSWhz4i0GlPlR15RIX/V+a+99MeVHgHBxHM11Ag5bErJUjy3wcrBAbMftmF/WVR+x+yxQLhfTLwICMl/t+23BQb7dVloalJn5DEONfU5eOmS/OSfvsz29t4l6rkBOG715M1yWRKgmvvOv1g5r40U2mcRraI/AMJdJ+40U3ZKpR4eoKnGcVQ13/DM3D+6WJhYh7DBOHJBcIxoe2FEB2+FfpIOJVO7A1HcbsEEO670mS/UgZo8fBNOdg/XJZ+PD6lM9ItgQ8uA5hed91Wr08MELf6wAISLnaf4DUm4OPtdfgOjjwmTZBfdEJ41qLhBUiUmRecOuPPYdv/+9JhqlzkHpn29yGmSHxna2J4VUqOGJ6P0aMHvX7jlHehquxcX3mr3vNrCT9BXXAz5K4hof1xv9e1LElp1cMlvD+zDhw7LkIeSexDVkJ+G5MeJSau8NGREnqU36j/LXjqueg7zJZiI6g5NFxDPhs3wLxAcpR2n1Ch6jXEoheCGHALrpMV4o/vTt5ALuFC5cL6E7XbjPtA73KXXaLNDhHjkXLn0nRU2JlhtTa/+EUPU9tZqRAf5viCMDh7cZZe47H+8dp5WyGjJeuOPNowRgCfoBkWct8HbG5n7dqzd3RtsL1Esvvjev6iY4/irxrp0RPIpkaXtg5JDfUof6B2z2M9SkAP2eAQfmS8uJs3AlhZSnCItiNzcA/wKdicXFm/WMAB4U8wh7KcYE7iJ3gXZDHNBX+tVr4kC2VAFrUSVBUhS/8HvnIaslPg4d5DDoHLPBoqMxOEF2ZAF75vLaSGhm3/AirTxPEfza24ke79AaHSCO6VDT2ei9Yg+tWn+BmqcTAK0v1GB4Yppii038Jo+eviK8ocQaNzuvWMC8eWdn8Nus3vS/Ze+yqErQQuo+BrFlAIGp+hBlfmOlSKTUpkzwAADAGyOib7doRY+SBQ5JQCwwmE4w6H0+1AVhojrNrnIjahEGsMt8QTSr6kke/ez85Rqm1gKtOaD+cMQ/7PdFt+kyqDpPpsPxMP60z6zDY010eXdnaCX5PDu5KCKRKZqX2fsmdB/XsKpyzqjfFRXc4V1UqWMmmnZ6wvKLwSz9QJ7R1DPGcXP4c4izN9AjBWeTZAoz69IDSTq09RjKhD68y9BzfaAjthjy1AWXvBh2yvthX3TAzfh5JmnYOGCJP+z9N3mQcD0z6IcLWhgRhaOaweahGYknG0wxJ3PPppceic4wPgDGYChxEbVF35rNIEAPraMnA/RXFOsckBAjSGHiAp335mY2SjX2lk6onsYTHMPIKpfLHISzlhS8A0/TUaTMSAa63qXo7mNUcAAAIMkD6Zu1E8gI+huHivHTelkuBgBEnAnZ8VXuMWr3HMn+XY2YIZwEPdedj01Kx8JpSGO+dNjh4NC/FNXqTkAIPJPc5t7KTqGpVAbdVLZ27K9iq8W4FXKfyw1WqyzxUEEqlHfkLvWj2x0LazhXilNSyqStmnNPqjD5x+p+f/3OREqdSIALPPB8c2msB3NrwM8p76x1M2v5fAneB0NLHiezTz4Hdn4R9SgYSgqSeb3vteRxY27oL0ZuaYzbs0cPI1knO4p+KQlmz6IMT7k6sZzPjiQZ5sda/Pw2D8ATNk33D+x5uAi7rC6BzMcUo6oxuQwkgBqdtHVZ2FIMSsliCN4yXrtfYNlhfVzcxkHX7Y+iKg3WQB/Zi7uw7e54HPGCdt9XIQoDO6AToaJ6cz7QaOH6KqPLfvqp266KXP1Ca6y1zsi7jRvyNfsWBCShyRqELe2GGOE2vLrsJCI22wAs1Ja993TT52Ib2UqS9DRnepzioht3q+Ybw5taokaS1vNkpQa8uQrlY10GNxdj0CQn89jHQKMrn1uvvk5FZkYGXc0xgWvA07Ne4vojsRC470AkhO/5oNicJmdAaVG6qT6nEE25CIYU4AEPd+oZYUpDxGEDxHWz0KZjs0n2RcB2pY8PG1mAQ9YQv3LGSVzeZcpvrEixRTD111rQXiL7upOV4lC5LzDlPKqWBGjD5PR6MKLyNbc9jJeGuxTiOYa9AAusEwBSo+7YSS/14VaLOLBZ9TIff7goTlInXlL10fMAElmi61zCB4uVVnqmTS++Hiy54Dz/iSQf7qZOiUFhtjBPNbFM4FhQoPpLXPJ41X2m2HiVPvLHWZC1RgEmlne+b5bMV13zxJZC/ZrJhKoAXJsk+f5JGIl+t3l5U6LBi0tP+5EM6dgt3WpKMi1gN/mynN1MnaSlwifjplrOJvcHgVBcs3xA8DfvvA7S8r+yGaCkhO0opmZstSj6keXN4y6Um+MR7hsljxtDkZYoPAWeCe7bD4YJqA4j9JSHeWlIE780J8soVxm0F6VkE5lvceftuKfSTK273a6z2x/8oEp2UAykJ2RD9tDDv9g//1WMrj2jpzTCgk/dcP/vH0Kzkwsww7uSCLq64HmuzgEgnCsKrxPODwn+oLfezO8Bf3Dsem3zYF4dpvqrRpQQ51JKgTaQp9HqsM06sdX3MI9vCNnx0VobxiN73mIeoeFXl/F+qGZk9HUIHot3nLfGlGuzidMuZmQtMXZYuxoMjwpNX+d01bHGL0Isoa/5ggl3anw5zvz3riFvF4EFxdMc1GLqYUpSpXqBLtNjTK4GNF7DspNN8q6UYJ3Wuv6YOsvKmTZfKY3reSdtJJVjueFcvA3OEgK9Vpzl+IbfAbp4UAp9Mvrc/4MumgtrkSc+t17fv4A5BA/6lp2dT3DmDZL9b5RbuWmYWCwi9C1IiOzfeHb0v3ca62eAfmfcePeI/zFO5pQlFqJg3iCJmahVi9tmfoxfOn9qMn3N0Rfo+P1CvaFJ85wRlJaaqQg5q1Y/zt672MKPoWBsypYVlTXLqaH7RMxCu0O8tD/8Cmu/uFo2mUPnDS4+qBiGjxF5cC2w4myat6DsTi59nmVhXTqvSPb9ncZPANcTRHQ4nz3uBBPY61d2yVzeJEAfHSh+6z8Iw0/WqqQAdYqXvqEcNITX3Wbq7zY2N3PcZS30b1t8DPipFhVbnup83oGz5vvs/TGHInSIQPV3E5v3Iso/HVPmLNsHMpRll1hErX1qUr3UxlGegd0ML2bvb9YTf+ADHDEKI7tW2dAED18Qrgq7EeSBVwTmCJ0DmAQAAAARVhJRroAAABFeGlmAABJSSoACAAAAAYAEgEDAAEAAAABAAAAGgEFAAEAAABWAAAAGwEFAAEAAABeAAAAKAEDAAEAAAACAAAAEwIDAAEAAAABAAAAaYcEAAEAAABmAAAAAAAAAEgAAAABAAAASAAAAAEAAAAGAACQBwAEAAAAMDIxMAGRBwAEAAAAAQIDAACgBwAEAAAAMDEwMAGgAwABAAAA//8AAAKgBAABAAAALAEAAAOgBAABAAAALAEAAAAAAAA=', 'MALE', '1996-11-30', '51234567895', '2029-11-30'),
                                                                                                                                                                                               ('10016', 'Camila Ribeiro', 'carla.r@ipem.sp.gov.br', '$2a$10$YB1lLj/IMXD4Lm0cbAphKumArFegy1hC8yxr0Cm3/n4jm9kAd7rFi', 'TECHNICIAN', '11999990016', 'B', 'AVAILABLE' ,'UklGRpwhAABXRUJQVlA4WAoAAAAYAAAAKwEAKwEAQUxQSIcPAAABwMf/v2nNrb5rr50bq3YnqhnbLCc3qm23MWpkahuxjdqNGt6Gd/KaqHFSxHj2Wuv7+WOeeebBOXuviz8iYgI0tkNsG03ePm6NDee/+5CvH3H6ORcuuv3me7Bt/nnzHQsv/MMpP/3K/m9/2brzVtcSm7YJGtKhiY0mfex6u+73o99eftsEUzeAmfojN1/6i+98+GUvWk2TxtiEIRRiDJK07Lz5Bx572V1m8pJz6lLKuZRibBsXl5xT16VcCpN3d1740322f0ojSU1shk0TgyQ9fsv9T7z2USZNKaVcPClmGo0nLTmllJn0ocuO+sAGq0lS04ZhEmKUpMfudOhf7mbx0qVcbMysNXbJqSssfuuvDtx6ZUmKzdAIMUpq193vl/8AKCkV25g5aGznlArAbae977mSFOOAiFHSKi/7zjUAJeXixZnDxnbJqQD5skO3XE5SbAZBEyWtuseRtwBOqRgzGm1cUgK4/nvbLycphp4XYpCW2+Ww24Gcso0ZqcbOqQA3fXPzIDWxxzVR0rpfvgHIqdg2o9c2LqkAlx+8jqQY+llspFXf8Scgp2JsRraNSzJMnDl/Walp+leU9MJv3AFOxbYZ8badE7DoE/OkEHtVaCW9/OwCKRubsWjjlOHRozeRFHtTaKXl3vo3oCvGZmzauCTg9/MlxV4UWmnVvRdBTsZmzNo4GS57Y5Bi/2mlVfa/HVI2ZiwbpwxXvDFIsd9EaaUDboeu2GZc2zgnuPJNQYr9JQY177sJUsE2Y9w2OcEVu0lN009ClHa7CrqCzdg3zgn+vIXUhh7SSpv8HlLBphfa5AzHryXFvhGlp/wEcsY2PdGGXJj4/Apqmj4RovThe3AyNj3Sxglu2ENq+0OUNroQOmPTM23cwVlrSbEfhKjlvgqpYNNDbXLm4b2ltg9EacfrcQLTT22c4K8vkZqxF7X8d6EzNr3VpnSUg6V2vDXSVtdTMja91ibB+c9RE8ZYK30BOmP6ro07Jt4jteMqRK1zAc7Y9F/bJDhldbXjKUqvf5jO2PRim5K4ZUuFZgy1Cj+AhE1ftqGD/aU4dlo94yJywaZH22Rz2kpqx0totPO9dMb0axt3LHqJ4jhppP0gYdO7DR0TeyiEsRGlw3DGpofbJPi41IyJVo85h1Qw/dymFI6S4lho9bwb6Yz7GjZOnLu62jHQausH6LDp8cYd16+lduRF7QUJm15v0/GvDdSOthD0AcjY9HybRN5J7SgL0gGQsen9Nglepzi6QtACSsFmANpkeIOaURWCFpALZhjaZPiwmtEUgr5ENmYo2hTzMTWjKAR9iWzMcLQp5mOKoydIC8jGDEpTzIcUR9ACsjED0xTzerUjJuoAsjGD0xTYS+1IafUBSsEMUJNhB7UjpNVeUDCDxGQeXVftyGi1NWTMMLVJ3D1PcUREPe8BMmao2nRcu6qakdDoMTeS8HDBpuPPUhgBQTqHDpsBa9PxEzUjoNFhdNgMWtuJ/dTOuVb7kWwzcI3Nq9XOsVY744IZvCbz4DqKcyrqGfeSMQPYJK7+D4U5FBQuIuFhZDqOVjOHon5AhxnGthMfUTtnWr2ebA8lTIGNFedIo3UepmAGs0lct6LC3JAuIGEGtOk4Qs2ciPoCHWZQ2Yk3qp0DUVthe1hhCvc/U82sC1r+ejJmYJvErxVmXdR36TCDyyQ+onaWRe1IsYcXpjCxtppZFbTc9WTMADeJ3yjMqqiv0mEGmUm8U+0sitoI2wxzU/jXExVmj3QhiaGG6Thacda0+jAJM9jtwk6KsyToKfdQBh2ZK6JmadRP6DAD3nTsrXZWRG2CbQadC/9+gsJsCPo9iWGH6fie4iyI2o1sM/Bt/GI1M6fmKjLDj8Tps6DV+0iYwW8XtlWcoaCVbqK4BpD4g8IMtTqADlMB7cyuijMStMrtFNcBMn/VzLban4SpgnZmV8UZCFr1doqpBGQu0Ey22puOWoCd2VFx+rTcIoqpBiR+pzBtUW8luR5gFzZTM13S38hVgcTx0xb1crJNRbTpnq0wPY3OJlEVTeIritPS6IUFuyrgwh2rKUxH1DfoqIwm8W7FaQha9Q6KKwPOXKDpjHoHyfXBhc3VLF3Qn8hUR5P4oeJSNVoX29UBF+5+rMLSRH2ZRI1w4q2KS6PlbqCYCunEbxWWImoXsuuEmXi2wtIcRjJ1IrGv4pSCVr2dUidw5iJNPWoPsmuF4cVqpnYkiVrpxIGKUwha5RaKq0XmHIUpRL2M7Hphumermcp3SKZeJt6ruCS115ArhhNnqVlCo3Wxa0bhX49XmCxqP5KpGM68QnGyoF+SqJnu+MYSgh77D4qrRuZyTR61E8VUDfPI2gqTHUqibjrxWsXFgv5Cdt0g8YNJgh5/N4W66cylWrzRlhRXDsyDz1SQovYn1Y/My9VIjU6sIYnPqZW07LWU6kHiLAUFzXsUVw8XblxeippPMdXDpGcrtDqQrn7gzG6KjY4lUUE6DlErXUZ2/SBxnBo99i4K9dOZyyWtZ1xBKNz1WGlXUhUx+SXSfiSqSOIV0o9IriEkPiz9lkQNdeKbai8nVxESZ+hxt1HqSOZCrTGB60hh0UobUqrJPU+dT64kNs9+dz0pbHYIqZZk/vPrdPXkXUeQqCSJ/U8nuZosOIdMJe34zoXVxImjF1EqCYnTb68qN9eTzAX34HpyEaaeXGj8/6xgKso/cT25+GZKPTnnDlxLEqcspFQSJ864kFxPfvaHakLHt08huY448bmf0lFN9vkKnStJ5q37k2pJ4VVvJ9eTTV5GqSWUddatJoW7nzTvEarJwuVXv5lSRzLnSZeS60jiROkXpCrixJek75BcQ0i8W/owiRrqzI7Sy8iuIjz6AulFHVWkcMcq0mp3UiqIM3+VpAvJrh8kDlPT6Kck6qc79lXbah86V5DCyxUbbU+pHzaPzlMIespD2NUjc1UrSc1lZKpH4mQ1UtRRJFeQgxQX+0ANyWyrRmq0AaV6FO55ioIUtNqtFNcNZ85XkKRGvyJXDhLfVFws6kASddOZ3SZrtDXFVcOF+56qsJi08m0U1wwy52mJjU4jUTPd8TnFyVq9j2TXC7uwnZrJgp6bqRqFW1dRmEzSZeSakThOUUuMOpRExUy8ZSqNtqTYtcLm/qcpLEla7npKtSDzGwVNMep7JGqlE+9TnNr2FLtO2DwyT2Eq0nI3UWpF4ncKmnLUN0l1wk68V3FqjTbHdp3g/qcoTE0Kl5OrBImT1Wgpow4m4fpgZ3ZVXJqgdSZwjSjctKKWvtGZJKqjnfiS4tJFzSfb9YH8fDVLJy27iFIfEr9W0DRGfYJEZbQzeyhOR9C8R7ErQ2HRMpreRkeTcE0wiQMVp2sT7LpQuPepCtOjoN+TcD0wie8papqj5pNdE0x5gZrpknQZuR6YxLGKmvaoN5JwNbDZRM30SeEKMpXQJE5XoxmMeiPJrgQ2m8yMFK4k2zXAJM5QoxmNehOJOmCz6UxJ4QoyHn4mcaoazXDUbpXA+EUzJ+nPZDz0TMcPFTXjUVtQPPTswgPPUJg5NTqehAceHZ9Uq1mx1gS2h5zJ3LiCwmxQq8/TMfASr1XUrAxa4QYyHm4m8XsFzdKoPcgebrbhpWpmixqdRcKDjY4vKWoWrfUwxR5mJrNoOYXZo1Z702EPMduZlylqdv+VxDCj40hFzeqolxRsDy+TuX01hdmlVgfTYQ8t25n5ipr955MYXnQcoahZ3+g5ExQ8rEzmppUUZp9avYeEPaRsm20VNRcbnULHkLLp+Lyi5mTQ6reQ8YAicY7mbKutsO2hZAr3rKFmrqjV15hgKNl0vEet5mzQsv9NwoPIpuNMBc3hqOdNUPAgInHzqnNLrV5LMR4+plDWV9TcjvoCHfbQMc68Wa3metAZdNjDxqbjUEXN+UbLLSQxbGw6fq+RGLXOg2Q8YGw6rllBzShQq+2h4MFik7l3DUWNxlavwwUPFjJsolajstWHyMbDxBR4pVqNzkZfIhkPEVPMG9RqhIagw+iMh4cphQ8paqQG6Qg646FhSubjihqxQTqBznhYmFL4jBqN3EY6hc54SJhSOEghjB410ol0xoPBphT2UxM0ihvpMJLxQLApsI8ajehG+ga5YA8BmwwfUKORHaRDccHufzYZ3qSoER6C9oaM3fdsEsxXq9Ee9QZI2P3OpuPBrdVq1Eft3NFh9zlDxy3PU6vR3+qltzMB7m027rjkCWo1Dls99iI6455mUwqnRbUaj63aEygZu4/ZJPisFDUuo3QQJOz+Zegob1ZoND5D0KvupzPuWTbuuHl9RY3XVmtcTirYfcomm7NWVatx26r9GSTs3mRDB5+QosZvlN46QWfck2xK4s7tFBqN4xD1nEsoGbsP2SQ467FqNa5b6SvQGfceG3ekD0itxneUtruJnLH7jU2Cvz5PodE4D61W/DF0xu4vNqWDT0mtxn2UXnYTTtg9xcYJLllPihr/IWr5b0JXsPuITU48uq/Uqh9GaZOLoTN237BxB2evLUX1xRClj96Hk7H7hI0T3LiX1KpPRunJP4GUsd0XbEiFic+toKZRz2yljf4AqWD3A0POcNzaUlT/DFHa/SroCvb4M+QEf95KaoN6aRMU3n0zpILtcWabnOBvu0tNo94apRX3uRW6jO1xZeOcYOGbpBDVa6O04t63QMrG48k4Zbj6bY0U1XdDK630wWshJ2OPGxsnw8WvbaSoPhxaaZk3XwykYuzxYePSAb99haSo3txK2vmMAikbezzYOGV48LANJUX16ijp+V+9HUjFtkedbecEXHvg06QmqnfHRlrlLX8CcirGHl02LqnAI2fMb6XYqJc3UdKLFlwP5FRsewTZxiUV4L8OWFNSG9TbQwzSci//6V1ATtnGHiU2dk4FuOEbG0tqonp+EyWtttsxtwJOqRh7NNi4pARw3be2WUZSDBqCMUpaeYdvXw2QUy628VwytktKBtIlCzZbVlJsNBhDjJLi+h/7xd0AJaVsG88FY5fcZQPcctJ715akGDUwQ9NK0mo7feZ3d7J46VIuNvZssbFL7pJZ/O9nf2zzFSSpbTRMmzZI0uM23Pfwqx5k0pxSysWT46UznjynlFJm0nv++sN3vGgVSWraoCEbYmwkaZkn7PSh71944wSTu+SUui7lUoqXWErJqetSyoUlPnj9uV9+36arafEYGw3h0MSoSdsX7fTm75z55xseZsYfWPi7U7+05w7rNJq0jU3QkA6xbbTEVdZ4zoav3W/BN757wu+uWnjzv++/7/7777v/X39fePkvj/vONz7/0d1e+uxnLK8lxrYJGtsAVlA4ICwRAACQVACdASosASwBPnU6mEkkoyKhIXQKQJAOiU3fj5L7FAMAAdoAl9xL/uv8v/r/+x8QaknTv7P+uH94/an51qj/NPv5zdNZecf4j+j/8P+//kz2jv0P/rPcA/hv8f/4v9l/y/sAf4D2KeYD9e/2795X/Xepv/Bf6z8gPkE/rX+D/+nYKegJ+6npu/u/8JX9e/5v7hfAh+yH///f/4AP//7anS79Nv8H+M3fn/mOW7mAUl+IXez8Z9QL8d/o3+p3ncAH51/Vu+41EYqLwb/Of1d+AD9Eeg9ne+pfYL/mnUW/cb2Uf2AGtoWL3U3QnwLFK6K+wru7nNR5t0aAJ3e6KEBXIHa+Lczo0oKplw0knCZOPRrvPHJ9Fq84q5NiRClgDKrfcwBkBxLBLcU4nVUFNmrJicG4HZcDe7uPRQQB3uYLCmpKf1YncT6vGd4yfW071NZP+W23Ob4/aNubEpFvdlOaIgCk/NeiTI1q33I46K+5iHNCSvbTcvRAIM2OizYx0Ug+bQCQwpJ2UKDYlnResIZXBEtJikmAp7K0josWKUC8D9UFGbYYMQe5Ht8UnResJYpTnnSPR0kmLaoVoIn5Ko6K/r4pZpxceUg1K//ySTO7v00FYMa1qUv30oeXBQy4ELFwPTSD/w64SfNn16Nb9x/Tfwk+cHhzMpezzaNMV21YJF+bVBR3ng9sSefzSgjW7FzP7AsKOFTV8zYCEuP6NJJwlkgRu8zmY4iH7LWSdBBot7Q2hmLS22k1/+jFl3+GS7u7u5vSQoSfsnstQj+Gd56frybYS1vm9qnLJxhsWYMQslke3q2dV7lu+kP71efKY9l/QlHZhMKCVY05k3aoQ3pKf2higcRO1P9SlgiszDNGKqkPgTonj7bnlD7Lk7f2rh/yHKjlr/9v3zvhhawAAP71XN6ynJZNsD/k0h3t4MpSCniX0TrCPY1m0OR2b/nxF7KCStJLlElgDcH/vrNlLvCO/YjoElfzpe6k3aJ23ma6MFi6aJeXMSfb+KjkdAWtTj7d/rAO85rXL06lX/25A+nxEUaUL/6L7lakquvuuH/74Hw9CkNwF4IrPAPaaZjQ3gHJ7px29s2r/azjGMOxdQlAR92iIpVqdIy4PT2zrj3tc7ETZf0ZHmXGvTpbsQNR12bneG6vVm++q256Q6WIEf3gAAAMUZrR/YgtdvbIIvBC2DbP/qSnNjbXhbUYDLfhtCqzm1eAFvR9Y9IeYluZlxuu+S998/kAILPV0ygWixulf7+EtZKmfwlrLy+VqAG8mJknyU83CEdu90gegd7F4KhYAZ09LfitvzGPY2pzu6xFOZU7n1YxNAYssmVkIN5f/ZtbOw4lvWjdW3ZUKe1JEZ6IsWpGhusVkNbONzrKktYEBX+TxgSUyCrR/066aqa4tsqLuRY3b2qfBSAE0UYBrC/OvjSOJAhDNuJIrTQESaut18LN5/6DQy9g+HTQ37BC6+DODvFGDqYiBL3NmjZBxrdNo9U9GPPJQdtLy8Fbxg3KyRY3Ir34HUH4xyB/zlGr7r/pRcNXABEyBseAMZxzSxOLnEyKlBvWRmseAGmqzxJkgUKGs4IyEoJB0thXZDTeylpNCdFgDU94q2J+dhxNyogn0IMQu+wDxww2GCw/gXjvD3s1fNUqDBL6hr4j5IHgp0foygCduuPHXGSU1x0f2bbn2DE8+Lfpol3lalVqtOlo4GT1gZUBWa3fw2PnlYeaj1L/E3l3moblN+qgrxaAUVWBQmSpEPt59l4ZQP/qZOBIDbCZ8VHQS8hJ0k1k2+l9J3+v8z9N/GlgMt+p+iDqlx2hJ3V3Vq6yezmDRvR3iKEfTUctLCJPw1n3U4RGYz4tY9P1b1uHlae9PqtZFpIB2PGJibC4seQNfsmKA0mbrR/7+kGju4BPMM1BdceuOZxghP+vl+OrzVpRbp4H7zd3C94F2WG61CV1GcVHhaohB9+N/E8MeGwf6ZiVEQu7XyAAHShUjYHmz8D1j0mlIhI+tK12GHRsh25FVn94q6hdEs4ymzgTovxzU3TLFf/PgF2U+vfKHxX3//vqRJFY3jxEB8rwmr5N+dp3crpSgtFWslIUf/YyhbcU+4HFPb7+zH7fp+dqBsAzNd1dmaANc0jAPZCYCk8DpOatqrgjJLWvE+EfCXhT9b3AwJ44REKnBr1bW1ta8CRnzj/RQ3nfu2zg1OAVHE3U6W+W7U6hH8tIaHAW8o2/KnkERwnbPi/8slfSiEmtiVw9kf2A497/gRvgO/uuMFf+uTQM+xkLFc8MWSJA+KWaTrlvPVxVZPDBMkntrG5AzUqx39ak3mTyUDmIUvpiKIhheislwouCbZ1zedqX4cjAGoOQbPsNJD5KqzwTIdL6S9psf1Y+22NmRhKpfl9wiJXVKbVgt6KZ42vRXLSpQPs+LLHji9nE/VOXxjf5zEEHj7jQDsPsabkUHExxFD8mj/fkYkfjzEOCjLhgAFwB8VM56ye67SeD5YJp3eLs+17zLEw5yqIdZLPvJ4/jyTpILbjGedjXHqAgePAiYipK+s8UBWKEqEYJN/bEv9m958tSWA/7RwAAhc4a94xfc6jVhILdaX1qZZMQvaQf+NMpycRYsMEBCuh2hUrrG9I3v6w3ja9opB+4vfTXS3AMkz0Y7AOz1V+0BOW7ulBA3YILsJ5//OGREuxoBbhGoVlW6T6NE6+XO+b+e0zZvqXnR+IbgdaQg4Z4UC/KXBNkP9MjJSWhz4i0GlPlR15RIX/V+a+99MeVHgHBxHM11Ag5bErJUjy3wcrBAbMftmF/WVR+x+yxQLhfTLwICMl/t+23BQb7dVloalJn5DEONfU5eOmS/OSfvsz29t4l6rkBOG715M1yWRKgmvvOv1g5r40U2mcRraI/AMJdJ+40U3ZKpR4eoKnGcVQ13/DM3D+6WJhYh7DBOHJBcIxoe2FEB2+FfpIOJVO7A1HcbsEEO670mS/UgZo8fBNOdg/XJZ+PD6lM9ItgQ8uA5hed91Wr08MELf6wAISLnaf4DUm4OPtdfgOjjwmTZBfdEJ41qLhBUiUmRecOuPPYdv/+9JhqlzkHpn29yGmSHxna2J4VUqOGJ6P0aMHvX7jlHehquxcX3mr3vNrCT9BXXAz5K4hof1xv9e1LElp1cMlvD+zDhw7LkIeSexDVkJ+G5MeJSau8NGREnqU36j/LXjqueg7zJZiI6g5NFxDPhs3wLxAcpR2n1Ch6jXEoheCGHALrpMV4o/vTt5ALuFC5cL6E7XbjPtA73KXXaLNDhHjkXLn0nRU2JlhtTa/+EUPU9tZqRAf5viCMDh7cZZe47H+8dp5WyGjJeuOPNowRgCfoBkWct8HbG5n7dqzd3RtsL1Esvvjev6iY4/irxrp0RPIpkaXtg5JDfUof6B2z2M9SkAP2eAQfmS8uJs3AlhZSnCItiNzcA/wKdicXFm/WMAB4U8wh7KcYE7iJ3gXZDHNBX+tVr4kC2VAFrUSVBUhS/8HvnIaslPg4d5DDoHLPBoqMxOEF2ZAF75vLaSGhm3/AirTxPEfza24ke79AaHSCO6VDT2ei9Yg+tWn+BmqcTAK0v1GB4Yppii038Jo+eviK8ocQaNzuvWMC8eWdn8Nus3vS/Ze+yqErQQuo+BrFlAIGp+hBlfmOlSKTUpkzwAADAGyOib7doRY+SBQ5JQCwwmE4w6H0+1AVhojrNrnIjahEGsMt8QTSr6kke/ez85Rqm1gKtOaD+cMQ/7PdFt+kyqDpPpsPxMP60z6zDY010eXdnaCX5PDu5KCKRKZqX2fsmdB/XsKpyzqjfFRXc4V1UqWMmmnZ6wvKLwSz9QJ7R1DPGcXP4c4izN9AjBWeTZAoz69IDSTq09RjKhD68y9BzfaAjthjy1AWXvBh2yvthX3TAzfh5JmnYOGCJP+z9N3mQcD0z6IcLWhgRhaOaweahGYknG0wxJ3PPppceic4wPgDGYChxEbVF35rNIEAPraMnA/RXFOsckBAjSGHiAp335mY2SjX2lk6onsYTHMPIKpfLHISzlhS8A0/TUaTMSAa63qXo7mNUcAAAIMkD6Zu1E8gI+huHivHTelkuBgBEnAnZ8VXuMWr3HMn+XY2YIZwEPdedj01Kx8JpSGO+dNjh4NC/FNXqTkAIPJPc5t7KTqGpVAbdVLZ27K9iq8W4FXKfyw1WqyzxUEEqlHfkLvWj2x0LazhXilNSyqStmnNPqjD5x+p+f/3OREqdSIALPPB8c2msB3NrwM8p76x1M2v5fAneB0NLHiezTz4Hdn4R9SgYSgqSeb3vteRxY27oL0ZuaYzbs0cPI1knO4p+KQlmz6IMT7k6sZzPjiQZ5sda/Pw2D8ATNk33D+x5uAi7rC6BzMcUo6oxuQwkgBqdtHVZ2FIMSsliCN4yXrtfYNlhfVzcxkHX7Y+iKg3WQB/Zi7uw7e54HPGCdt9XIQoDO6AToaJ6cz7QaOH6KqPLfvqp266KXP1Ca6y1zsi7jRvyNfsWBCShyRqELe2GGOE2vLrsJCI22wAs1Ja993TT52Ib2UqS9DRnepzioht3q+Ybw5taokaS1vNkpQa8uQrlY10GNxdj0CQn89jHQKMrn1uvvk5FZkYGXc0xgWvA07Ne4vojsRC470AkhO/5oNicJmdAaVG6qT6nEE25CIYU4AEPd+oZYUpDxGEDxHWz0KZjs0n2RcB2pY8PG1mAQ9YQv3LGSVzeZcpvrEixRTD111rQXiL7upOV4lC5LzDlPKqWBGjD5PR6MKLyNbc9jJeGuxTiOYa9AAusEwBSo+7YSS/14VaLOLBZ9TIff7goTlInXlL10fMAElmi61zCB4uVVnqmTS++Hiy54Dz/iSQf7qZOiUFhtjBPNbFM4FhQoPpLXPJ41X2m2HiVPvLHWZC1RgEmlne+b5bMV13zxJZC/ZrJhKoAXJsk+f5JGIl+t3l5U6LBi0tP+5EM6dgt3WpKMi1gN/mynN1MnaSlwifjplrOJvcHgVBcs3xA8DfvvA7S8r+yGaCkhO0opmZstSj6keXN4y6Um+MR7hsljxtDkZYoPAWeCe7bD4YJqA4j9JSHeWlIE780J8soVxm0F6VkE5lvceftuKfSTK273a6z2x/8oEp2UAykJ2RD9tDDv9g//1WMrj2jpzTCgk/dcP/vH0Kzkwsww7uSCLq64HmuzgEgnCsKrxPODwn+oLfezO8Bf3Dsem3zYF4dpvqrRpQQ51JKgTaQp9HqsM06sdX3MI9vCNnx0VobxiN73mIeoeFXl/F+qGZk9HUIHot3nLfGlGuzidMuZmQtMXZYuxoMjwpNX+d01bHGL0Isoa/5ggl3anw5zvz3riFvF4EFxdMc1GLqYUpSpXqBLtNjTK4GNF7DspNN8q6UYJ3Wuv6YOsvKmTZfKY3reSdtJJVjueFcvA3OEgK9Vpzl+IbfAbp4UAp9Mvrc/4MumgtrkSc+t17fv4A5BA/6lp2dT3DmDZL9b5RbuWmYWCwi9C1IiOzfeHb0v3ca62eAfmfcePeI/zFO5pQlFqJg3iCJmahVi9tmfoxfOn9qMn3N0Rfo+P1CvaFJ85wRlJaaqQg5q1Y/zt672MKPoWBsypYVlTXLqaH7RMxCu0O8tD/8Cmu/uFo2mUPnDS4+qBiGjxF5cC2w4myat6DsTi59nmVhXTqvSPb9ncZPANcTRHQ4nz3uBBPY61d2yVzeJEAfHSh+6z8Iw0/WqqQAdYqXvqEcNITX3Wbq7zY2N3PcZS30b1t8DPipFhVbnup83oGz5vvs/TGHInSIQPV3E5v3Iso/HVPmLNsHMpRll1hErX1qUr3UxlGegd0ML2bvb9YTf+ADHDEKI7tW2dAED18Qrgq7EeSBVwTmCJ0DmAQAAAARVhJRroAAABFeGlmAABJSSoACAAAAAYAEgEDAAEAAAABAAAAGgEFAAEAAABWAAAAGwEFAAEAAABeAAAAKAEDAAEAAAACAAAAEwIDAAEAAAABAAAAaYcEAAEAAABmAAAAAAAAAEgAAAABAAAASAAAAAEAAAAGAACQBwAEAAAAMDIxMAGRBwAEAAAAAQIDAACgBwAEAAAAMDEwMAGgAwABAAAA//8AAAKgBAABAAAALAEAAAOgBAABAAAALAEAAAAAAAA=', 'FEMALE', '1983-05-05', '61234567896', '2025-05-05'),
                                                                                                                                                                                               ('10017', 'Diego Nogueira', 'diego.n@ipem.sp.gov.br', '$2a$10$YB1lLj/IMXD4Lm0cbAphKumArFegy1hC8yxr0Cm3/n4jm9kAd7rFi', 'TECHNICIAN', '11999990017', 'B', 'AVAILABLE','UklGRpwhAABXRUJQVlA4WAoAAAAYAAAAKwEAKwEAQUxQSIcPAAABwMf/v2nNrb5rr50bq3YnqhnbLCc3qm23MWpkahuxjdqNGt6Gd/KaqHFSxHj2Wuv7+WOeeebBOXuviz8iYgI0tkNsG03ePm6NDee/+5CvH3H6ORcuuv3me7Bt/nnzHQsv/MMpP/3K/m9/2brzVtcSm7YJGtKhiY0mfex6u+73o99eftsEUzeAmfojN1/6i+98+GUvWk2TxtiEIRRiDJK07Lz5Bx572V1m8pJz6lLKuZRibBsXl5xT16VcCpN3d1740322f0ojSU1shk0TgyQ9fsv9T7z2USZNKaVcPClmGo0nLTmllJn0ocuO+sAGq0lS04ZhEmKUpMfudOhf7mbx0qVcbMysNXbJqSssfuuvDtx6ZUmKzdAIMUpq193vl/8AKCkV25g5aGznlArAbae977mSFOOAiFHSKi/7zjUAJeXixZnDxnbJqQD5skO3XE5SbAZBEyWtuseRtwBOqRgzGm1cUgK4/nvbLycphp4XYpCW2+Ww24Gcso0ZqcbOqQA3fXPzIDWxxzVR0rpfvgHIqdg2o9c2LqkAlx+8jqQY+llspFXf8Scgp2JsRraNSzJMnDl/Walp+leU9MJv3AFOxbYZ8badE7DoE/OkEHtVaCW9/OwCKRubsWjjlOHRozeRFHtTaKXl3vo3oCvGZmzauCTg9/MlxV4UWmnVvRdBTsZmzNo4GS57Y5Bi/2mlVfa/HVI2ZiwbpwxXvDFIsd9EaaUDboeu2GZc2zgnuPJNQYr9JQY177sJUsE2Y9w2OcEVu0lN009ClHa7CrqCzdg3zgn+vIXUhh7SSpv8HlLBphfa5AzHryXFvhGlp/wEcsY2PdGGXJj4/Apqmj4RovThe3AyNj3Sxglu2ENq+0OUNroQOmPTM23cwVlrSbEfhKjlvgqpYNNDbXLm4b2ltg9EacfrcQLTT22c4K8vkZqxF7X8d6EzNr3VpnSUg6V2vDXSVtdTMja91ibB+c9RE8ZYK30BOmP6ro07Jt4jteMqRK1zAc7Y9F/bJDhldbXjKUqvf5jO2PRim5K4ZUuFZgy1Cj+AhE1ftqGD/aU4dlo94yJywaZH22Rz2kpqx0totPO9dMb0axt3LHqJ4jhppP0gYdO7DR0TeyiEsRGlw3DGpofbJPi41IyJVo85h1Qw/dymFI6S4lho9bwb6Yz7GjZOnLu62jHQausH6LDp8cYd16+lduRF7QUJm15v0/GvDdSOthD0AcjY9HybRN5J7SgL0gGQsen9Nglepzi6QtACSsFmANpkeIOaURWCFpALZhjaZPiwmtEUgr5ENmYo2hTzMTWjKAR9iWzMcLQp5mOKoydIC8jGDEpTzIcUR9ACsjED0xTzerUjJuoAsjGD0xTYS+1IafUBSsEMUJNhB7UjpNVeUDCDxGQeXVftyGi1NWTMMLVJ3D1PcUREPe8BMmao2nRcu6qakdDoMTeS8HDBpuPPUhgBQTqHDpsBa9PxEzUjoNFhdNgMWtuJ/dTOuVb7kWwzcI3Nq9XOsVY744IZvCbz4DqKcyrqGfeSMQPYJK7+D4U5FBQuIuFhZDqOVjOHon5AhxnGthMfUTtnWr2ebA8lTIGNFedIo3UepmAGs0lct6LC3JAuIGEGtOk4Qs2ciPoCHWZQ2Yk3qp0DUVthe1hhCvc/U82sC1r+ejJmYJvErxVmXdR36TCDyyQ+onaWRe1IsYcXpjCxtppZFbTc9WTMADeJ3yjMqqiv0mEGmUm8U+0sitoI2wxzU/jXExVmj3QhiaGG6Thacda0+jAJM9jtwk6KsyToKfdQBh2ZK6JmadRP6DAD3nTsrXZWRG2CbQadC/9+gsJsCPo9iWGH6fie4iyI2o1sM/Bt/GI1M6fmKjLDj8Tps6DV+0iYwW8XtlWcoaCVbqK4BpD4g8IMtTqADlMB7cyuijMStMrtFNcBMn/VzLban4SpgnZmV8UZCFr1doqpBGQu0Ey22puOWoCd2VFx+rTcIoqpBiR+pzBtUW8luR5gFzZTM13S38hVgcTx0xb1crJNRbTpnq0wPY3OJlEVTeIritPS6IUFuyrgwh2rKUxH1DfoqIwm8W7FaQha9Q6KKwPOXKDpjHoHyfXBhc3VLF3Qn8hUR5P4oeJSNVoX29UBF+5+rMLSRH2ZRI1w4q2KS6PlbqCYCunEbxWWImoXsuuEmXi2wtIcRjJ1IrGv4pSCVr2dUidw5iJNPWoPsmuF4cVqpnYkiVrpxIGKUwha5RaKq0XmHIUpRL2M7Hphumermcp3SKZeJt6ruCS115ArhhNnqVlCo3Wxa0bhX49XmCxqP5KpGM68QnGyoF+SqJnu+MYSgh77D4qrRuZyTR61E8VUDfPI2gqTHUqibjrxWsXFgv5Cdt0g8YNJgh5/N4W66cylWrzRlhRXDsyDz1SQovYn1Y/My9VIjU6sIYnPqZW07LWU6kHiLAUFzXsUVw8XblxeippPMdXDpGcrtDqQrn7gzG6KjY4lUUE6DlErXUZ2/SBxnBo99i4K9dOZyyWtZ1xBKNz1WGlXUhUx+SXSfiSqSOIV0o9IriEkPiz9lkQNdeKbai8nVxESZ+hxt1HqSOZCrTGB60hh0UobUqrJPU+dT64kNs9+dz0pbHYIqZZk/vPrdPXkXUeQqCSJ/U8nuZosOIdMJe34zoXVxImjF1EqCYnTb68qN9eTzAX34HpyEaaeXGj8/6xgKso/cT25+GZKPTnnDlxLEqcspFQSJ864kFxPfvaHakLHt08huY448bmf0lFN9vkKnStJ5q37k2pJ4VVvJ9eTTV5GqSWUddatJoW7nzTvEarJwuVXv5lSRzLnSZeS60jiROkXpCrixJek75BcQ0i8W/owiRrqzI7Sy8iuIjz6AulFHVWkcMcq0mp3UiqIM3+VpAvJrh8kDlPT6Kck6qc79lXbah86V5DCyxUbbU+pHzaPzlMIespD2NUjc1UrSc1lZKpH4mQ1UtRRJFeQgxQX+0ANyWyrRmq0AaV6FO55ioIUtNqtFNcNZ85XkKRGvyJXDhLfVFws6kASddOZ3SZrtDXFVcOF+56qsJi08m0U1wwy52mJjU4jUTPd8TnFyVq9j2TXC7uwnZrJgp6bqRqFW1dRmEzSZeSakThOUUuMOpRExUy8ZSqNtqTYtcLm/qcpLEla7npKtSDzGwVNMep7JGqlE+9TnNr2FLtO2DwyT2Eq0nI3UWpF4ncKmnLUN0l1wk68V3FqjTbHdp3g/qcoTE0Kl5OrBImT1Wgpow4m4fpgZ3ZVXJqgdSZwjSjctKKWvtGZJKqjnfiS4tJFzSfb9YH8fDVLJy27iFIfEr9W0DRGfYJEZbQzeyhOR9C8R7ErQ2HRMpreRkeTcE0wiQMVp2sT7LpQuPepCtOjoN+TcD0wie8papqj5pNdE0x5gZrpknQZuR6YxLGKmvaoN5JwNbDZRM30SeEKMpXQJE5XoxmMeiPJrgQ2m8yMFK4k2zXAJM5QoxmNehOJOmCz6UxJ4QoyHn4mcaoazXDUbpXA+EUzJ+nPZDz0TMcPFTXjUVtQPPTswgPPUJg5NTqehAceHZ9Uq1mx1gS2h5zJ3LiCwmxQq8/TMfASr1XUrAxa4QYyHm4m8XsFzdKoPcgebrbhpWpmixqdRcKDjY4vKWoWrfUwxR5mJrNoOYXZo1Z702EPMduZlylqdv+VxDCj40hFzeqolxRsDy+TuX01hdmlVgfTYQ8t25n5ipr955MYXnQcoahZ3+g5ExQ8rEzmppUUZp9avYeEPaRsm20VNRcbnULHkLLp+Lyi5mTQ6reQ8YAicY7mbKutsO2hZAr3rKFmrqjV15hgKNl0vEet5mzQsv9NwoPIpuNMBc3hqOdNUPAgInHzqnNLrV5LMR4+plDWV9TcjvoCHfbQMc68Wa3metAZdNjDxqbjUEXN+UbLLSQxbGw6fq+RGLXOg2Q8YGw6rllBzShQq+2h4MFik7l3DUWNxlavwwUPFjJsolajstWHyMbDxBR4pVqNzkZfIhkPEVPMG9RqhIagw+iMh4cphQ8paqQG6Qg646FhSubjihqxQTqBznhYmFL4jBqN3EY6hc54SJhSOEghjB410ol0xoPBphT2UxM0ihvpMJLxQLApsI8ajehG+ga5YA8BmwwfUKORHaRDccHufzYZ3qSoER6C9oaM3fdsEsxXq9Ee9QZI2P3OpuPBrdVq1Eft3NFh9zlDxy3PU6vR3+qltzMB7m027rjkCWo1Dls99iI6455mUwqnRbUaj63aEygZu4/ZJPisFDUuo3QQJOz+Zegob1ZoND5D0KvupzPuWTbuuHl9RY3XVmtcTirYfcomm7NWVatx26r9GSTs3mRDB5+QosZvlN46QWfck2xK4s7tFBqN4xD1nEsoGbsP2SQ467FqNa5b6SvQGfceG3ekD0itxneUtruJnLH7jU2Cvz5PodE4D61W/DF0xu4vNqWDT0mtxn2UXnYTTtg9xcYJLllPihr/IWr5b0JXsPuITU48uq/Uqh9GaZOLoTN237BxB2evLUX1xRClj96Hk7H7hI0T3LiX1KpPRunJP4GUsd0XbEiFic+toKZRz2yljf4AqWD3A0POcNzaUlT/DFHa/SroCvb4M+QEf95KaoN6aRMU3n0zpILtcWabnOBvu0tNo94apRX3uRW6jO1xZeOcYOGbpBDVa6O04t63QMrG48k4Zbj6bY0U1XdDK630wWshJ2OPGxsnw8WvbaSoPhxaaZk3XwykYuzxYePSAb99haSo3txK2vmMAikbezzYOGV48LANJUX16ijp+V+9HUjFtkedbecEXHvg06QmqnfHRlrlLX8CcirGHl02LqnAI2fMb6XYqJc3UdKLFlwP5FRsewTZxiUV4L8OWFNSG9TbQwzSci//6V1ATtnGHiU2dk4FuOEbG0tqonp+EyWtttsxtwJOqRh7NNi4pARw3be2WUZSDBqCMUpaeYdvXw2QUy628VwytktKBtIlCzZbVlJsNBhDjJLi+h/7xd0AJaVsG88FY5fcZQPcctJ715akGDUwQ9NK0mo7feZ3d7J46VIuNvZssbFL7pJZ/O9nf2zzFSSpbTRMmzZI0uM23Pfwqx5k0pxSysWT46UznjynlFJm0nv++sN3vGgVSWraoCEbYmwkaZkn7PSh71944wSTu+SUui7lUoqXWErJqetSyoUlPnj9uV9+36arafEYGw3h0MSoSdsX7fTm75z55xseZsYfWPi7U7+05w7rNJq0jU3QkA6xbbTEVdZ4zoav3W/BN757wu+uWnjzv++/7/7777v/X39fePkvj/vONz7/0d1e+uxnLK8lxrYJGtsAVlA4ICwRAACQVACdASosASwBPnU6mEkkoyKhIXQKQJAOiU3fj5L7FAMAAdoAl9xL/uv8v/r/+x8QaknTv7P+uH94/an51qj/NPv5zdNZecf4j+j/8P+//kz2jv0P/rPcA/hv8f/4v9l/y/sAf4D2KeYD9e/2795X/Xepv/Bf6z8gPkE/rX+D/+nYKegJ+6npu/u/8JX9e/5v7hfAh+yH///f/4AP//7anS79Nv8H+M3fn/mOW7mAUl+IXez8Z9QL8d/o3+p3ncAH51/Vu+41EYqLwb/Of1d+AD9Eeg9ne+pfYL/mnUW/cb2Uf2AGtoWL3U3QnwLFK6K+wru7nNR5t0aAJ3e6KEBXIHa+Lczo0oKplw0knCZOPRrvPHJ9Fq84q5NiRClgDKrfcwBkBxLBLcU4nVUFNmrJicG4HZcDe7uPRQQB3uYLCmpKf1YncT6vGd4yfW071NZP+W23Ob4/aNubEpFvdlOaIgCk/NeiTI1q33I46K+5iHNCSvbTcvRAIM2OizYx0Ug+bQCQwpJ2UKDYlnResIZXBEtJikmAp7K0josWKUC8D9UFGbYYMQe5Ht8UnResJYpTnnSPR0kmLaoVoIn5Ko6K/r4pZpxceUg1K//ySTO7v00FYMa1qUv30oeXBQy4ELFwPTSD/w64SfNn16Nb9x/Tfwk+cHhzMpezzaNMV21YJF+bVBR3ng9sSefzSgjW7FzP7AsKOFTV8zYCEuP6NJJwlkgRu8zmY4iH7LWSdBBot7Q2hmLS22k1/+jFl3+GS7u7u5vSQoSfsnstQj+Gd56frybYS1vm9qnLJxhsWYMQslke3q2dV7lu+kP71efKY9l/QlHZhMKCVY05k3aoQ3pKf2higcRO1P9SlgiszDNGKqkPgTonj7bnlD7Lk7f2rh/yHKjlr/9v3zvhhawAAP71XN6ynJZNsD/k0h3t4MpSCniX0TrCPY1m0OR2b/nxF7KCStJLlElgDcH/vrNlLvCO/YjoElfzpe6k3aJ23ma6MFi6aJeXMSfb+KjkdAWtTj7d/rAO85rXL06lX/25A+nxEUaUL/6L7lakquvuuH/74Hw9CkNwF4IrPAPaaZjQ3gHJ7px29s2r/azjGMOxdQlAR92iIpVqdIy4PT2zrj3tc7ETZf0ZHmXGvTpbsQNR12bneG6vVm++q256Q6WIEf3gAAAMUZrR/YgtdvbIIvBC2DbP/qSnNjbXhbUYDLfhtCqzm1eAFvR9Y9IeYluZlxuu+S998/kAILPV0ygWixulf7+EtZKmfwlrLy+VqAG8mJknyU83CEdu90gegd7F4KhYAZ09LfitvzGPY2pzu6xFOZU7n1YxNAYssmVkIN5f/ZtbOw4lvWjdW3ZUKe1JEZ6IsWpGhusVkNbONzrKktYEBX+TxgSUyCrR/066aqa4tsqLuRY3b2qfBSAE0UYBrC/OvjSOJAhDNuJIrTQESaut18LN5/6DQy9g+HTQ37BC6+DODvFGDqYiBL3NmjZBxrdNo9U9GPPJQdtLy8Fbxg3KyRY3Ir34HUH4xyB/zlGr7r/pRcNXABEyBseAMZxzSxOLnEyKlBvWRmseAGmqzxJkgUKGs4IyEoJB0thXZDTeylpNCdFgDU94q2J+dhxNyogn0IMQu+wDxww2GCw/gXjvD3s1fNUqDBL6hr4j5IHgp0foygCduuPHXGSU1x0f2bbn2DE8+Lfpol3lalVqtOlo4GT1gZUBWa3fw2PnlYeaj1L/E3l3moblN+qgrxaAUVWBQmSpEPt59l4ZQP/qZOBIDbCZ8VHQS8hJ0k1k2+l9J3+v8z9N/GlgMt+p+iDqlx2hJ3V3Vq6yezmDRvR3iKEfTUctLCJPw1n3U4RGYz4tY9P1b1uHlae9PqtZFpIB2PGJibC4seQNfsmKA0mbrR/7+kGju4BPMM1BdceuOZxghP+vl+OrzVpRbp4H7zd3C94F2WG61CV1GcVHhaohB9+N/E8MeGwf6ZiVEQu7XyAAHShUjYHmz8D1j0mlIhI+tK12GHRsh25FVn94q6hdEs4ymzgTovxzU3TLFf/PgF2U+vfKHxX3//vqRJFY3jxEB8rwmr5N+dp3crpSgtFWslIUf/YyhbcU+4HFPb7+zH7fp+dqBsAzNd1dmaANc0jAPZCYCk8DpOatqrgjJLWvE+EfCXhT9b3AwJ44REKnBr1bW1ta8CRnzj/RQ3nfu2zg1OAVHE3U6W+W7U6hH8tIaHAW8o2/KnkERwnbPi/8slfSiEmtiVw9kf2A497/gRvgO/uuMFf+uTQM+xkLFc8MWSJA+KWaTrlvPVxVZPDBMkntrG5AzUqx39ak3mTyUDmIUvpiKIhheislwouCbZ1zedqX4cjAGoOQbPsNJD5KqzwTIdL6S9psf1Y+22NmRhKpfl9wiJXVKbVgt6KZ42vRXLSpQPs+LLHji9nE/VOXxjf5zEEHj7jQDsPsabkUHExxFD8mj/fkYkfjzEOCjLhgAFwB8VM56ye67SeD5YJp3eLs+17zLEw5yqIdZLPvJ4/jyTpILbjGedjXHqAgePAiYipK+s8UBWKEqEYJN/bEv9m958tSWA/7RwAAhc4a94xfc6jVhILdaX1qZZMQvaQf+NMpycRYsMEBCuh2hUrrG9I3v6w3ja9opB+4vfTXS3AMkz0Y7AOz1V+0BOW7ulBA3YILsJ5//OGREuxoBbhGoVlW6T6NE6+XO+b+e0zZvqXnR+IbgdaQg4Z4UC/KXBNkP9MjJSWhz4i0GlPlR15RIX/V+a+99MeVHgHBxHM11Ag5bErJUjy3wcrBAbMftmF/WVR+x+yxQLhfTLwICMl/t+23BQb7dVloalJn5DEONfU5eOmS/OSfvsz29t4l6rkBOG715M1yWRKgmvvOv1g5r40U2mcRraI/AMJdJ+40U3ZKpR4eoKnGcVQ13/DM3D+6WJhYh7DBOHJBcIxoe2FEB2+FfpIOJVO7A1HcbsEEO670mS/UgZo8fBNOdg/XJZ+PD6lM9ItgQ8uA5hed91Wr08MELf6wAISLnaf4DUm4OPtdfgOjjwmTZBfdEJ41qLhBUiUmRecOuPPYdv/+9JhqlzkHpn29yGmSHxna2J4VUqOGJ6P0aMHvX7jlHehquxcX3mr3vNrCT9BXXAz5K4hof1xv9e1LElp1cMlvD+zDhw7LkIeSexDVkJ+G5MeJSau8NGREnqU36j/LXjqueg7zJZiI6g5NFxDPhs3wLxAcpR2n1Ch6jXEoheCGHALrpMV4o/vTt5ALuFC5cL6E7XbjPtA73KXXaLNDhHjkXLn0nRU2JlhtTa/+EUPU9tZqRAf5viCMDh7cZZe47H+8dp5WyGjJeuOPNowRgCfoBkWct8HbG5n7dqzd3RtsL1Esvvjev6iY4/irxrp0RPIpkaXtg5JDfUof6B2z2M9SkAP2eAQfmS8uJs3AlhZSnCItiNzcA/wKdicXFm/WMAB4U8wh7KcYE7iJ3gXZDHNBX+tVr4kC2VAFrUSVBUhS/8HvnIaslPg4d5DDoHLPBoqMxOEF2ZAF75vLaSGhm3/AirTxPEfza24ke79AaHSCO6VDT2ei9Yg+tWn+BmqcTAK0v1GB4Yppii038Jo+eviK8ocQaNzuvWMC8eWdn8Nus3vS/Ze+yqErQQuo+BrFlAIGp+hBlfmOlSKTUpkzwAADAGyOib7doRY+SBQ5JQCwwmE4w6H0+1AVhojrNrnIjahEGsMt8QTSr6kke/ez85Rqm1gKtOaD+cMQ/7PdFt+kyqDpPpsPxMP60z6zDY010eXdnaCX5PDu5KCKRKZqX2fsmdB/XsKpyzqjfFRXc4V1UqWMmmnZ6wvKLwSz9QJ7R1DPGcXP4c4izN9AjBWeTZAoz69IDSTq09RjKhD68y9BzfaAjthjy1AWXvBh2yvthX3TAzfh5JmnYOGCJP+z9N3mQcD0z6IcLWhgRhaOaweahGYknG0wxJ3PPppceic4wPgDGYChxEbVF35rNIEAPraMnA/RXFOsckBAjSGHiAp335mY2SjX2lk6onsYTHMPIKpfLHISzlhS8A0/TUaTMSAa63qXo7mNUcAAAIMkD6Zu1E8gI+huHivHTelkuBgBEnAnZ8VXuMWr3HMn+XY2YIZwEPdedj01Kx8JpSGO+dNjh4NC/FNXqTkAIPJPc5t7KTqGpVAbdVLZ27K9iq8W4FXKfyw1WqyzxUEEqlHfkLvWj2x0LazhXilNSyqStmnNPqjD5x+p+f/3OREqdSIALPPB8c2msB3NrwM8p76x1M2v5fAneB0NLHiezTz4Hdn4R9SgYSgqSeb3vteRxY27oL0ZuaYzbs0cPI1knO4p+KQlmz6IMT7k6sZzPjiQZ5sda/Pw2D8ATNk33D+x5uAi7rC6BzMcUo6oxuQwkgBqdtHVZ2FIMSsliCN4yXrtfYNlhfVzcxkHX7Y+iKg3WQB/Zi7uw7e54HPGCdt9XIQoDO6AToaJ6cz7QaOH6KqPLfvqp266KXP1Ca6y1zsi7jRvyNfsWBCShyRqELe2GGOE2vLrsJCI22wAs1Ja993TT52Ib2UqS9DRnepzioht3q+Ybw5taokaS1vNkpQa8uQrlY10GNxdj0CQn89jHQKMrn1uvvk5FZkYGXc0xgWvA07Ne4vojsRC470AkhO/5oNicJmdAaVG6qT6nEE25CIYU4AEPd+oZYUpDxGEDxHWz0KZjs0n2RcB2pY8PG1mAQ9YQv3LGSVzeZcpvrEixRTD111rQXiL7upOV4lC5LzDlPKqWBGjD5PR6MKLyNbc9jJeGuxTiOYa9AAusEwBSo+7YSS/14VaLOLBZ9TIff7goTlInXlL10fMAElmi61zCB4uVVnqmTS++Hiy54Dz/iSQf7qZOiUFhtjBPNbFM4FhQoPpLXPJ41X2m2HiVPvLHWZC1RgEmlne+b5bMV13zxJZC/ZrJhKoAXJsk+f5JGIl+t3l5U6LBi0tP+5EM6dgt3WpKMi1gN/mynN1MnaSlwifjplrOJvcHgVBcs3xA8DfvvA7S8r+yGaCkhO0opmZstSj6keXN4y6Um+MR7hsljxtDkZYoPAWeCe7bD4YJqA4j9JSHeWlIE780J8soVxm0F6VkE5lvceftuKfSTK273a6z2x/8oEp2UAykJ2RD9tDDv9g//1WMrj2jpzTCgk/dcP/vH0Kzkwsww7uSCLq64HmuzgEgnCsKrxPODwn+oLfezO8Bf3Dsem3zYF4dpvqrRpQQ51JKgTaQp9HqsM06sdX3MI9vCNnx0VobxiN73mIeoeFXl/F+qGZk9HUIHot3nLfGlGuzidMuZmQtMXZYuxoMjwpNX+d01bHGL0Isoa/5ggl3anw5zvz3riFvF4EFxdMc1GLqYUpSpXqBLtNjTK4GNF7DspNN8q6UYJ3Wuv6YOsvKmTZfKY3reSdtJJVjueFcvA3OEgK9Vpzl+IbfAbp4UAp9Mvrc/4MumgtrkSc+t17fv4A5BA/6lp2dT3DmDZL9b5RbuWmYWCwi9C1IiOzfeHb0v3ca62eAfmfcePeI/zFO5pQlFqJg3iCJmahVi9tmfoxfOn9qMn3N0Rfo+P1CvaFJ85wRlJaaqQg5q1Y/zt672MKPoWBsypYVlTXLqaH7RMxCu0O8tD/8Cmu/uFo2mUPnDS4+qBiGjxF5cC2w4myat6DsTi59nmVhXTqvSPb9ncZPANcTRHQ4nz3uBBPY61d2yVzeJEAfHSh+6z8Iw0/WqqQAdYqXvqEcNITX3Wbq7zY2N3PcZS30b1t8DPipFhVbnup83oGz5vvs/TGHInSIQPV3E5v3Iso/HVPmLNsHMpRll1hErX1qUr3UxlGegd0ML2bvb9YTf+ADHDEKI7tW2dAED18Qrgq7EeSBVwTmCJ0DmAQAAAARVhJRroAAABFeGlmAABJSSoACAAAAAYAEgEDAAEAAAABAAAAGgEFAAEAAABWAAAAGwEFAAEAAABeAAAAKAEDAAEAAAACAAAAEwIDAAEAAAABAAAAaYcEAAEAAABmAAAAAAAAAEgAAAABAAAASAAAAAEAAAAGAACQBwAEAAAAMDIxMAGRBwAEAAAAAQIDAACgBwAEAAAAMDEwMAGgAwABAAAA//8AAAKgBAABAAAALAEAAAOgBAABAAAALAEAAAAAAAA=', 'MALE', '1990-09-12', '71234567897', '2031-09-12'),
                                                                                                                                                                                               ('10018', 'Aline Castro', 'aline.c@ipem.sp.gov.br', '$2a$10$YB1lLj/IMXD4Lm0cbAphKumArFegy1hC8yxr0Cm3/n4jm9kAd7rFi', 'TECHNICIAN', '11999990018', 'B', 'AVAILABLE' ,'UklGRpwhAABXRUJQVlA4WAoAAAAYAAAAKwEAKwEAQUxQSIcPAAABwMf/v2nNrb5rr50bq3YnqhnbLCc3qm23MWpkahuxjdqNGt6Gd/KaqHFSxHj2Wuv7+WOeeebBOXuviz8iYgI0tkNsG03ePm6NDee/+5CvH3H6ORcuuv3me7Bt/nnzHQsv/MMpP/3K/m9/2brzVtcSm7YJGtKhiY0mfex6u+73o99eftsEUzeAmfojN1/6i+98+GUvWk2TxtiEIRRiDJK07Lz5Bx572V1m8pJz6lLKuZRibBsXl5xT16VcCpN3d1740322f0ojSU1shk0TgyQ9fsv9T7z2USZNKaVcPClmGo0nLTmllJn0ocuO+sAGq0lS04ZhEmKUpMfudOhf7mbx0qVcbMysNXbJqSssfuuvDtx6ZUmKzdAIMUpq193vl/8AKCkV25g5aGznlArAbae977mSFOOAiFHSKi/7zjUAJeXixZnDxnbJqQD5skO3XE5SbAZBEyWtuseRtwBOqRgzGm1cUgK4/nvbLycphp4XYpCW2+Ww24Gcso0ZqcbOqQA3fXPzIDWxxzVR0rpfvgHIqdg2o9c2LqkAlx+8jqQY+llspFXf8Scgp2JsRraNSzJMnDl/Walp+leU9MJv3AFOxbYZ8badE7DoE/OkEHtVaCW9/OwCKRubsWjjlOHRozeRFHtTaKXl3vo3oCvGZmzauCTg9/MlxV4UWmnVvRdBTsZmzNo4GS57Y5Bi/2mlVfa/HVI2ZiwbpwxXvDFIsd9EaaUDboeu2GZc2zgnuPJNQYr9JQY177sJUsE2Y9w2OcEVu0lN009ClHa7CrqCzdg3zgn+vIXUhh7SSpv8HlLBphfa5AzHryXFvhGlp/wEcsY2PdGGXJj4/Apqmj4RovThe3AyNj3Sxglu2ENq+0OUNroQOmPTM23cwVlrSbEfhKjlvgqpYNNDbXLm4b2ltg9EacfrcQLTT22c4K8vkZqxF7X8d6EzNr3VpnSUg6V2vDXSVtdTMja91ibB+c9RE8ZYK30BOmP6ro07Jt4jteMqRK1zAc7Y9F/bJDhldbXjKUqvf5jO2PRim5K4ZUuFZgy1Cj+AhE1ftqGD/aU4dlo94yJywaZH22Rz2kpqx0totPO9dMb0axt3LHqJ4jhppP0gYdO7DR0TeyiEsRGlw3DGpofbJPi41IyJVo85h1Qw/dymFI6S4lho9bwb6Yz7GjZOnLu62jHQausH6LDp8cYd16+lduRF7QUJm15v0/GvDdSOthD0AcjY9HybRN5J7SgL0gGQsen9Nglepzi6QtACSsFmANpkeIOaURWCFpALZhjaZPiwmtEUgr5ENmYo2hTzMTWjKAR9iWzMcLQp5mOKoydIC8jGDEpTzIcUR9ACsjED0xTzerUjJuoAsjGD0xTYS+1IafUBSsEMUJNhB7UjpNVeUDCDxGQeXVftyGi1NWTMMLVJ3D1PcUREPe8BMmao2nRcu6qakdDoMTeS8HDBpuPPUhgBQTqHDpsBa9PxEzUjoNFhdNgMWtuJ/dTOuVb7kWwzcI3Nq9XOsVY744IZvCbz4DqKcyrqGfeSMQPYJK7+D4U5FBQuIuFhZDqOVjOHon5AhxnGthMfUTtnWr2ebA8lTIGNFedIo3UepmAGs0lct6LC3JAuIGEGtOk4Qs2ciPoCHWZQ2Yk3qp0DUVthe1hhCvc/U82sC1r+ejJmYJvErxVmXdR36TCDyyQ+onaWRe1IsYcXpjCxtppZFbTc9WTMADeJ3yjMqqiv0mEGmUm8U+0sitoI2wxzU/jXExVmj3QhiaGG6Thacda0+jAJM9jtwk6KsyToKfdQBh2ZK6JmadRP6DAD3nTsrXZWRG2CbQadC/9+gsJsCPo9iWGH6fie4iyI2o1sM/Bt/GI1M6fmKjLDj8Tps6DV+0iYwW8XtlWcoaCVbqK4BpD4g8IMtTqADlMB7cyuijMStMrtFNcBMn/VzLban4SpgnZmV8UZCFr1doqpBGQu0Ey22puOWoCd2VFx+rTcIoqpBiR+pzBtUW8luR5gFzZTM13S38hVgcTx0xb1crJNRbTpnq0wPY3OJlEVTeIritPS6IUFuyrgwh2rKUxH1DfoqIwm8W7FaQha9Q6KKwPOXKDpjHoHyfXBhc3VLF3Qn8hUR5P4oeJSNVoX29UBF+5+rMLSRH2ZRI1w4q2KS6PlbqCYCunEbxWWImoXsuuEmXi2wtIcRjJ1IrGv4pSCVr2dUidw5iJNPWoPsmuF4cVqpnYkiVrpxIGKUwha5RaKq0XmHIUpRL2M7Hphumermcp3SKZeJt6ruCS115ArhhNnqVlCo3Wxa0bhX49XmCxqP5KpGM68QnGyoF+SqJnu+MYSgh77D4qrRuZyTR61E8VUDfPI2gqTHUqibjrxWsXFgv5Cdt0g8YNJgh5/N4W66cylWrzRlhRXDsyDz1SQovYn1Y/My9VIjU6sIYnPqZW07LWU6kHiLAUFzXsUVw8XblxeippPMdXDpGcrtDqQrn7gzG6KjY4lUUE6DlErXUZ2/SBxnBo99i4K9dOZyyWtZ1xBKNz1WGlXUhUx+SXSfiSqSOIV0o9IriEkPiz9lkQNdeKbai8nVxESZ+hxt1HqSOZCrTGB60hh0UobUqrJPU+dT64kNs9+dz0pbHYIqZZk/vPrdPXkXUeQqCSJ/U8nuZosOIdMJe34zoXVxImjF1EqCYnTb68qN9eTzAX34HpyEaaeXGj8/6xgKso/cT25+GZKPTnnDlxLEqcspFQSJ864kFxPfvaHakLHt08huY448bmf0lFN9vkKnStJ5q37k2pJ4VVvJ9eTTV5GqSWUddatJoW7nzTvEarJwuVXv5lSRzLnSZeS60jiROkXpCrixJek75BcQ0i8W/owiRrqzI7Sy8iuIjz6AulFHVWkcMcq0mp3UiqIM3+VpAvJrh8kDlPT6Kck6qc79lXbah86V5DCyxUbbU+pHzaPzlMIespD2NUjc1UrSc1lZKpH4mQ1UtRRJFeQgxQX+0ANyWyrRmq0AaV6FO55ioIUtNqtFNcNZ85XkKRGvyJXDhLfVFws6kASddOZ3SZrtDXFVcOF+56qsJi08m0U1wwy52mJjU4jUTPd8TnFyVq9j2TXC7uwnZrJgp6bqRqFW1dRmEzSZeSakThOUUuMOpRExUy8ZSqNtqTYtcLm/qcpLEla7npKtSDzGwVNMep7JGqlE+9TnNr2FLtO2DwyT2Eq0nI3UWpF4ncKmnLUN0l1wk68V3FqjTbHdp3g/qcoTE0Kl5OrBImT1Wgpow4m4fpgZ3ZVXJqgdSZwjSjctKKWvtGZJKqjnfiS4tJFzSfb9YH8fDVLJy27iFIfEr9W0DRGfYJEZbQzeyhOR9C8R7ErQ2HRMpreRkeTcE0wiQMVp2sT7LpQuPepCtOjoN+TcD0wie8papqj5pNdE0x5gZrpknQZuR6YxLGKmvaoN5JwNbDZRM30SeEKMpXQJE5XoxmMeiPJrgQ2m8yMFK4k2zXAJM5QoxmNehOJOmCz6UxJ4QoyHn4mcaoazXDUbpXA+EUzJ+nPZDz0TMcPFTXjUVtQPPTswgPPUJg5NTqehAceHZ9Uq1mx1gS2h5zJ3LiCwmxQq8/TMfASr1XUrAxa4QYyHm4m8XsFzdKoPcgebrbhpWpmixqdRcKDjY4vKWoWrfUwxR5mJrNoOYXZo1Z702EPMduZlylqdv+VxDCj40hFzeqolxRsDy+TuX01hdmlVgfTYQ8t25n5ipr955MYXnQcoahZ3+g5ExQ8rEzmppUUZp9avYeEPaRsm20VNRcbnULHkLLp+Lyi5mTQ6reQ8YAicY7mbKutsO2hZAr3rKFmrqjV15hgKNl0vEet5mzQsv9NwoPIpuNMBc3hqOdNUPAgInHzqnNLrV5LMR4+plDWV9TcjvoCHfbQMc68Wa3metAZdNjDxqbjUEXN+UbLLSQxbGw6fq+RGLXOg2Q8YGw6rllBzShQq+2h4MFik7l3DUWNxlavwwUPFjJsolajstWHyMbDxBR4pVqNzkZfIhkPEVPMG9RqhIagw+iMh4cphQ8paqQG6Qg646FhSubjihqxQTqBznhYmFL4jBqN3EY6hc54SJhSOEghjB410ol0xoPBphT2UxM0ihvpMJLxQLApsI8ajehG+ga5YA8BmwwfUKORHaRDccHufzYZ3qSoER6C9oaM3fdsEsxXq9Ee9QZI2P3OpuPBrdVq1Eft3NFh9zlDxy3PU6vR3+qltzMB7m027rjkCWo1Dls99iI6455mUwqnRbUaj63aEygZu4/ZJPisFDUuo3QQJOz+Zegob1ZoND5D0KvupzPuWTbuuHl9RY3XVmtcTirYfcomm7NWVatx26r9GSTs3mRDB5+QosZvlN46QWfck2xK4s7tFBqN4xD1nEsoGbsP2SQ467FqNa5b6SvQGfceG3ekD0itxneUtruJnLH7jU2Cvz5PodE4D61W/DF0xu4vNqWDT0mtxn2UXnYTTtg9xcYJLllPihr/IWr5b0JXsPuITU48uq/Uqh9GaZOLoTN237BxB2evLUX1xRClj96Hk7H7hI0T3LiX1KpPRunJP4GUsd0XbEiFic+toKZRz2yljf4AqWD3A0POcNzaUlT/DFHa/SroCvb4M+QEf95KaoN6aRMU3n0zpILtcWabnOBvu0tNo94apRX3uRW6jO1xZeOcYOGbpBDVa6O04t63QMrG48k4Zbj6bY0U1XdDK630wWshJ2OPGxsnw8WvbaSoPhxaaZk3XwykYuzxYePSAb99haSo3txK2vmMAikbezzYOGV48LANJUX16ijp+V+9HUjFtkedbecEXHvg06QmqnfHRlrlLX8CcirGHl02LqnAI2fMb6XYqJc3UdKLFlwP5FRsewTZxiUV4L8OWFNSG9TbQwzSci//6V1ATtnGHiU2dk4FuOEbG0tqonp+EyWtttsxtwJOqRh7NNi4pARw3be2WUZSDBqCMUpaeYdvXw2QUy628VwytktKBtIlCzZbVlJsNBhDjJLi+h/7xd0AJaVsG88FY5fcZQPcctJ715akGDUwQ9NK0mo7feZ3d7J46VIuNvZssbFL7pJZ/O9nf2zzFSSpbTRMmzZI0uM23Pfwqx5k0pxSysWT46UznjynlFJm0nv++sN3vGgVSWraoCEbYmwkaZkn7PSh71944wSTu+SUui7lUoqXWErJqetSyoUlPnj9uV9+36arafEYGw3h0MSoSdsX7fTm75z55xseZsYfWPi7U7+05w7rNJq0jU3QkA6xbbTEVdZ4zoav3W/BN757wu+uWnjzv++/7/7777v/X39fePkvj/vONz7/0d1e+uxnLK8lxrYJGtsAVlA4ICwRAACQVACdASosASwBPnU6mEkkoyKhIXQKQJAOiU3fj5L7FAMAAdoAl9xL/uv8v/r/+x8QaknTv7P+uH94/an51qj/NPv5zdNZecf4j+j/8P+//kz2jv0P/rPcA/hv8f/4v9l/y/sAf4D2KeYD9e/2795X/Xepv/Bf6z8gPkE/rX+D/+nYKegJ+6npu/u/8JX9e/5v7hfAh+yH///f/4AP//7anS79Nv8H+M3fn/mOW7mAUl+IXez8Z9QL8d/o3+p3ncAH51/Vu+41EYqLwb/Of1d+AD9Eeg9ne+pfYL/mnUW/cb2Uf2AGtoWL3U3QnwLFK6K+wru7nNR5t0aAJ3e6KEBXIHa+Lczo0oKplw0knCZOPRrvPHJ9Fq84q5NiRClgDKrfcwBkBxLBLcU4nVUFNmrJicG4HZcDe7uPRQQB3uYLCmpKf1YncT6vGd4yfW071NZP+W23Ob4/aNubEpFvdlOaIgCk/NeiTI1q33I46K+5iHNCSvbTcvRAIM2OizYx0Ug+bQCQwpJ2UKDYlnResIZXBEtJikmAp7K0josWKUC8D9UFGbYYMQe5Ht8UnResJYpTnnSPR0kmLaoVoIn5Ko6K/r4pZpxceUg1K//ySTO7v00FYMa1qUv30oeXBQy4ELFwPTSD/w64SfNn16Nb9x/Tfwk+cHhzMpezzaNMV21YJF+bVBR3ng9sSefzSgjW7FzP7AsKOFTV8zYCEuP6NJJwlkgRu8zmY4iH7LWSdBBot7Q2hmLS22k1/+jFl3+GS7u7u5vSQoSfsnstQj+Gd56frybYS1vm9qnLJxhsWYMQslke3q2dV7lu+kP71efKY9l/QlHZhMKCVY05k3aoQ3pKf2higcRO1P9SlgiszDNGKqkPgTonj7bnlD7Lk7f2rh/yHKjlr/9v3zvhhawAAP71XN6ynJZNsD/k0h3t4MpSCniX0TrCPY1m0OR2b/nxF7KCStJLlElgDcH/vrNlLvCO/YjoElfzpe6k3aJ23ma6MFi6aJeXMSfb+KjkdAWtTj7d/rAO85rXL06lX/25A+nxEUaUL/6L7lakquvuuH/74Hw9CkNwF4IrPAPaaZjQ3gHJ7px29s2r/azjGMOxdQlAR92iIpVqdIy4PT2zrj3tc7ETZf0ZHmXGvTpbsQNR12bneG6vVm++q256Q6WIEf3gAAAMUZrR/YgtdvbIIvBC2DbP/qSnNjbXhbUYDLfhtCqzm1eAFvR9Y9IeYluZlxuu+S998/kAILPV0ygWixulf7+EtZKmfwlrLy+VqAG8mJknyU83CEdu90gegd7F4KhYAZ09LfitvzGPY2pzu6xFOZU7n1YxNAYssmVkIN5f/ZtbOw4lvWjdW3ZUKe1JEZ6IsWpGhusVkNbONzrKktYEBX+TxgSUyCrR/066aqa4tsqLuRY3b2qfBSAE0UYBrC/OvjSOJAhDNuJIrTQESaut18LN5/6DQy9g+HTQ37BC6+DODvFGDqYiBL3NmjZBxrdNo9U9GPPJQdtLy8Fbxg3KyRY3Ir34HUH4xyB/zlGr7r/pRcNXABEyBseAMZxzSxOLnEyKlBvWRmseAGmqzxJkgUKGs4IyEoJB0thXZDTeylpNCdFgDU94q2J+dhxNyogn0IMQu+wDxww2GCw/gXjvD3s1fNUqDBL6hr4j5IHgp0foygCduuPHXGSU1x0f2bbn2DE8+Lfpol3lalVqtOlo4GT1gZUBWa3fw2PnlYeaj1L/E3l3moblN+qgrxaAUVWBQmSpEPt59l4ZQP/qZOBIDbCZ8VHQS8hJ0k1k2+l9J3+v8z9N/GlgMt+p+iDqlx2hJ3V3Vq6yezmDRvR3iKEfTUctLCJPw1n3U4RGYz4tY9P1b1uHlae9PqtZFpIB2PGJibC4seQNfsmKA0mbrR/7+kGju4BPMM1BdceuOZxghP+vl+OrzVpRbp4H7zd3C94F2WG61CV1GcVHhaohB9+N/E8MeGwf6ZiVEQu7XyAAHShUjYHmz8D1j0mlIhI+tK12GHRsh25FVn94q6hdEs4ymzgTovxzU3TLFf/PgF2U+vfKHxX3//vqRJFY3jxEB8rwmr5N+dp3crpSgtFWslIUf/YyhbcU+4HFPb7+zH7fp+dqBsAzNd1dmaANc0jAPZCYCk8DpOatqrgjJLWvE+EfCXhT9b3AwJ44REKnBr1bW1ta8CRnzj/RQ3nfu2zg1OAVHE3U6W+W7U6hH8tIaHAW8o2/KnkERwnbPi/8slfSiEmtiVw9kf2A497/gRvgO/uuMFf+uTQM+xkLFc8MWSJA+KWaTrlvPVxVZPDBMkntrG5AzUqx39ak3mTyUDmIUvpiKIhheislwouCbZ1zedqX4cjAGoOQbPsNJD5KqzwTIdL6S9psf1Y+22NmRhKpfl9wiJXVKbVgt6KZ42vRXLSpQPs+LLHji9nE/VOXxjf5zEEHj7jQDsPsabkUHExxFD8mj/fkYkfjzEOCjLhgAFwB8VM56ye67SeD5YJp3eLs+17zLEw5yqIdZLPvJ4/jyTpILbjGedjXHqAgePAiYipK+s8UBWKEqEYJN/bEv9m958tSWA/7RwAAhc4a94xfc6jVhILdaX1qZZMQvaQf+NMpycRYsMEBCuh2hUrrG9I3v6w3ja9opB+4vfTXS3AMkz0Y7AOz1V+0BOW7ulBA3YILsJ5//OGREuxoBbhGoVlW6T6NE6+XO+b+e0zZvqXnR+IbgdaQg4Z4UC/KXBNkP9MjJSWhz4i0GlPlR15RIX/V+a+99MeVHgHBxHM11Ag5bErJUjy3wcrBAbMftmF/WVR+x+yxQLhfTLwICMl/t+23BQb7dVloalJn5DEONfU5eOmS/OSfvsz29t4l6rkBOG715M1yWRKgmvvOv1g5r40U2mcRraI/AMJdJ+40U3ZKpR4eoKnGcVQ13/DM3D+6WJhYh7DBOHJBcIxoe2FEB2+FfpIOJVO7A1HcbsEEO670mS/UgZo8fBNOdg/XJZ+PD6lM9ItgQ8uA5hed91Wr08MELf6wAISLnaf4DUm4OPtdfgOjjwmTZBfdEJ41qLhBUiUmRecOuPPYdv/+9JhqlzkHpn29yGmSHxna2J4VUqOGJ6P0aMHvX7jlHehquxcX3mr3vNrCT9BXXAz5K4hof1xv9e1LElp1cMlvD+zDhw7LkIeSexDVkJ+G5MeJSau8NGREnqU36j/LXjqueg7zJZiI6g5NFxDPhs3wLxAcpR2n1Ch6jXEoheCGHALrpMV4o/vTt5ALuFC5cL6E7XbjPtA73KXXaLNDhHjkXLn0nRU2JlhtTa/+EUPU9tZqRAf5viCMDh7cZZe47H+8dp5WyGjJeuOPNowRgCfoBkWct8HbG5n7dqzd3RtsL1Esvvjev6iY4/irxrp0RPIpkaXtg5JDfUof6B2z2M9SkAP2eAQfmS8uJs3AlhZSnCItiNzcA/wKdicXFm/WMAB4U8wh7KcYE7iJ3gXZDHNBX+tVr4kC2VAFrUSVBUhS/8HvnIaslPg4d5DDoHLPBoqMxOEF2ZAF75vLaSGhm3/AirTxPEfza24ke79AaHSCO6VDT2ei9Yg+tWn+BmqcTAK0v1GB4Yppii038Jo+eviK8ocQaNzuvWMC8eWdn8Nus3vS/Ze+yqErQQuo+BrFlAIGp+hBlfmOlSKTUpkzwAADAGyOib7doRY+SBQ5JQCwwmE4w6H0+1AVhojrNrnIjahEGsMt8QTSr6kke/ez85Rqm1gKtOaD+cMQ/7PdFt+kyqDpPpsPxMP60z6zDY010eXdnaCX5PDu5KCKRKZqX2fsmdB/XsKpyzqjfFRXc4V1UqWMmmnZ6wvKLwSz9QJ7R1DPGcXP4c4izN9AjBWeTZAoz69IDSTq09RjKhD68y9BzfaAjthjy1AWXvBh2yvthX3TAzfh5JmnYOGCJP+z9N3mQcD0z6IcLWhgRhaOaweahGYknG0wxJ3PPppceic4wPgDGYChxEbVF35rNIEAPraMnA/RXFOsckBAjSGHiAp335mY2SjX2lk6onsYTHMPIKpfLHISzlhS8A0/TUaTMSAa63qXo7mNUcAAAIMkD6Zu1E8gI+huHivHTelkuBgBEnAnZ8VXuMWr3HMn+XY2YIZwEPdedj01Kx8JpSGO+dNjh4NC/FNXqTkAIPJPc5t7KTqGpVAbdVLZ27K9iq8W4FXKfyw1WqyzxUEEqlHfkLvWj2x0LazhXilNSyqStmnNPqjD5x+p+f/3OREqdSIALPPB8c2msB3NrwM8p76x1M2v5fAneB0NLHiezTz4Hdn4R9SgYSgqSeb3vteRxY27oL0ZuaYzbs0cPI1knO4p+KQlmz6IMT7k6sZzPjiQZ5sda/Pw2D8ATNk33D+x5uAi7rC6BzMcUo6oxuQwkgBqdtHVZ2FIMSsliCN4yXrtfYNlhfVzcxkHX7Y+iKg3WQB/Zi7uw7e54HPGCdt9XIQoDO6AToaJ6cz7QaOH6KqPLfvqp266KXP1Ca6y1zsi7jRvyNfsWBCShyRqELe2GGOE2vLrsJCI22wAs1Ja993TT52Ib2UqS9DRnepzioht3q+Ybw5taokaS1vNkpQa8uQrlY10GNxdj0CQn89jHQKMrn1uvvk5FZkYGXc0xgWvA07Ne4vojsRC470AkhO/5oNicJmdAaVG6qT6nEE25CIYU4AEPd+oZYUpDxGEDxHWz0KZjs0n2RcB2pY8PG1mAQ9YQv3LGSVzeZcpvrEixRTD111rQXiL7upOV4lC5LzDlPKqWBGjD5PR6MKLyNbc9jJeGuxTiOYa9AAusEwBSo+7YSS/14VaLOLBZ9TIff7goTlInXlL10fMAElmi61zCB4uVVnqmTS++Hiy54Dz/iSQf7qZOiUFhtjBPNbFM4FhQoPpLXPJ41X2m2HiVPvLHWZC1RgEmlne+b5bMV13zxJZC/ZrJhKoAXJsk+f5JGIl+t3l5U6LBi0tP+5EM6dgt3WpKMi1gN/mynN1MnaSlwifjplrOJvcHgVBcs3xA8DfvvA7S8r+yGaCkhO0opmZstSj6keXN4y6Um+MR7hsljxtDkZYoPAWeCe7bD4YJqA4j9JSHeWlIE780J8soVxm0F6VkE5lvceftuKfSTK273a6z2x/8oEp2UAykJ2RD9tDDv9g//1WMrj2jpzTCgk/dcP/vH0Kzkwsww7uSCLq64HmuzgEgnCsKrxPODwn+oLfezO8Bf3Dsem3zYF4dpvqrRpQQ51JKgTaQp9HqsM06sdX3MI9vCNnx0VobxiN73mIeoeFXl/F+qGZk9HUIHot3nLfGlGuzidMuZmQtMXZYuxoMjwpNX+d01bHGL0Isoa/5ggl3anw5zvz3riFvF4EFxdMc1GLqYUpSpXqBLtNjTK4GNF7DspNN8q6UYJ3Wuv6YOsvKmTZfKY3reSdtJJVjueFcvA3OEgK9Vpzl+IbfAbp4UAp9Mvrc/4MumgtrkSc+t17fv4A5BA/6lp2dT3DmDZL9b5RbuWmYWCwi9C1IiOzfeHb0v3ca62eAfmfcePeI/zFO5pQlFqJg3iCJmahVi9tmfoxfOn9qMn3N0Rfo+P1CvaFJ85wRlJaaqQg5q1Y/zt672MKPoWBsypYVlTXLqaH7RMxCu0O8tD/8Cmu/uFo2mUPnDS4+qBiGjxF5cC2w4myat6DsTi59nmVhXTqvSPb9ncZPANcTRHQ4nz3uBBPY61d2yVzeJEAfHSh+6z8Iw0/WqqQAdYqXvqEcNITX3Wbq7zY2N3PcZS30b1t8DPipFhVbnup83oGz5vvs/TGHInSIQPV3E5v3Iso/HVPmLNsHMpRll1hErX1qUr3UxlGegd0ML2bvb9YTf+ADHDEKI7tW2dAED18Qrgq7EeSBVwTmCJ0DmAQAAAARVhJRroAAABFeGlmAABJSSoACAAAAAYAEgEDAAEAAAABAAAAGgEFAAEAAABWAAAAGwEFAAEAAABeAAAAKAEDAAEAAAACAAAAEwIDAAEAAAABAAAAaYcEAAEAAABmAAAAAAAAAEgAAAABAAAASAAAAAEAAAAGAACQBwAEAAAAMDIxMAGRBwAEAAAAAQIDAACgBwAEAAAAMDEwMAGgAwABAAAA//8AAAKgBAABAAAALAEAAAOgBAABAAAALAEAAAAAAAA=', 'FEMALE', '1997-02-28', '81234567898', '2028-02-28'),
                                                                                                                                                                                               ('10019', 'Felipe Santos', 'felipe.s@ipem.sp.gov.br', '$2a$10$YB1lLj/IMXD4Lm0cbAphKumArFegy1hC8yxr0Cm3/n4jm9kAd7rFi', 'TECHNICIAN', '11999990019', 'AB', 'AVAILABLE','UklGRpwhAABXRUJQVlA4WAoAAAAYAAAAKwEAKwEAQUxQSIcPAAABwMf/v2nNrb5rr50bq3YnqhnbLCc3qm23MWpkahuxjdqNGt6Gd/KaqHFSxHj2Wuv7+WOeeebBOXuviz8iYgI0tkNsG03ePm6NDee/+5CvH3H6ORcuuv3me7Bt/nnzHQsv/MMpP/3K/m9/2brzVtcSm7YJGtKhiY0mfex6u+73o99eftsEUzeAmfojN1/6i+98+GUvWk2TxtiEIRRiDJK07Lz5Bx572V1m8pJz6lLKuZRibBsXl5xT16VcCpN3d1740322f0ojSU1shk0TgyQ9fsv9T7z2USZNKaVcPClmGo0nLTmllJn0ocuO+sAGq0lS04ZhEmKUpMfudOhf7mbx0qVcbMysNXbJqSssfuuvDtx6ZUmKzdAIMUpq193vl/8AKCkV25g5aGznlArAbae977mSFOOAiFHSKi/7zjUAJeXixZnDxnbJqQD5skO3XE5SbAZBEyWtuseRtwBOqRgzGm1cUgK4/nvbLycphp4XYpCW2+Ww24Gcso0ZqcbOqQA3fXPzIDWxxzVR0rpfvgHIqdg2o9c2LqkAlx+8jqQY+llspFXf8Scgp2JsRraNSzJMnDl/Walp+leU9MJv3AFOxbYZ8badE7DoE/OkEHtVaCW9/OwCKRubsWjjlOHRozeRFHtTaKXl3vo3oCvGZmzauCTg9/MlxV4UWmnVvRdBTsZmzNo4GS57Y5Bi/2mlVfa/HVI2ZiwbpwxXvDFIsd9EaaUDboeu2GZc2zgnuPJNQYr9JQY177sJUsE2Y9w2OcEVu0lN009ClHa7CrqCzdg3zgn+vIXUhh7SSpv8HlLBphfa5AzHryXFvhGlp/wEcsY2PdGGXJj4/Apqmj4RovThe3AyNj3Sxglu2ENq+0OUNroQOmPTM23cwVlrSbEfhKjlvgqpYNNDbXLm4b2ltg9EacfrcQLTT22c4K8vkZqxF7X8d6EzNr3VpnSUg6V2vDXSVtdTMja91ibB+c9RE8ZYK30BOmP6ro07Jt4jteMqRK1zAc7Y9F/bJDhldbXjKUqvf5jO2PRim5K4ZUuFZgy1Cj+AhE1ftqGD/aU4dlo94yJywaZH22Rz2kpqx0totPO9dMb0axt3LHqJ4jhppP0gYdO7DR0TeyiEsRGlw3DGpofbJPi41IyJVo85h1Qw/dymFI6S4lho9bwb6Yz7GjZOnLu62jHQausH6LDp8cYd16+lduRF7QUJm15v0/GvDdSOthD0AcjY9HybRN5J7SgL0gGQsen9Nglepzi6QtACSsFmANpkeIOaURWCFpALZhjaZPiwmtEUgr5ENmYo2hTzMTWjKAR9iWzMcLQp5mOKoydIC8jGDEpTzIcUR9ACsjED0xTzerUjJuoAsjGD0xTYS+1IafUBSsEMUJNhB7UjpNVeUDCDxGQeXVftyGi1NWTMMLVJ3D1PcUREPe8BMmao2nRcu6qakdDoMTeS8HDBpuPPUhgBQTqHDpsBa9PxEzUjoNFhdNgMWtuJ/dTOuVb7kWwzcI3Nq9XOsVY744IZvCbz4DqKcyrqGfeSMQPYJK7+D4U5FBQuIuFhZDqOVjOHon5AhxnGthMfUTtnWr2ebA8lTIGNFedIo3UepmAGs0lct6LC3JAuIGEGtOk4Qs2ciPoCHWZQ2Yk3qp0DUVthe1hhCvc/U82sC1r+ejJmYJvErxVmXdR36TCDyyQ+onaWRe1IsYcXpjCxtppZFbTc9WTMADeJ3yjMqqiv0mEGmUm8U+0sitoI2wxzU/jXExVmj3QhiaGG6Thacda0+jAJM9jtwk6KsyToKfdQBh2ZK6JmadRP6DAD3nTsrXZWRG2CbQadC/9+gsJsCPo9iWGH6fie4iyI2o1sM/Bt/GI1M6fmKjLDj8Tps6DV+0iYwW8XtlWcoaCVbqK4BpD4g8IMtTqADlMB7cyuijMStMrtFNcBMn/VzLban4SpgnZmV8UZCFr1doqpBGQu0Ey22puOWoCd2VFx+rTcIoqpBiR+pzBtUW8luR5gFzZTM13S38hVgcTx0xb1crJNRbTpnq0wPY3OJlEVTeIritPS6IUFuyrgwh2rKUxH1DfoqIwm8W7FaQha9Q6KKwPOXKDpjHoHyfXBhc3VLF3Qn8hUR5P4oeJSNVoX29UBF+5+rMLSRH2ZRI1w4q2KS6PlbqCYCunEbxWWImoXsuuEmXi2wtIcRjJ1IrGv4pSCVr2dUidw5iJNPWoPsmuF4cVqpnYkiVrpxIGKUwha5RaKq0XmHIUpRL2M7Hphumermcp3SKZeJt6ruCS115ArhhNnqVlCo3Wxa0bhX49XmCxqP5KpGM68QnGyoF+SqJnu+MYSgh77D4qrRuZyTR61E8VUDfPI2gqTHUqibjrxWsXFgv5Cdt0g8YNJgh5/N4W66cylWrzRlhRXDsyDz1SQovYn1Y/My9VIjU6sIYnPqZW07LWU6kHiLAUFzXsUVw8XblxeippPMdXDpGcrtDqQrn7gzG6KjY4lUUE6DlErXUZ2/SBxnBo99i4K9dOZyyWtZ1xBKNz1WGlXUhUx+SXSfiSqSOIV0o9IriEkPiz9lkQNdeKbai8nVxESZ+hxt1HqSOZCrTGB60hh0UobUqrJPU+dT64kNs9+dz0pbHYIqZZk/vPrdPXkXUeQqCSJ/U8nuZosOIdMJe34zoXVxImjF1EqCYnTb68qN9eTzAX34HpyEaaeXGj8/6xgKso/cT25+GZKPTnnDlxLEqcspFQSJ864kFxPfvaHakLHt08huY448bmf0lFN9vkKnStJ5q37k2pJ4VVvJ9eTTV5GqSWUddatJoW7nzTvEarJwuVXv5lSRzLnSZeS60jiROkXpCrixJek75BcQ0i8W/owiRrqzI7Sy8iuIjz6AulFHVWkcMcq0mp3UiqIM3+VpAvJrh8kDlPT6Kck6qc79lXbah86V5DCyxUbbU+pHzaPzlMIespD2NUjc1UrSc1lZKpH4mQ1UtRRJFeQgxQX+0ANyWyrRmq0AaV6FO55ioIUtNqtFNcNZ85XkKRGvyJXDhLfVFws6kASddOZ3SZrtDXFVcOF+56qsJi08m0U1wwy52mJjU4jUTPd8TnFyVq9j2TXC7uwnZrJgp6bqRqFW1dRmEzSZeSakThOUUuMOpRExUy8ZSqNtqTYtcLm/qcpLEla7npKtSDzGwVNMep7JGqlE+9TnNr2FLtO2DwyT2Eq0nI3UWpF4ncKmnLUN0l1wk68V3FqjTbHdp3g/qcoTE0Kl5OrBImT1Wgpow4m4fpgZ3ZVXJqgdSZwjSjctKKWvtGZJKqjnfiS4tJFzSfb9YH8fDVLJy27iFIfEr9W0DRGfYJEZbQzeyhOR9C8R7ErQ2HRMpreRkeTcE0wiQMVp2sT7LpQuPepCtOjoN+TcD0wie8papqj5pNdE0x5gZrpknQZuR6YxLGKmvaoN5JwNbDZRM30SeEKMpXQJE5XoxmMeiPJrgQ2m8yMFK4k2zXAJM5QoxmNehOJOmCz6UxJ4QoyHn4mcaoazXDUbpXA+EUzJ+nPZDz0TMcPFTXjUVtQPPTswgPPUJg5NTqehAceHZ9Uq1mx1gS2h5zJ3LiCwmxQq8/TMfASr1XUrAxa4QYyHm4m8XsFzdKoPcgebrbhpWpmixqdRcKDjY4vKWoWrfUwxR5mJrNoOYXZo1Z702EPMduZlylqdv+VxDCj40hFzeqolxRsDy+TuX01hdmlVgfTYQ8t25n5ipr955MYXnQcoahZ3+g5ExQ8rEzmppUUZp9avYeEPaRsm20VNRcbnULHkLLp+Lyi5mTQ6reQ8YAicY7mbKutsO2hZAr3rKFmrqjV15hgKNl0vEet5mzQsv9NwoPIpuNMBc3hqOdNUPAgInHzqnNLrV5LMR4+plDWV9TcjvoCHfbQMc68Wa3metAZdNjDxqbjUEXN+UbLLSQxbGw6fq+RGLXOg2Q8YGw6rllBzShQq+2h4MFik7l3DUWNxlavwwUPFjJsolajstWHyMbDxBR4pVqNzkZfIhkPEVPMG9RqhIagw+iMh4cphQ8paqQG6Qg646FhSubjihqxQTqBznhYmFL4jBqN3EY6hc54SJhSOEghjB410ol0xoPBphT2UxM0ihvpMJLxQLApsI8ajehG+ga5YA8BmwwfUKORHaRDccHufzYZ3qSoER6C9oaM3fdsEsxXq9Ee9QZI2P3OpuPBrdVq1Eft3NFh9zlDxy3PU6vR3+qltzMB7m027rjkCWo1Dls99iI6455mUwqnRbUaj63aEygZu4/ZJPisFDUuo3QQJOz+Zegob1ZoND5D0KvupzPuWTbuuHl9RY3XVmtcTirYfcomm7NWVatx26r9GSTs3mRDB5+QosZvlN46QWfck2xK4s7tFBqN4xD1nEsoGbsP2SQ467FqNa5b6SvQGfceG3ekD0itxneUtruJnLH7jU2Cvz5PodE4D61W/DF0xu4vNqWDT0mtxn2UXnYTTtg9xcYJLllPihr/IWr5b0JXsPuITU48uq/Uqh9GaZOLoTN237BxB2evLUX1xRClj96Hk7H7hI0T3LiX1KpPRunJP4GUsd0XbEiFic+toKZRz2yljf4AqWD3A0POcNzaUlT/DFHa/SroCvb4M+QEf95KaoN6aRMU3n0zpILtcWabnOBvu0tNo94apRX3uRW6jO1xZeOcYOGbpBDVa6O04t63QMrG48k4Zbj6bY0U1XdDK630wWshJ2OPGxsnw8WvbaSoPhxaaZk3XwykYuzxYePSAb99haSo3txK2vmMAikbezzYOGV48LANJUX16ijp+V+9HUjFtkedbecEXHvg06QmqnfHRlrlLX8CcirGHl02LqnAI2fMb6XYqJc3UdKLFlwP5FRsewTZxiUV4L8OWFNSG9TbQwzSci//6V1ATtnGHiU2dk4FuOEbG0tqonp+EyWtttsxtwJOqRh7NNi4pARw3be2WUZSDBqCMUpaeYdvXw2QUy628VwytktKBtIlCzZbVlJsNBhDjJLi+h/7xd0AJaVsG88FY5fcZQPcctJ715akGDUwQ9NK0mo7feZ3d7J46VIuNvZssbFL7pJZ/O9nf2zzFSSpbTRMmzZI0uM23Pfwqx5k0pxSysWT46UznjynlFJm0nv++sN3vGgVSWraoCEbYmwkaZkn7PSh71944wSTu+SUui7lUoqXWErJqetSyoUlPnj9uV9+36arafEYGw3h0MSoSdsX7fTm75z55xseZsYfWPi7U7+05w7rNJq0jU3QkA6xbbTEVdZ4zoav3W/BN757wu+uWnjzv++/7/7777v/X39fePkvj/vONz7/0d1e+uxnLK8lxrYJGtsAVlA4ICwRAACQVACdASosASwBPnU6mEkkoyKhIXQKQJAOiU3fj5L7FAMAAdoAl9xL/uv8v/r/+x8QaknTv7P+uH94/an51qj/NPv5zdNZecf4j+j/8P+//kz2jv0P/rPcA/hv8f/4v9l/y/sAf4D2KeYD9e/2795X/Xepv/Bf6z8gPkE/rX+D/+nYKegJ+6npu/u/8JX9e/5v7hfAh+yH///f/4AP//7anS79Nv8H+M3fn/mOW7mAUl+IXez8Z9QL8d/o3+p3ncAH51/Vu+41EYqLwb/Of1d+AD9Eeg9ne+pfYL/mnUW/cb2Uf2AGtoWL3U3QnwLFK6K+wru7nNR5t0aAJ3e6KEBXIHa+Lczo0oKplw0knCZOPRrvPHJ9Fq84q5NiRClgDKrfcwBkBxLBLcU4nVUFNmrJicG4HZcDe7uPRQQB3uYLCmpKf1YncT6vGd4yfW071NZP+W23Ob4/aNubEpFvdlOaIgCk/NeiTI1q33I46K+5iHNCSvbTcvRAIM2OizYx0Ug+bQCQwpJ2UKDYlnResIZXBEtJikmAp7K0josWKUC8D9UFGbYYMQe5Ht8UnResJYpTnnSPR0kmLaoVoIn5Ko6K/r4pZpxceUg1K//ySTO7v00FYMa1qUv30oeXBQy4ELFwPTSD/w64SfNn16Nb9x/Tfwk+cHhzMpezzaNMV21YJF+bVBR3ng9sSefzSgjW7FzP7AsKOFTV8zYCEuP6NJJwlkgRu8zmY4iH7LWSdBBot7Q2hmLS22k1/+jFl3+GS7u7u5vSQoSfsnstQj+Gd56frybYS1vm9qnLJxhsWYMQslke3q2dV7lu+kP71efKY9l/QlHZhMKCVY05k3aoQ3pKf2higcRO1P9SlgiszDNGKqkPgTonj7bnlD7Lk7f2rh/yHKjlr/9v3zvhhawAAP71XN6ynJZNsD/k0h3t4MpSCniX0TrCPY1m0OR2b/nxF7KCStJLlElgDcH/vrNlLvCO/YjoElfzpe6k3aJ23ma6MFi6aJeXMSfb+KjkdAWtTj7d/rAO85rXL06lX/25A+nxEUaUL/6L7lakquvuuH/74Hw9CkNwF4IrPAPaaZjQ3gHJ7px29s2r/azjGMOxdQlAR92iIpVqdIy4PT2zrj3tc7ETZf0ZHmXGvTpbsQNR12bneG6vVm++q256Q6WIEf3gAAAMUZrR/YgtdvbIIvBC2DbP/qSnNjbXhbUYDLfhtCqzm1eAFvR9Y9IeYluZlxuu+S998/kAILPV0ygWixulf7+EtZKmfwlrLy+VqAG8mJknyU83CEdu90gegd7F4KhYAZ09LfitvzGPY2pzu6xFOZU7n1YxNAYssmVkIN5f/ZtbOw4lvWjdW3ZUKe1JEZ6IsWpGhusVkNbONzrKktYEBX+TxgSUyCrR/066aqa4tsqLuRY3b2qfBSAE0UYBrC/OvjSOJAhDNuJIrTQESaut18LN5/6DQy9g+HTQ37BC6+DODvFGDqYiBL3NmjZBxrdNo9U9GPPJQdtLy8Fbxg3KyRY3Ir34HUH4xyB/zlGr7r/pRcNXABEyBseAMZxzSxOLnEyKlBvWRmseAGmqzxJkgUKGs4IyEoJB0thXZDTeylpNCdFgDU94q2J+dhxNyogn0IMQu+wDxww2GCw/gXjvD3s1fNUqDBL6hr4j5IHgp0foygCduuPHXGSU1x0f2bbn2DE8+Lfpol3lalVqtOlo4GT1gZUBWa3fw2PnlYeaj1L/E3l3moblN+qgrxaAUVWBQmSpEPt59l4ZQP/qZOBIDbCZ8VHQS8hJ0k1k2+l9J3+v8z9N/GlgMt+p+iDqlx2hJ3V3Vq6yezmDRvR3iKEfTUctLCJPw1n3U4RGYz4tY9P1b1uHlae9PqtZFpIB2PGJibC4seQNfsmKA0mbrR/7+kGju4BPMM1BdceuOZxghP+vl+OrzVpRbp4H7zd3C94F2WG61CV1GcVHhaohB9+N/E8MeGwf6ZiVEQu7XyAAHShUjYHmz8D1j0mlIhI+tK12GHRsh25FVn94q6hdEs4ymzgTovxzU3TLFf/PgF2U+vfKHxX3//vqRJFY3jxEB8rwmr5N+dp3crpSgtFWslIUf/YyhbcU+4HFPb7+zH7fp+dqBsAzNd1dmaANc0jAPZCYCk8DpOatqrgjJLWvE+EfCXhT9b3AwJ44REKnBr1bW1ta8CRnzj/RQ3nfu2zg1OAVHE3U6W+W7U6hH8tIaHAW8o2/KnkERwnbPi/8slfSiEmtiVw9kf2A497/gRvgO/uuMFf+uTQM+xkLFc8MWSJA+KWaTrlvPVxVZPDBMkntrG5AzUqx39ak3mTyUDmIUvpiKIhheislwouCbZ1zedqX4cjAGoOQbPsNJD5KqzwTIdL6S9psf1Y+22NmRhKpfl9wiJXVKbVgt6KZ42vRXLSpQPs+LLHji9nE/VOXxjf5zEEHj7jQDsPsabkUHExxFD8mj/fkYkfjzEOCjLhgAFwB8VM56ye67SeD5YJp3eLs+17zLEw5yqIdZLPvJ4/jyTpILbjGedjXHqAgePAiYipK+s8UBWKEqEYJN/bEv9m958tSWA/7RwAAhc4a94xfc6jVhILdaX1qZZMQvaQf+NMpycRYsMEBCuh2hUrrG9I3v6w3ja9opB+4vfTXS3AMkz0Y7AOz1V+0BOW7ulBA3YILsJ5//OGREuxoBbhGoVlW6T6NE6+XO+b+e0zZvqXnR+IbgdaQg4Z4UC/KXBNkP9MjJSWhz4i0GlPlR15RIX/V+a+99MeVHgHBxHM11Ag5bErJUjy3wcrBAbMftmF/WVR+x+yxQLhfTLwICMl/t+23BQb7dVloalJn5DEONfU5eOmS/OSfvsz29t4l6rkBOG715M1yWRKgmvvOv1g5r40U2mcRraI/AMJdJ+40U3ZKpR4eoKnGcVQ13/DM3D+6WJhYh7DBOHJBcIxoe2FEB2+FfpIOJVO7A1HcbsEEO670mS/UgZo8fBNOdg/XJZ+PD6lM9ItgQ8uA5hed91Wr08MELf6wAISLnaf4DUm4OPtdfgOjjwmTZBfdEJ41qLhBUiUmRecOuPPYdv/+9JhqlzkHpn29yGmSHxna2J4VUqOGJ6P0aMHvX7jlHehquxcX3mr3vNrCT9BXXAz5K4hof1xv9e1LElp1cMlvD+zDhw7LkIeSexDVkJ+G5MeJSau8NGREnqU36j/LXjqueg7zJZiI6g5NFxDPhs3wLxAcpR2n1Ch6jXEoheCGHALrpMV4o/vTt5ALuFC5cL6E7XbjPtA73KXXaLNDhHjkXLn0nRU2JlhtTa/+EUPU9tZqRAf5viCMDh7cZZe47H+8dp5WyGjJeuOPNowRgCfoBkWct8HbG5n7dqzd3RtsL1Esvvjev6iY4/irxrp0RPIpkaXtg5JDfUof6B2z2M9SkAP2eAQfmS8uJs3AlhZSnCItiNzcA/wKdicXFm/WMAB4U8wh7KcYE7iJ3gXZDHNBX+tVr4kC2VAFrUSVBUhS/8HvnIaslPg4d5DDoHLPBoqMxOEF2ZAF75vLaSGhm3/AirTxPEfza24ke79AaHSCO6VDT2ei9Yg+tWn+BmqcTAK0v1GB4Yppii038Jo+eviK8ocQaNzuvWMC8eWdn8Nus3vS/Ze+yqErQQuo+BrFlAIGp+hBlfmOlSKTUpkzwAADAGyOib7doRY+SBQ5JQCwwmE4w6H0+1AVhojrNrnIjahEGsMt8QTSr6kke/ez85Rqm1gKtOaD+cMQ/7PdFt+kyqDpPpsPxMP60z6zDY010eXdnaCX5PDu5KCKRKZqX2fsmdB/XsKpyzqjfFRXc4V1UqWMmmnZ6wvKLwSz9QJ7R1DPGcXP4c4izN9AjBWeTZAoz69IDSTq09RjKhD68y9BzfaAjthjy1AWXvBh2yvthX3TAzfh5JmnYOGCJP+z9N3mQcD0z6IcLWhgRhaOaweahGYknG0wxJ3PPppceic4wPgDGYChxEbVF35rNIEAPraMnA/RXFOsckBAjSGHiAp335mY2SjX2lk6onsYTHMPIKpfLHISzlhS8A0/TUaTMSAa63qXo7mNUcAAAIMkD6Zu1E8gI+huHivHTelkuBgBEnAnZ8VXuMWr3HMn+XY2YIZwEPdedj01Kx8JpSGO+dNjh4NC/FNXqTkAIPJPc5t7KTqGpVAbdVLZ27K9iq8W4FXKfyw1WqyzxUEEqlHfkLvWj2x0LazhXilNSyqStmnNPqjD5x+p+f/3OREqdSIALPPB8c2msB3NrwM8p76x1M2v5fAneB0NLHiezTz4Hdn4R9SgYSgqSeb3vteRxY27oL0ZuaYzbs0cPI1knO4p+KQlmz6IMT7k6sZzPjiQZ5sda/Pw2D8ATNk33D+x5uAi7rC6BzMcUo6oxuQwkgBqdtHVZ2FIMSsliCN4yXrtfYNlhfVzcxkHX7Y+iKg3WQB/Zi7uw7e54HPGCdt9XIQoDO6AToaJ6cz7QaOH6KqPLfvqp266KXP1Ca6y1zsi7jRvyNfsWBCShyRqELe2GGOE2vLrsJCI22wAs1Ja993TT52Ib2UqS9DRnepzioht3q+Ybw5taokaS1vNkpQa8uQrlY10GNxdj0CQn89jHQKMrn1uvvk5FZkYGXc0xgWvA07Ne4vojsRC470AkhO/5oNicJmdAaVG6qT6nEE25CIYU4AEPd+oZYUpDxGEDxHWz0KZjs0n2RcB2pY8PG1mAQ9YQv3LGSVzeZcpvrEixRTD111rQXiL7upOV4lC5LzDlPKqWBGjD5PR6MKLyNbc9jJeGuxTiOYa9AAusEwBSo+7YSS/14VaLOLBZ9TIff7goTlInXlL10fMAElmi61zCB4uVVnqmTS++Hiy54Dz/iSQf7qZOiUFhtjBPNbFM4FhQoPpLXPJ41X2m2HiVPvLHWZC1RgEmlne+b5bMV13zxJZC/ZrJhKoAXJsk+f5JGIl+t3l5U6LBi0tP+5EM6dgt3WpKMi1gN/mynN1MnaSlwifjplrOJvcHgVBcs3xA8DfvvA7S8r+yGaCkhO0opmZstSj6keXN4y6Um+MR7hsljxtDkZYoPAWeCe7bD4YJqA4j9JSHeWlIE780J8soVxm0F6VkE5lvceftuKfSTK273a6z2x/8oEp2UAykJ2RD9tDDv9g//1WMrj2jpzTCgk/dcP/vH0Kzkwsww7uSCLq64HmuzgEgnCsKrxPODwn+oLfezO8Bf3Dsem3zYF4dpvqrRpQQ51JKgTaQp9HqsM06sdX3MI9vCNnx0VobxiN73mIeoeFXl/F+qGZk9HUIHot3nLfGlGuzidMuZmQtMXZYuxoMjwpNX+d01bHGL0Isoa/5ggl3anw5zvz3riFvF4EFxdMc1GLqYUpSpXqBLtNjTK4GNF7DspNN8q6UYJ3Wuv6YOsvKmTZfKY3reSdtJJVjueFcvA3OEgK9Vpzl+IbfAbp4UAp9Mvrc/4MumgtrkSc+t17fv4A5BA/6lp2dT3DmDZL9b5RbuWmYWCwi9C1IiOzfeHb0v3ca62eAfmfcePeI/zFO5pQlFqJg3iCJmahVi9tmfoxfOn9qMn3N0Rfo+P1CvaFJ85wRlJaaqQg5q1Y/zt672MKPoWBsypYVlTXLqaH7RMxCu0O8tD/8Cmu/uFo2mUPnDS4+qBiGjxF5cC2w4myat6DsTi59nmVhXTqvSPb9ncZPANcTRHQ4nz3uBBPY61d2yVzeJEAfHSh+6z8Iw0/WqqQAdYqXvqEcNITX3Wbq7zY2N3PcZS30b1t8DPipFhVbnup83oGz5vvs/TGHInSIQPV3E5v3Iso/HVPmLNsHMpRll1hErX1qUr3UxlGegd0ML2bvb9YTf+ADHDEKI7tW2dAED18Qrgq7EeSBVwTmCJ0DmAQAAAARVhJRroAAABFeGlmAABJSSoACAAAAAYAEgEDAAEAAAABAAAAGgEFAAEAAABWAAAAGwEFAAEAAABeAAAAKAEDAAEAAAACAAAAEwIDAAEAAAABAAAAaYcEAAEAAABmAAAAAAAAAEgAAAABAAAASAAAAAEAAAAGAACQBwAEAAAAMDIxMAGRBwAEAAAAAQIDAACgBwAEAAAAMDEwMAGgAwABAAAA//8AAAKgBAABAAAALAEAAAOgBAABAAAALAEAAAAAAAA=', 'MALE', '1985-07-16', '91234567899', '2026-07-16'),
                                                                                                                                                                                               ('10020', 'Letícia Moraes', 'leticia.m@ipem.sp.gov.br', '$2a$10$YB1lLj/IMXD4Lm0cbAphKumArFegy1hC8yxr0Cm3/n4jm9kAd7rFi', 'TECHNICIAN', '11999990020', 'B', 'AVAILABLE','UklGRpwhAABXRUJQVlA4WAoAAAAYAAAAKwEAKwEAQUxQSIcPAAABwMf/v2nNrb5rr50bq3YnqhnbLCc3qm23MWpkahuxjdqNGt6Gd/KaqHFSxHj2Wuv7+WOeeebBOXuviz8iYgI0tkNsG03ePm6NDee/+5CvH3H6ORcuuv3me7Bt/nnzHQsv/MMpP/3K/m9/2brzVtcSm7YJGtKhiY0mfex6u+73o99eftsEUzeAmfojN1/6i+98+GUvWk2TxtiEIRRiDJK07Lz5Bx572V1m8pJz6lLKuZRibBsXl5xT16VcCpN3d1740322f0ojSU1shk0TgyQ9fsv9T7z2USZNKaVcPClmGo0nLTmllJn0ocuO+sAGq0lS04ZhEmKUpMfudOhf7mbx0qVcbMysNXbJqSssfuuvDtx6ZUmKzdAIMUpq193vl/8AKCkV25g5aGznlArAbae977mSFOOAiFHSKi/7zjUAJeXixZnDxnbJqQD5skO3XE5SbAZBEyWtuseRtwBOqRgzGm1cUgK4/nvbLycphp4XYpCW2+Ww24Gcso0ZqcbOqQA3fXPzIDWxxzVR0rpfvgHIqdg2o9c2LqkAlx+8jqQY+llspFXf8Scgp2JsRraNSzJMnDl/Walp+leU9MJv3AFOxbYZ8badE7DoE/OkEHtVaCW9/OwCKRubsWjjlOHRozeRFHtTaKXl3vo3oCvGZmzauCTg9/MlxV4UWmnVvRdBTsZmzNo4GS57Y5Bi/2mlVfa/HVI2ZiwbpwxXvDFIsd9EaaUDboeu2GZc2zgnuPJNQYr9JQY177sJUsE2Y9w2OcEVu0lN009ClHa7CrqCzdg3zgn+vIXUhh7SSpv8HlLBphfa5AzHryXFvhGlp/wEcsY2PdGGXJj4/Apqmj4RovThe3AyNj3Sxglu2ENq+0OUNroQOmPTM23cwVlrSbEfhKjlvgqpYNNDbXLm4b2ltg9EacfrcQLTT22c4K8vkZqxF7X8d6EzNr3VpnSUg6V2vDXSVtdTMja91ibB+c9RE8ZYK30BOmP6ro07Jt4jteMqRK1zAc7Y9F/bJDhldbXjKUqvf5jO2PRim5K4ZUuFZgy1Cj+AhE1ftqGD/aU4dlo94yJywaZH22Rz2kpqx0totPO9dMb0axt3LHqJ4jhppP0gYdO7DR0TeyiEsRGlw3DGpofbJPi41IyJVo85h1Qw/dymFI6S4lho9bwb6Yz7GjZOnLu62jHQausH6LDp8cYd16+lduRF7QUJm15v0/GvDdSOthD0AcjY9HybRN5J7SgL0gGQsen9Nglepzi6QtACSsFmANpkeIOaURWCFpALZhjaZPiwmtEUgr5ENmYo2hTzMTWjKAR9iWzMcLQp5mOKoydIC8jGDEpTzIcUR9ACsjED0xTzerUjJuoAsjGD0xTYS+1IafUBSsEMUJNhB7UjpNVeUDCDxGQeXVftyGi1NWTMMLVJ3D1PcUREPe8BMmao2nRcu6qakdDoMTeS8HDBpuPPUhgBQTqHDpsBa9PxEzUjoNFhdNgMWtuJ/dTOuVb7kWwzcI3Nq9XOsVY744IZvCbz4DqKcyrqGfeSMQPYJK7+D4U5FBQuIuFhZDqOVjOHon5AhxnGthMfUTtnWr2ebA8lTIGNFedIo3UepmAGs0lct6LC3JAuIGEGtOk4Qs2ciPoCHWZQ2Yk3qp0DUVthe1hhCvc/U82sC1r+ejJmYJvErxVmXdR36TCDyyQ+onaWRe1IsYcXpjCxtppZFbTc9WTMADeJ3yjMqqiv0mEGmUm8U+0sitoI2wxzU/jXExVmj3QhiaGG6Thacda0+jAJM9jtwk6KsyToKfdQBh2ZK6JmadRP6DAD3nTsrXZWRG2CbQadC/9+gsJsCPo9iWGH6fie4iyI2o1sM/Bt/GI1M6fmKjLDj8Tps6DV+0iYwW8XtlWcoaCVbqK4BpD4g8IMtTqADlMB7cyuijMStMrtFNcBMn/VzLban4SpgnZmV8UZCFr1doqpBGQu0Ey22puOWoCd2VFx+rTcIoqpBiR+pzBtUW8luR5gFzZTM13S38hVgcTx0xb1crJNRbTpnq0wPY3OJlEVTeIritPS6IUFuyrgwh2rKUxH1DfoqIwm8W7FaQha9Q6KKwPOXKDpjHoHyfXBhc3VLF3Qn8hUR5P4oeJSNVoX29UBF+5+rMLSRH2ZRI1w4q2KS6PlbqCYCunEbxWWImoXsuuEmXi2wtIcRjJ1IrGv4pSCVr2dUidw5iJNPWoPsmuF4cVqpnYkiVrpxIGKUwha5RaKq0XmHIUpRL2M7Hphumermcp3SKZeJt6ruCS115ArhhNnqVlCo3Wxa0bhX49XmCxqP5KpGM68QnGyoF+SqJnu+MYSgh77D4qrRuZyTR61E8VUDfPI2gqTHUqibjrxWsXFgv5Cdt0g8YNJgh5/N4W66cylWrzRlhRXDsyDz1SQovYn1Y/My9VIjU6sIYnPqZW07LWU6kHiLAUFzXsUVw8XblxeippPMdXDpGcrtDqQrn7gzG6KjY4lUUE6DlErXUZ2/SBxnBo99i4K9dOZyyWtZ1xBKNz1WGlXUhUx+SXSfiSqSOIV0o9IriEkPiz9lkQNdeKbai8nVxESZ+hxt1HqSOZCrTGB60hh0UobUqrJPU+dT64kNs9+dz0pbHYIqZZk/vPrdPXkXUeQqCSJ/U8nuZosOIdMJe34zoXVxImjF1EqCYnTb68qN9eTzAX34HpyEaaeXGj8/6xgKso/cT25+GZKPTnnDlxLEqcspFQSJ864kFxPfvaHakLHt08huY448bmf0lFN9vkKnStJ5q37k2pJ4VVvJ9eTTV5GqSWUddatJoW7nzTvEarJwuVXv5lSRzLnSZeS60jiROkXpCrixJek75BcQ0i8W/owiRrqzI7Sy8iuIjz6AulFHVWkcMcq0mp3UiqIM3+VpAvJrh8kDlPT6Kck6qc79lXbah86V5DCyxUbbU+pHzaPzlMIespD2NUjc1UrSc1lZKpH4mQ1UtRRJFeQgxQX+0ANyWyrRmq0AaV6FO55ioIUtNqtFNcNZ85XkKRGvyJXDhLfVFws6kASddOZ3SZrtDXFVcOF+56qsJi08m0U1wwy52mJjU4jUTPd8TnFyVq9j2TXC7uwnZrJgp6bqRqFW1dRmEzSZeSakThOUUuMOpRExUy8ZSqNtqTYtcLm/qcpLEla7npKtSDzGwVNMep7JGqlE+9TnNr2FLtO2DwyT2Eq0nI3UWpF4ncKmnLUN0l1wk68V3FqjTbHdp3g/qcoTE0Kl5OrBImT1Wgpow4m4fpgZ3ZVXJqgdSZwjSjctKKWvtGZJKqjnfiS4tJFzSfb9YH8fDVLJy27iFIfEr9W0DRGfYJEZbQzeyhOR9C8R7ErQ2HRMpreRkeTcE0wiQMVp2sT7LpQuPepCtOjoN+TcD0wie8papqj5pNdE0x5gZrpknQZuR6YxLGKmvaoN5JwNbDZRM30SeEKMpXQJE5XoxmMeiPJrgQ2m8yMFK4k2zXAJM5QoxmNehOJOmCz6UxJ4QoyHn4mcaoazXDUbpXA+EUzJ+nPZDz0TMcPFTXjUVtQPPTswgPPUJg5NTqehAceHZ9Uq1mx1gS2h5zJ3LiCwmxQq8/TMfASr1XUrAxa4QYyHm4m8XsFzdKoPcgebrbhpWpmixqdRcKDjY4vKWoWrfUwxR5mJrNoOYXZo1Z702EPMduZlylqdv+VxDCj40hFzeqolxRsDy+TuX01hdmlVgfTYQ8t25n5ipr955MYXnQcoahZ3+g5ExQ8rEzmppUUZp9avYeEPaRsm20VNRcbnULHkLLp+Lyi5mTQ6reQ8YAicY7mbKutsO2hZAr3rKFmrqjV15hgKNl0vEet5mzQsv9NwoPIpuNMBc3hqOdNUPAgInHzqnNLrV5LMR4+plDWV9TcjvoCHfbQMc68Wa3metAZdNjDxqbjUEXN+UbLLSQxbGw6fq+RGLXOg2Q8YGw6rllBzShQq+2h4MFik7l3DUWNxlavwwUPFjJsolajstWHyMbDxBR4pVqNzkZfIhkPEVPMG9RqhIagw+iMh4cphQ8paqQG6Qg646FhSubjihqxQTqBznhYmFL4jBqN3EY6hc54SJhSOEghjB410ol0xoPBphT2UxM0ihvpMJLxQLApsI8ajehG+ga5YA8BmwwfUKORHaRDccHufzYZ3qSoER6C9oaM3fdsEsxXq9Ee9QZI2P3OpuPBrdVq1Eft3NFh9zlDxy3PU6vR3+qltzMB7m027rjkCWo1Dls99iI6455mUwqnRbUaj63aEygZu4/ZJPisFDUuo3QQJOz+Zegob1ZoND5D0KvupzPuWTbuuHl9RY3XVmtcTirYfcomm7NWVatx26r9GSTs3mRDB5+QosZvlN46QWfck2xK4s7tFBqN4xD1nEsoGbsP2SQ467FqNa5b6SvQGfceG3ekD0itxneUtruJnLH7jU2Cvz5PodE4D61W/DF0xu4vNqWDT0mtxn2UXnYTTtg9xcYJLllPihr/IWr5b0JXsPuITU48uq/Uqh9GaZOLoTN237BxB2evLUX1xRClj96Hk7H7hI0T3LiX1KpPRunJP4GUsd0XbEiFic+toKZRz2yljf4AqWD3A0POcNzaUlT/DFHa/SroCvb4M+QEf95KaoN6aRMU3n0zpILtcWabnOBvu0tNo94apRX3uRW6jO1xZeOcYOGbpBDVa6O04t63QMrG48k4Zbj6bY0U1XdDK630wWshJ2OPGxsnw8WvbaSoPhxaaZk3XwykYuzxYePSAb99haSo3txK2vmMAikbezzYOGV48LANJUX16ijp+V+9HUjFtkedbecEXHvg06QmqnfHRlrlLX8CcirGHl02LqnAI2fMb6XYqJc3UdKLFlwP5FRsewTZxiUV4L8OWFNSG9TbQwzSci//6V1ATtnGHiU2dk4FuOEbG0tqonp+EyWtttsxtwJOqRh7NNi4pARw3be2WUZSDBqCMUpaeYdvXw2QUy628VwytktKBtIlCzZbVlJsNBhDjJLi+h/7xd0AJaVsG88FY5fcZQPcctJ715akGDUwQ9NK0mo7feZ3d7J46VIuNvZssbFL7pJZ/O9nf2zzFSSpbTRMmzZI0uM23Pfwqx5k0pxSysWT46UznjynlFJm0nv++sN3vGgVSWraoCEbYmwkaZkn7PSh71944wSTu+SUui7lUoqXWErJqetSyoUlPnj9uV9+36arafEYGw3h0MSoSdsX7fTm75z55xseZsYfWPi7U7+05w7rNJq0jU3QkA6xbbTEVdZ4zoav3W/BN757wu+uWnjzv++/7/7777v/X39fePkvj/vONz7/0d1e+uxnLK8lxrYJGtsAVlA4ICwRAACQVACdASosASwBPnU6mEkkoyKhIXQKQJAOiU3fj5L7FAMAAdoAl9xL/uv8v/r/+x8QaknTv7P+uH94/an51qj/NPv5zdNZecf4j+j/8P+//kz2jv0P/rPcA/hv8f/4v9l/y/sAf4D2KeYD9e/2795X/Xepv/Bf6z8gPkE/rX+D/+nYKegJ+6npu/u/8JX9e/5v7hfAh+yH///f/4AP//7anS79Nv8H+M3fn/mOW7mAUl+IXez8Z9QL8d/o3+p3ncAH51/Vu+41EYqLwb/Of1d+AD9Eeg9ne+pfYL/mnUW/cb2Uf2AGtoWL3U3QnwLFK6K+wru7nNR5t0aAJ3e6KEBXIHa+Lczo0oKplw0knCZOPRrvPHJ9Fq84q5NiRClgDKrfcwBkBxLBLcU4nVUFNmrJicG4HZcDe7uPRQQB3uYLCmpKf1YncT6vGd4yfW071NZP+W23Ob4/aNubEpFvdlOaIgCk/NeiTI1q33I46K+5iHNCSvbTcvRAIM2OizYx0Ug+bQCQwpJ2UKDYlnResIZXBEtJikmAp7K0josWKUC8D9UFGbYYMQe5Ht8UnResJYpTnnSPR0kmLaoVoIn5Ko6K/r4pZpxceUg1K//ySTO7v00FYMa1qUv30oeXBQy4ELFwPTSD/w64SfNn16Nb9x/Tfwk+cHhzMpezzaNMV21YJF+bVBR3ng9sSefzSgjW7FzP7AsKOFTV8zYCEuP6NJJwlkgRu8zmY4iH7LWSdBBot7Q2hmLS22k1/+jFl3+GS7u7u5vSQoSfsnstQj+Gd56frybYS1vm9qnLJxhsWYMQslke3q2dV7lu+kP71efKY9l/QlHZhMKCVY05k3aoQ3pKf2higcRO1P9SlgiszDNGKqkPgTonj7bnlD7Lk7f2rh/yHKjlr/9v3zvhhawAAP71XN6ynJZNsD/k0h3t4MpSCniX0TrCPY1m0OR2b/nxF7KCStJLlElgDcH/vrNlLvCO/YjoElfzpe6k3aJ23ma6MFi6aJeXMSfb+KjkdAWtTj7d/rAO85rXL06lX/25A+nxEUaUL/6L7lakquvuuH/74Hw9CkNwF4IrPAPaaZjQ3gHJ7px29s2r/azjGMOxdQlAR92iIpVqdIy4PT2zrj3tc7ETZf0ZHmXGvTpbsQNR12bneG6vVm++q256Q6WIEf3gAAAMUZrR/YgtdvbIIvBC2DbP/qSnNjbXhbUYDLfhtCqzm1eAFvR9Y9IeYluZlxuu+S998/kAILPV0ygWixulf7+EtZKmfwlrLy+VqAG8mJknyU83CEdu90gegd7F4KhYAZ09LfitvzGPY2pzu6xFOZU7n1YxNAYssmVkIN5f/ZtbOw4lvWjdW3ZUKe1JEZ6IsWpGhusVkNbONzrKktYEBX+TxgSUyCrR/066aqa4tsqLuRY3b2qfBSAE0UYBrC/OvjSOJAhDNuJIrTQESaut18LN5/6DQy9g+HTQ37BC6+DODvFGDqYiBL3NmjZBxrdNo9U9GPPJQdtLy8Fbxg3KyRY3Ir34HUH4xyB/zlGr7r/pRcNXABEyBseAMZxzSxOLnEyKlBvWRmseAGmqzxJkgUKGs4IyEoJB0thXZDTeylpNCdFgDU94q2J+dhxNyogn0IMQu+wDxww2GCw/gXjvD3s1fNUqDBL6hr4j5IHgp0foygCduuPHXGSU1x0f2bbn2DE8+Lfpol3lalVqtOlo4GT1gZUBWa3fw2PnlYeaj1L/E3l3moblN+qgrxaAUVWBQmSpEPt59l4ZQP/qZOBIDbCZ8VHQS8hJ0k1k2+l9J3+v8z9N/GlgMt+p+iDqlx2hJ3V3Vq6yezmDRvR3iKEfTUctLCJPw1n3U4RGYz4tY9P1b1uHlae9PqtZFpIB2PGJibC4seQNfsmKA0mbrR/7+kGju4BPMM1BdceuOZxghP+vl+OrzVpRbp4H7zd3C94F2WG61CV1GcVHhaohB9+N/E8MeGwf6ZiVEQu7XyAAHShUjYHmz8D1j0mlIhI+tK12GHRsh25FVn94q6hdEs4ymzgTovxzU3TLFf/PgF2U+vfKHxX3//vqRJFY3jxEB8rwmr5N+dp3crpSgtFWslIUf/YyhbcU+4HFPb7+zH7fp+dqBsAzNd1dmaANc0jAPZCYCk8DpOatqrgjJLWvE+EfCXhT9b3AwJ44REKnBr1bW1ta8CRnzj/RQ3nfu2zg1OAVHE3U6W+W7U6hH8tIaHAW8o2/KnkERwnbPi/8slfSiEmtiVw9kf2A497/gRvgO/uuMFf+uTQM+xkLFc8MWSJA+KWaTrlvPVxVZPDBMkntrG5AzUqx39ak3mTyUDmIUvpiKIhheislwouCbZ1zedqX4cjAGoOQbPsNJD5KqzwTIdL6S9psf1Y+22NmRhKpfl9wiJXVKbVgt6KZ42vRXLSpQPs+LLHji9nE/VOXxjf5zEEHj7jQDsPsabkUHExxFD8mj/fkYkfjzEOCjLhgAFwB8VM56ye67SeD5YJp3eLs+17zLEw5yqIdZLPvJ4/jyTpILbjGedjXHqAgePAiYipK+s8UBWKEqEYJN/bEv9m958tSWA/7RwAAhc4a94xfc6jVhILdaX1qZZMQvaQf+NMpycRYsMEBCuh2hUrrG9I3v6w3ja9opB+4vfTXS3AMkz0Y7AOz1V+0BOW7ulBA3YILsJ5//OGREuxoBbhGoVlW6T6NE6+XO+b+e0zZvqXnR+IbgdaQg4Z4UC/KXBNkP9MjJSWhz4i0GlPlR15RIX/V+a+99MeVHgHBxHM11Ag5bErJUjy3wcrBAbMftmF/WVR+x+yxQLhfTLwICMl/t+23BQb7dVloalJn5DEONfU5eOmS/OSfvsz29t4l6rkBOG715M1yWRKgmvvOv1g5r40U2mcRraI/AMJdJ+40U3ZKpR4eoKnGcVQ13/DM3D+6WJhYh7DBOHJBcIxoe2FEB2+FfpIOJVO7A1HcbsEEO670mS/UgZo8fBNOdg/XJZ+PD6lM9ItgQ8uA5hed91Wr08MELf6wAISLnaf4DUm4OPtdfgOjjwmTZBfdEJ41qLhBUiUmRecOuPPYdv/+9JhqlzkHpn29yGmSHxna2J4VUqOGJ6P0aMHvX7jlHehquxcX3mr3vNrCT9BXXAz5K4hof1xv9e1LElp1cMlvD+zDhw7LkIeSexDVkJ+G5MeJSau8NGREnqU36j/LXjqueg7zJZiI6g5NFxDPhs3wLxAcpR2n1Ch6jXEoheCGHALrpMV4o/vTt5ALuFC5cL6E7XbjPtA73KXXaLNDhHjkXLn0nRU2JlhtTa/+EUPU9tZqRAf5viCMDh7cZZe47H+8dp5WyGjJeuOPNowRgCfoBkWct8HbG5n7dqzd3RtsL1Esvvjev6iY4/irxrp0RPIpkaXtg5JDfUof6B2z2M9SkAP2eAQfmS8uJs3AlhZSnCItiNzcA/wKdicXFm/WMAB4U8wh7KcYE7iJ3gXZDHNBX+tVr4kC2VAFrUSVBUhS/8HvnIaslPg4d5DDoHLPBoqMxOEF2ZAF75vLaSGhm3/AirTxPEfza24ke79AaHSCO6VDT2ei9Yg+tWn+BmqcTAK0v1GB4Yppii038Jo+eviK8ocQaNzuvWMC8eWdn8Nus3vS/Ze+yqErQQuo+BrFlAIGp+hBlfmOlSKTUpkzwAADAGyOib7doRY+SBQ5JQCwwmE4w6H0+1AVhojrNrnIjahEGsMt8QTSr6kke/ez85Rqm1gKtOaD+cMQ/7PdFt+kyqDpPpsPxMP60z6zDY010eXdnaCX5PDu5KCKRKZqX2fsmdB/XsKpyzqjfFRXc4V1UqWMmmnZ6wvKLwSz9QJ7R1DPGcXP4c4izN9AjBWeTZAoz69IDSTq09RjKhD68y9BzfaAjthjy1AWXvBh2yvthX3TAzfh5JmnYOGCJP+z9N3mQcD0z6IcLWhgRhaOaweahGYknG0wxJ3PPppceic4wPgDGYChxEbVF35rNIEAPraMnA/RXFOsckBAjSGHiAp335mY2SjX2lk6onsYTHMPIKpfLHISzlhS8A0/TUaTMSAa63qXo7mNUcAAAIMkD6Zu1E8gI+huHivHTelkuBgBEnAnZ8VXuMWr3HMn+XY2YIZwEPdedj01Kx8JpSGO+dNjh4NC/FNXqTkAIPJPc5t7KTqGpVAbdVLZ27K9iq8W4FXKfyw1WqyzxUEEqlHfkLvWj2x0LazhXilNSyqStmnNPqjD5x+p+f/3OREqdSIALPPB8c2msB3NrwM8p76x1M2v5fAneB0NLHiezTz4Hdn4R9SgYSgqSeb3vteRxY27oL0ZuaYzbs0cPI1knO4p+KQlmz6IMT7k6sZzPjiQZ5sda/Pw2D8ATNk33D+x5uAi7rC6BzMcUo6oxuQwkgBqdtHVZ2FIMSsliCN4yXrtfYNlhfVzcxkHX7Y+iKg3WQB/Zi7uw7e54HPGCdt9XIQoDO6AToaJ6cz7QaOH6KqPLfvqp266KXP1Ca6y1zsi7jRvyNfsWBCShyRqELe2GGOE2vLrsJCI22wAs1Ja993TT52Ib2UqS9DRnepzioht3q+Ybw5taokaS1vNkpQa8uQrlY10GNxdj0CQn89jHQKMrn1uvvk5FZkYGXc0xgWvA07Ne4vojsRC470AkhO/5oNicJmdAaVG6qT6nEE25CIYU4AEPd+oZYUpDxGEDxHWz0KZjs0n2RcB2pY8PG1mAQ9YQv3LGSVzeZcpvrEixRTD111rQXiL7upOV4lC5LzDlPKqWBGjD5PR6MKLyNbc9jJeGuxTiOYa9AAusEwBSo+7YSS/14VaLOLBZ9TIff7goTlInXlL10fMAElmi61zCB4uVVnqmTS++Hiy54Dz/iSQf7qZOiUFhtjBPNbFM4FhQoPpLXPJ41X2m2HiVPvLHWZC1RgEmlne+b5bMV13zxJZC/ZrJhKoAXJsk+f5JGIl+t3l5U6LBi0tP+5EM6dgt3WpKMi1gN/mynN1MnaSlwifjplrOJvcHgVBcs3xA8DfvvA7S8r+yGaCkhO0opmZstSj6keXN4y6Um+MR7hsljxtDkZYoPAWeCe7bD4YJqA4j9JSHeWlIE780J8soVxm0F6VkE5lvceftuKfSTK273a6z2x/8oEp2UAykJ2RD9tDDv9g//1WMrj2jpzTCgk/dcP/vH0Kzkwsww7uSCLq64HmuzgEgnCsKrxPODwn+oLfezO8Bf3Dsem3zYF4dpvqrRpQQ51JKgTaQp9HqsM06sdX3MI9vCNnx0VobxiN73mIeoeFXl/F+qGZk9HUIHot3nLfGlGuzidMuZmQtMXZYuxoMjwpNX+d01bHGL0Isoa/5ggl3anw5zvz3riFvF4EFxdMc1GLqYUpSpXqBLtNjTK4GNF7DspNN8q6UYJ3Wuv6YOsvKmTZfKY3reSdtJJVjueFcvA3OEgK9Vpzl+IbfAbp4UAp9Mvrc/4MumgtrkSc+t17fv4A5BA/6lp2dT3DmDZL9b5RbuWmYWCwi9C1IiOzfeHb0v3ca62eAfmfcePeI/zFO5pQlFqJg3iCJmahVi9tmfoxfOn9qMn3N0Rfo+P1CvaFJ85wRlJaaqQg5q1Y/zt672MKPoWBsypYVlTXLqaH7RMxCu0O8tD/8Cmu/uFo2mUPnDS4+qBiGjxF5cC2w4myat6DsTi59nmVhXTqvSPb9ncZPANcTRHQ4nz3uBBPY61d2yVzeJEAfHSh+6z8Iw0/WqqQAdYqXvqEcNITX3Wbq7zY2N3PcZS30b1t8DPipFhVbnup83oGz5vvs/TGHInSIQPV3E5v3Iso/HVPmLNsHMpRll1hErX1qUr3UxlGegd0ML2bvb9YTf+ADHDEKI7tW2dAED18Qrgq7EeSBVwTmCJ0DmAQAAAARVhJRroAAABFeGlmAABJSSoACAAAAAYAEgEDAAEAAAABAAAAGgEFAAEAAABWAAAAGwEFAAEAAABeAAAAKAEDAAEAAAACAAAAEwIDAAEAAAABAAAAaYcEAAEAAABmAAAAAAAAAEgAAAABAAAASAAAAAEAAAAGAACQBwAEAAAAMDIxMAGRBwAEAAAAAQIDAACgBwAEAAAAMDEwMAGgAwABAAAA//8AAAKgBAABAAAALAEAAAOgBAABAAAALAEAAAAAAAA=', 'FEMALE', '1992-12-09', '02234567890', '2030-12-09');

-- =========================================================================
-- 4. VEÍCULOS DA FROTA
-- =========================================================================
INSERT INTO cars (prefix, license_plate, type_id, fuel, current_km, tank_capacity, vehicle_status, color) VALUES
                                                                                                              ('CAR001', 'IPM1A11', 1, 'Gasoline', 15500.0, 45.0, 'AVAILABLE', 'Silver'),
                                                                                                              ('CAR002', 'IPM1A12', 2, 'Diesel', 45800.0, 70.0, 'AVAILABLE', 'White'),
                                                                                                              ('CAR003', 'IPM1A13', 3, 'Diesel', 9500.0, 80.0, 'AVAILABLE', 'Black'),
                                                                                                              ('CAR004', 'IPM1A14', 4, 'Gasoline', 6200.0, 50.0, 'AVAILABLE', 'Red'),
                                                                                                              ('CAR005', 'IPM1A15', 5, 'Gasoline', 22800.0, 45.0, 'AVAILABLE', 'Blue'),
                                                                                                              ('CAR006', 'IPM1A16', 6, 'Diesel', 30500.0, 60.0, 'AVAILABLE', 'Gray'),
                                                                                                              ('CAR007', 'IPM1A17', 7, 'Diesel', 12500.0, 75.0, 'UNAVAILABLE', 'White'),
                                                                                                              ('CAR008', 'IPM1A18', 8, 'Gasoline', 95800.0, 50.0, 'IN_USE', 'Black'),
                                                                                                              ('CAR009', 'IPM1A19', 9, 'Gasoline', 5400.0, 45.0, 'AVAILABLE', 'White'),
                                                                                                              ('CAR010', 'IPM1A20', 10, 'Diesel', 4500.0, 75.0, 'AVAILABLE', 'Silver'),
                                                                                                              ('CAR011', 'IPM1A21', 11, 'Gasoline', 1200.0, 50.0, 'AVAILABLE', 'White'),
                                                                                                              ('CAR012', 'IPM1A22', 12, 'Gasoline', 15800.0, 40.0, 'AVAILABLE', 'Black'),
                                                                                                              ('CAR013', 'IPM1A23', 13, 'Gasoline', 25600.0, 44.0, 'AVAILABLE', 'Silver'),
                                                                                                              ('CAR014', 'IPM1A24', 14, 'Gasoline', 3900.0, 45.0, 'IN_USE', 'Gray'),
                                                                                                              ('CAR015', 'IPM1A25', 15, 'Gasoline', 12400.0, 50.0, 'AVAILABLE', 'White'),
                                                                                                              ('CAR016', 'IPM1A26', 16, 'Diesel', 18500.0, 80.0, 'AVAILABLE', 'Black'),
                                                                                                              ('CAR017', 'IPM1A27', 1, 'Gasoline', 40200.0, 45.0, 'MAINTENANCE', 'Silver'),
                                                                                                              ('CAR018', 'IPM1A28', 2, 'Diesel', 5400.0, 70.0, 'AVAILABLE', 'White'),
                                                                                                              ('CAR019', 'IPM1A29', 3, 'Diesel', 8600.0, 80.0, 'AVAILABLE', 'Black'),
                                                                                                              ('CAR020', 'IPM1A30', 4, 'Gasoline', 11500.0, 50.0, 'IN_USE', 'Silver');

-- =========================================================================
-- 5. SERVIÇOS (50 CHAMADOS DE JANEIRO A MAIO DE 2026)
-- =========================================================================
INSERT INTO service (id, car_prefix, user_registration, departure_time, completion_time, departure_km, destination_requester, description, priority, is_active) VALUES
-- JANEIRO (Fechados)
(1, 'CAR001', '10001', '2026-01-05 08:00:00', '2026-01-05 17:00:00', 15000.0, 'São Paulo', 'Fiscalização de rotina', 'MEDIUM', 0),
(2, 'CAR003', '10003', '2026-01-10 09:00:00', '2026-01-10 16:30:00', 8900.0, 'Campinas', 'Visita Técnica', 'MEDIUM', 0),
(3, 'CAR004', '10004', '2026-01-15 07:30:00', '2026-01-15 15:00:00', 5500.0, 'Santos', 'Transporte', 'HIGH', 0),
(4, 'CAR005', '10006', '2026-01-18 08:00:00', '2026-01-18 18:00:00', 22000.0, 'Sorocaba', 'Reunião Externa', 'MEDIUM', 0),
(5, 'CAR006', '10007', '2026-01-20 10:00:00', '2026-01-20 14:00:00', 30000.0, 'Jundiaí', 'Fiscalização de Radar', 'LOW', 0),
(6, 'CAR008', '10009', '2026-01-23 08:00:00', '2026-01-23 16:00:00', 95000.0, 'SJC', 'Manutenção Preventiva', 'MEDIUM', 0),
(7, 'CAR009', '10010', '2026-01-25 09:00:00', '2026-01-25 12:00:00', 5000.0, 'Taubaté', 'Entrega de Equipamentos', 'LOW', 0),
(8, 'CAR010', '10011', '2026-01-28 08:30:00', '2026-01-28 17:30:00', 4000.0, 'Jacareí', 'Verificação Local', 'MEDIUM', 0),
(9, 'CAR011', '10012', '2026-01-30 07:00:00', '2026-01-30 15:00:00', 1000.0, 'Guarulhos', 'Visita Técnica', 'HIGH', 0),
(10, 'CAR012', '10013', '2026-01-31 08:00:00', '2026-01-31 16:00:00', 15000.0, 'Osasco', 'Fiscalização de Postos', 'MEDIUM', 0),

-- FEVEREIRO (Fechados)
(11, 'CAR013', '10014', '2026-02-04 08:00:00', '2026-02-04 17:00:00', 25000.0, 'Limeira', 'Aferição de Balanças', 'MEDIUM', 0),
(12, 'CAR014', '10015', '2026-02-06 07:30:00', '2026-02-06 14:30:00', 3500.0, 'Mogi das Cruzes', 'Vistoria', 'LOW', 0),
(13, 'CAR015', '10016', '2026-02-09 09:00:00', '2026-02-09 18:00:00', 12000.0, 'Barueri', 'Fiscalização', 'MEDIUM', 0),
(14, 'CAR016', '10017', '2026-02-12 08:00:00', '2026-02-12 16:00:00', 18000.0, 'Atibaia', 'Auditoria Interna', 'HIGH', 0),
(15, 'CAR018', '10018', '2026-02-15 08:00:00', '2026-02-15 15:30:00', 5000.0, 'Piracicaba', 'Visita Técnica', 'MEDIUM', 0),
(16, 'CAR019', '10019', '2026-02-18 08:00:00', '2026-02-18 17:00:00', 8000.0, 'Valinhos', 'Fiscalização de Comércio', 'MEDIUM', 0),
(17, 'CAR020', '10020', '2026-02-20 08:00:00', '2026-02-20 16:30:00', 11000.0, 'Hortolândia', 'Vistoria', 'LOW', 0),
(18, 'CAR001', '10008', '2026-02-23 09:00:00', '2026-02-23 18:00:00', 15300.0, 'SJC', 'Auditoria Regional', 'HIGH', 0),
(19, 'CAR002', '10005', '2026-02-25 08:00:00', '2026-02-25 17:00:00', 45500.0, 'Jacareí', 'Fiscalização de Bombas', 'MEDIUM', 0),
(20, 'CAR003', '10002', '2026-02-28 08:00:00', '2026-02-28 14:00:00', 9300.0, 'Taubaté', 'Vistoria Técnica', 'MEDIUM', 0),

-- MARÇO (Fechados)
(21, 'CAR004', '10003', '2026-03-02 08:00:00', '2026-03-02 17:00:00', 6000.0, 'São Paulo', 'Inspeção Anual', 'MEDIUM', 0),
(22, 'CAR005', '10004', '2026-03-05 09:00:00', '2026-03-05 16:00:00', 22500.0, 'Campinas', 'Fiscalização Tacógrafo', 'HIGH', 0),
(23, 'CAR006', '10006', '2026-03-08 07:30:00', '2026-03-08 14:30:00', 30500.0, 'Sorocaba', 'Acompanhamento', 'LOW', 0),
(24, 'CAR008', '10007', '2026-03-12 10:00:00', '2026-03-12 18:00:00', 95200.0, 'SJC', 'Aferição', 'MEDIUM', 0),
(25, 'CAR009', '10009', '2026-03-15 08:00:00', '2026-03-15 15:00:00', 5500.0, 'Jacareí', 'Fiscalização', 'MEDIUM', 0),
(26, 'CAR010', '10010', '2026-03-18 08:30:00', '2026-03-18 16:30:00', 4500.0, 'Taubaté', 'Verificação', 'HIGH', 0),
(27, 'CAR011', '10011', '2026-03-21 07:00:00', '2026-03-21 14:00:00', 1500.0, 'Guarulhos', 'Visita Técnica', 'LOW', 0),
(28, 'CAR012', '10012', '2026-03-24 09:00:00', '2026-03-24 17:30:00', 15500.0, 'Osasco', 'Auditoria', 'MEDIUM', 0),
(29, 'CAR013', '10013', '2026-03-27 08:00:00', '2026-03-27 16:00:00', 25500.0, 'Limeira', 'Fiscalização', 'MEDIUM', 0),
(30, 'CAR014', '10014', '2026-03-30 08:00:00', '2026-03-30 15:30:00', 4000.0, 'Mogi das Cruzes', 'Vistoria', 'HIGH', 0),

-- ABRIL (Fechados)
(31, 'CAR015', '10015', '2026-04-03 08:00:00', '2026-04-03 16:00:00', 12500.0, 'Barueri', 'Fiscalização Comercial', 'MEDIUM', 0),
(32, 'CAR016', '10016', '2026-04-06 09:00:00', '2026-04-06 17:00:00', 18500.0, 'Atibaia', 'Auditoria', 'MEDIUM', 0),
(33, 'CAR018', '10017', '2026-04-09 07:30:00', '2026-04-09 15:30:00', 5500.0, 'Piracicaba', 'Visita Técnica', 'LOW', 0),
(34, 'CAR019', '10018', '2026-04-12 08:00:00', '2026-04-12 18:00:00', 8500.0, 'Valinhos', 'Fiscalização de Postos', 'HIGH', 0),
(35, 'CAR020', '10019', '2026-04-15 10:00:00', '2026-04-15 16:00:00', 11500.0, 'Hortolândia', 'Vistoria', 'MEDIUM', 0),
(36, 'CAR001', '10020', '2026-04-18 08:00:00', '2026-04-18 15:00:00', 15600.0, 'SJC', 'Aferição de Radar', 'MEDIUM', 0),
(37, 'CAR002', '10001', '2026-04-21 09:00:00', '2026-04-21 16:30:00', 46000.0, 'Jacareí', 'Verificação de Rotina', 'LOW', 0),
(38, 'CAR003', '10002', '2026-04-24 08:30:00', '2026-04-24 17:30:00', 9600.0, 'Taubaté', 'Fiscalização Têxtil', 'HIGH', 0),
(39, 'CAR004', '10003', '2026-04-27 07:00:00', '2026-04-27 15:00:00', 6500.0, 'São Paulo', 'Reunião Externa', 'MEDIUM', 0),
(40, 'CAR005', '10006', '2026-04-30 08:00:00', '2026-04-30 16:00:00', 23000.0, 'Campinas', 'Visita Técnica', 'MEDIUM', 0),

-- MAIO (Mesclado: 7 fechados, 3 AINDA EM ANDAMENTO)
(41, 'CAR006', '10008', '2026-05-02 08:00:00', '2026-05-02 17:00:00', 31000.0, 'Sorocaba', 'Fiscalização Geral', 'MEDIUM', 0),
(42, 'CAR009', '10009', '2026-05-03 09:00:00', '2026-05-03 16:30:00', 5800.0, 'SJC', 'Entrega', 'LOW', 0),
(43, 'CAR010', '10010', '2026-05-04 07:30:00', '2026-05-04 15:00:00', 4800.0, 'Jacareí', 'Aferição', 'HIGH', 0),
(44, 'CAR011', '10011', '2026-05-04 08:00:00', '2026-05-04 18:00:00', 1800.0, 'Taubaté', 'Visita de Campo', 'MEDIUM', 0),
(45, 'CAR012', '10012', '2026-05-05 10:00:00', '2026-05-05 14:00:00', 15800.0, 'Guarulhos', 'Auditoria', 'MEDIUM', 0),
(46, 'CAR013', '10013', '2026-05-05 08:00:00', '2026-05-05 16:00:00', 25800.0, 'Osasco', 'Vistoria Tacógrafo', 'HIGH', 0),
(47, 'CAR015', '10016', '2026-05-06 09:00:00', '2026-05-06 15:00:00', 12800.0, 'Limeira', 'Fiscalização', 'LOW', 0),
-- Estes 3 estão "Em Andamento" (Sem data de conclusão) e is_active = 1
(48, 'CAR008', '10004', '2026-05-07 07:00:00', '2026-05-07 13:30:00', 95500.0, 'SJC', 'Manutenção corretiva e aferição', 'HIGH', 0),
(49, 'CAR014', '10007', '2026-05-07 08:30:00', '2026-05-07 14:00:00', 4200.0, 'Mogi das Cruzes', 'Transporte Administrativo', 'MEDIUM', 0),
(50, 'CAR020', '10015', '2026-05-07 09:00:00', '2026-05-07 16:30:00', 11800.0, 'Hortolândia', 'Ronda Fiscal', 'MEDIUM', 0);

-- =========================================================================
-- 5.1 ENDEREÇOS DOS SERVIÇOS (Novo bloco acoplado à tabela service_addresses)
-- =========================================================================
INSERT INTO service_addresses (service_id, street, number, neighborhood, city, state, zip_code) VALUES
                                                                                                    (1, 'Avenida Paulista', '1000', 'Bela Vista', 'São Paulo', 'SP', '01310-100'),
                                                                                                    (2, 'Avenida Francisco Glicério', '120', 'Centro', 'Campinas', 'SP', '13012-000'),
                                                                                                    (3, 'Avenida Ana Costa', '500', 'Gonzaga', 'Santos', 'SP', '11060-001'),
                                                                                                    (4, 'Avenida Dom Aguirre', '200', 'Centro', 'Sorocaba', 'SP', '18090-000'),
                                                                                                    (5, 'Avenida Jundiaí', '150', 'Anhangabaú', 'Jundiaí', 'SP', '13208-051'),
                                                                                                    (6, 'Rua Rubião Júnior', '84', 'Centro', 'SJC', 'SP', '12210-180'),
                                                                                                    (7, 'Avenida Marechal Deodoro', '300', 'Centro', 'Taubaté', 'SP', '12010-000'),
                                                                                                    (8, 'Rua Barão de Jacareí', '450', 'Centro', 'Jacareí', 'SP', '12308-001'),
                                                                                                    (9, 'Avenida Paulo Faccini', '100', 'Macedo', 'Guarulhos', 'SP', '07115-000'),
                                                                                                    (10, 'Avenida dos Autonomistas', '3000', 'Centro', 'Osasco', 'SP', '06090-010'),
                                                                                                    (11, 'Rua Tiradentes', '123', 'Centro', 'Limeira', 'SP', '13480-080'),
                                                                                                    (12, 'Avenida Vereador Narciso Yague', '55', 'Centro', 'Mogi das Cruzes', 'SP', '08780-000'),
                                                                                                    (13, 'Alameda Rio Negro', '500', 'Alphaville', 'Barueri', 'SP', '06454-000'),
                                                                                                    (14, 'Avenida Carvalho Pinto', '200', 'Centro', 'Atibaia', 'SP', '12940-000'),
                                                                                                    (15, 'Rua do Porto', '100', 'Centro', 'Piracicaba', 'SP', '13400-000'),
                                                                                                    (16, 'Avenida dos Esportes', '30', 'Centro', 'Valinhos', 'SP', '13270-000'),
                                                                                                    (17, 'Rua Luiz Camilo de Camargo', '90', 'Centro', 'Hortolândia', 'SP', '13184-000'),
                                                                                                    (18, 'Avenida Cassiano Ricardo', '300', 'Jardim Aquarius', 'SJC', 'SP', '12246-870'),
                                                                                                    (19, 'Rua Luiz Simon', '40', 'Centro', 'Jacareí', 'SP', '12327-020'),
                                                                                                    (20, 'Praça Dom Epaminondas', '12', 'Centro', 'Taubaté', 'SP', '12010-020'),
                                                                                                    (21, 'Rua Augusta', '1500', 'Consolação', 'São Paulo', 'SP', '01305-100'),
                                                                                                    (22, 'Rua Conceição', '200', 'Centro', 'Campinas', 'SP', '13010-050'),
                                                                                                    (23, 'Rua São Bento', '50', 'Centro', 'Sorocaba', 'SP', '18010-040'),
                                                                                                    (24, 'Rua XV de Novembro', '100', 'Centro', 'SJC', 'SP', '12210-000'),
                                                                                                    (25, 'Rodovia Presidente Dutra', 'Km 160', 'Parque Meia Lua', 'Jacareí', 'SP', '12335-000'),
                                                                                                    (26, 'Avenida Tiradentes', '800', 'Centro', 'Taubaté', 'SP', '12030-000'),
                                                                                                    (27, 'Rua Dom Pedro II', '30', 'Centro', 'Guarulhos', 'SP', '07011-001'),
                                                                                                    (28, 'Avenida Bussocaba', '300', 'Vila Campesina', 'Osasco', 'SP', '06023-020'),
                                                                                                    (29, 'Rua Carlos Gomes', '10', 'Centro', 'Limeira', 'SP', '13480-000'),
                                                                                                    (30, 'Rua Coronel Souza Franco', '50', 'Centro', 'Mogi das Cruzes', 'SP', '08710-000'),
                                                                                                    (31, 'Avenida Doutor Dib Sauaia', '100', 'Jardim Paulista', 'Barueri', 'SP', '06440-000'),
                                                                                                    (32, 'Rua José Alvim', '20', 'Centro', 'Atibaia', 'SP', '12940-000'),
                                                                                                    (33, 'Rua XV de Novembro', '300', 'Centro', 'Piracicaba', 'SP', '13400-000'),
                                                                                                    (34, 'Avenida Invernada', '40', 'Vila Santana', 'Valinhos', 'SP', '13271-000'),
                                                                                                    (35, 'Rua Zacarias Costa Camargo', '100', 'Centro', 'Hortolândia', 'SP', '13184-000'),
                                                                                                    (36, 'Avenida Andromeda', '800', 'Jardim Satélite', 'SJC', 'SP', '12230-000'),
                                                                                                    (37, 'Avenida Siqueira Campos', '200', 'Centro', 'Jacareí', 'SP', '12308-000'),
                                                                                                    (38, 'Rua Visconde do Rio Branco', '30', 'Centro', 'Taubaté', 'SP', '12020-000'),
                                                                                                    (39, 'Avenida Brigadeiro Faria Lima', '2000', 'Pinheiros', 'São Paulo', 'SP', '01451-000'),
                                                                                                    (40, 'Avenida Norte Sul', '1000', 'Cambuí', 'Campinas', 'SP', '13025-000'),
                                                                                                    (41, 'Avenida Itavuvu', '2500', 'Jardim Maria Antonia Prado', 'Sorocaba', 'SP', '18076-000'),
                                                                                                    (42, 'Rua Paraibuna', '800', 'Jardim São Dimas', 'SJC', 'SP', '12245-020'),
                                                                                                    (43, 'Rua Rui Barbosa', '40', 'Centro', 'Jacareí', 'SP', '12308-000'),
                                                                                                    (44, 'Avenida Independência', '500', 'Independência', 'Taubaté', 'SP', '12031-000'),
                                                                                                    (45, 'Avenida Monteiro Lobato', '300', 'Centro', 'Guarulhos', 'SP', '07112-000'),
                                                                                                    (46, 'Avenida Brasil', '400', 'Rochdale', 'Osasco', 'SP', '06210-000'),
                                                                                                    (47, 'Rua Senador Vergueiro', '10', 'Centro', 'Limeira', 'SP', '13480-000'),
                                                                                                    (48, 'Rodovia Tamoios', 'Km 5', 'Jardim Uira', 'SJC', 'SP', '12227-000'),
                                                                                                    (49, 'Avenida Japão', '150', 'Alto Ipiranga', 'Mogi das Cruzes', 'SP', '08730-000'),
                                                                                                    (50, 'Avenida Olívio Franceschini', '400', 'Centro', 'Hortolândia', 'SP', '13184-000');


-- =========================================================================
-- 6. REGISTROS
-- =========================================================================
INSERT INTO records (id, service_id, record_type, record_date, record_km, note) VALUES

                                                                                    (1, 1, 'CHECK_OUT', '2026-01-05 08:00:00', 15000.0, 'Saída SP'),
                                                                                    (2, 1, 'REFUELING', '2026-01-05 10:00:00', 15100.0, 'Posto BR'),
                                                                                    (3, 2, 'CHECK_OUT', '2026-01-10 09:00:00', 8900.0, 'Saída Campinas'),
                                                                                    (4, 2, 'REFUELING', '2026-01-10 11:00:00', 9000.0, 'Posto Shell'),
                                                                                    (5, 3, 'CHECK_OUT', '2026-01-15 07:30:00', 5500.0, 'Saída Santos'),
                                                                                    (6, 3, 'REFUELING', '2026-01-15 10:00:00', 5700.0, 'Posto Ale'),
                                                                                    (7, 4, 'CHECK_OUT', '2026-01-18 08:00:00', 22000.0, 'Saída Sorocaba'),
                                                                                    (8, 4, 'REFUELING', '2026-01-18 12:00:00', 22200.0, 'Posto Ipiranga'),
                                                                                    (9, 5, 'CHECK_OUT', '2026-01-20 10:00:00', 30000.0, 'Saída Jundiaí'),
                                                                                    (10, 5, 'REFUELING', '2026-01-20 12:00:00', 30200.0, 'Posto BR'),
                                                                                    (11, 6, 'CHECK_OUT', '2026-01-23 08:00:00', 95000.0, 'Saída SJC'),
                                                                                    (12, 6, 'REFUELING', '2026-01-23 11:00:00', 95150.0, 'Posto Rede'),
                                                                                    (13, 7, 'CHECK_OUT', '2026-01-25 09:00:00', 5000.0, 'Saída Taubaté'),
                                                                                    (14, 7, 'REFUELING', '2026-01-25 10:30:00', 5200.0, 'Posto BR'),
                                                                                    (15, 8, 'CHECK_OUT', '2026-01-28 08:30:00', 4000.0, 'Saída Jacareí'),
                                                                                    (16, 8, 'REFUELING', '2026-01-28 12:00:00', 4200.0, 'Posto Shell'),
                                                                                    (17, 9, 'CHECK_OUT', '2026-01-30 07:00:00', 1000.0, 'Saída Guarulhos'),
                                                                                    (18, 9, 'REFUELING', '2026-01-30 09:00:00', 1150.0, 'Posto Ipiranga'),
                                                                                    (19, 10, 'CHECK_OUT', '2026-01-31 08:00:00', 15000.0, 'Saída Osasco'),
                                                                                    (20, 10, 'REFUELING', '2026-01-31 11:00:00', 15250.0, 'Posto Ale'),
                                                                                    (21, 11, 'CHECK_OUT', '2026-02-04 08:00:00', 25000.0, 'Saída Limeira'),
                                                                                    (22, 11, 'REFUELING', '2026-02-04 10:00:00', 25200.0, 'Posto BR'),
                                                                                    (23, 12, 'CHECK_OUT', '2026-02-06 07:30:00', 3500.0, 'Saída Mogi'),
                                                                                    (24, 12, 'REFUELING', '2026-02-06 09:00:00', 3700.0, 'Posto Shell'),
                                                                                    (25, 13, 'CHECK_OUT', '2026-02-09 09:00:00', 12000.0, 'Saída Barueri'),
                                                                                    (26, 13, 'REFUELING', '2026-02-09 11:00:00', 12250.0, 'Posto BR'),
                                                                                    (27, 14, 'CHECK_OUT', '2026-02-12 08:00:00', 18000.0, 'Saída Atibaia'),
                                                                                    (28, 14, 'REFUELING', '2026-02-12 10:00:00', 18100.0, 'Posto Graal'),
                                                                                    (29, 15, 'CHECK_OUT', '2026-02-15 08:00:00', 5000.0, 'Saída Piracicaba'),
                                                                                    (30, 15, 'REFUELING', '2026-02-15 10:00:00', 5250.0, 'Posto Ipiranga'),
                                                                                    (31, 16, 'CHECK_OUT', '2026-02-18 08:00:00', 8000.0, 'Saída Valinhos'),
                                                                                    (32, 16, 'REFUELING', '2026-02-18 10:00:00', 8150.0, 'Posto Shell'),
                                                                                    (33, 17, 'CHECK_OUT', '2026-02-20 08:00:00', 11000.0, 'Saída Hortolândia'),
                                                                                    (34, 17, 'REFUELING', '2026-02-20 10:00:00', 11200.0, 'Posto BR'),
                                                                                    (35, 18, 'CHECK_OUT', '2026-02-23 09:00:00', 15300.0, 'Saída SJC'),
                                                                                    (36, 18, 'REFUELING', '2026-02-23 11:00:00', 15450.0, 'Posto Ipiranga'),
                                                                                    (37, 19, 'CHECK_OUT', '2026-02-25 08:00:00', 45500.0, 'Saída Jacareí'),
                                                                                    (38, 19, 'REFUELING', '2026-02-25 10:00:00', 45700.0, 'Posto Shell'),
                                                                                    (39, 20, 'CHECK_OUT', '2026-02-28 08:00:00', 9300.0, 'Saída Taubaté'),
                                                                                    (40, 20, 'REFUELING', '2026-02-28 10:00:00', 9450.0, 'Posto BR'),
                                                                                    (41, 21, 'CHECK_OUT', '2026-03-02 08:00:00', 6000.0, 'Saída SP'),
                                                                                    (42, 21, 'REFUELING', '2026-03-02 10:00:00', 6150.0, 'Posto BR'),
                                                                                    (43, 22, 'CHECK_OUT', '2026-03-05 09:00:00', 22500.0, 'Saída Campinas'),
                                                                                    (44, 22, 'REFUELING', '2026-03-05 11:00:00', 22700.0, 'Posto Ale'),
                                                                                    (45, 23, 'CHECK_OUT', '2026-03-08 07:30:00', 30500.0, 'Saída Sorocaba'),
                                                                                    (46, 23, 'REFUELING', '2026-03-08 09:30:00', 30700.0, 'Posto Graal'),
                                                                                    (47, 24, 'CHECK_OUT', '2026-03-12 10:00:00', 95200.0, 'Saída SJC'),
                                                                                    (48, 24, 'REFUELING', '2026-03-12 12:00:00', 95400.0, 'Posto BR'),
                                                                                    (49, 25, 'CHECK_OUT', '2026-03-15 08:00:00', 5500.0, 'Saída Jacareí'),
                                                                                    (50, 25, 'REFUELING', '2026-03-15 10:00:00', 5650.0, 'Posto Ipiranga'),
                                                                                    (51, 26, 'CHECK_OUT', '2026-03-18 08:30:00', 4500.0, 'Saída Taubaté'),
                                                                                    (52, 26, 'REFUELING', '2026-03-18 10:30:00', 4700.0, 'Posto Shell'),
                                                                                    (53, 27, 'CHECK_OUT', '2026-03-21 07:00:00', 1500.0, 'Saída Guarulhos'),
                                                                                    (54, 27, 'REFUELING', '2026-03-21 09:00:00', 1650.0, 'Posto BR'),
                                                                                    (55, 28, 'CHECK_OUT', '2026-03-24 09:00:00', 15500.0, 'Saída Osasco'),
                                                                                    (56, 28, 'REFUELING', '2026-03-24 11:00:00', 15700.0, 'Posto Ale'),
                                                                                    (57, 29, 'CHECK_OUT', '2026-03-27 08:00:00', 25500.0, 'Saída Limeira'),
                                                                                    (58, 29, 'REFUELING', '2026-03-27 10:00:00', 25700.0, 'Posto Ipiranga'),
                                                                                    (59, 30, 'CHECK_OUT', '2026-03-30 08:00:00', 4000.0, 'Saída Mogi'),
                                                                                    (60, 30, 'REFUELING', '2026-03-30 10:00:00', 4200.0, 'Posto Graal'),
                                                                                    (61, 31, 'CHECK_OUT', '2026-04-03 08:00:00', 12500.0, 'Saída Barueri'),
                                                                                    (62, 31, 'REFUELING', '2026-04-03 10:00:00', 12700.0, 'Posto BR'),
                                                                                    (63, 32, 'CHECK_OUT', '2026-04-06 09:00:00', 18500.0, 'Saída Atibaia'),
                                                                                    (64, 32, 'REFUELING', '2026-04-06 11:00:00', 18700.0, 'Posto Ipiranga'),
                                                                                    (65, 33, 'CHECK_OUT', '2026-04-09 07:30:00', 5500.0, 'Saída Piracicaba'),
                                                                                    (66, 33, 'REFUELING', '2026-04-09 09:30:00', 5700.0, 'Posto Shell'),
                                                                                    (67, 34, 'CHECK_OUT', '2026-04-12 08:00:00', 8500.0, 'Saída Valinhos'),
                                                                                    (68, 34, 'REFUELING', '2026-04-12 10:00:00', 8700.0, 'Posto Ale'),
                                                                                    (69, 35, 'CHECK_OUT', '2026-04-15 10:00:00', 11500.0, 'Saída Hortolândia'),
                                                                                    (70, 35, 'REFUELING', '2026-04-15 12:00:00', 11700.0, 'Posto BR'),
                                                                                    (71, 36, 'CHECK_OUT', '2026-04-18 08:00:00', 15600.0, 'Saída SJC'),
                                                                                    (72, 36, 'REFUELING', '2026-04-18 10:00:00', 15800.0, 'Posto Ipiranga'),
                                                                                    (73, 37, 'CHECK_OUT', '2026-04-21 09:00:00', 46000.0, 'Saída Jacareí'),
                                                                                    (74, 37, 'REFUELING', '2026-04-21 11:00:00', 46200.0, 'Posto Shell'),
                                                                                    (75, 38, 'CHECK_OUT', '2026-04-24 08:30:00', 9600.0, 'Saída Taubaté'),
                                                                                    (76, 38, 'REFUELING', '2026-04-24 10:30:00', 9800.0, 'Posto BR'),
                                                                                    (77, 39, 'CHECK_OUT', '2026-04-27 07:00:00', 6500.0, 'Saída SP'),
                                                                                    (78, 39, 'REFUELING', '2026-04-27 09:00:00', 6700.0, 'Posto Ale'),
                                                                                    (79, 40, 'CHECK_OUT', '2026-04-30 08:00:00', 23000.0, 'Saída Campinas'),
                                                                                    (80, 40, 'REFUELING', '2026-04-30 10:00:00', 23200.0, 'Posto Graal'),
                                                                                    (81, 41, 'CHECK_OUT', '2026-05-02 08:00:00', 31000.0, 'Saída Sorocaba'),
                                                                                    (82, 41, 'REFUELING', '2026-05-02 10:00:00', 31200.0, 'Posto BR'),
                                                                                    (83, 42, 'CHECK_OUT', '2026-05-03 09:00:00', 5800.0, 'Saída SJC'),
                                                                                    (84, 42, 'REFUELING', '2026-05-03 11:00:00', 6000.0, 'Posto Shell'),
                                                                                    (85, 43, 'CHECK_OUT', '2026-05-04 07:30:00', 4800.0, 'Saída Jacareí'),
                                                                                    (86, 43, 'REFUELING', '2026-05-04 09:30:00', 5000.0, 'Posto Ipiranga'),
                                                                                    (87, 44, 'CHECK_OUT', '2026-05-04 08:00:00', 1800.0, 'Saída Taubaté'),
                                                                                    (88, 44, 'REFUELING', '2026-05-04 10:00:00', 2000.0, 'Posto BR'),
                                                                                    (89, 45, 'CHECK_OUT', '2026-05-05 10:00:00', 15800.0, 'Saída Guarulhos'),
                                                                                    (90, 45, 'REFUELING', '2026-05-05 12:00:00', 16000.0, 'Posto Ale'),
                                                                                    (91, 46, 'CHECK_OUT', '2026-05-05 08:00:00', 25800.0, 'Saída Osasco'),
                                                                                    (92, 46, 'REFUELING', '2026-05-05 10:00:00', 26000.0, 'Posto Ipiranga'),
                                                                                    (93, 47, 'CHECK_OUT', '2026-05-06 09:00:00', 12800.0, 'Saída Limeira'),
                                                                                    (94, 47, 'REFUELING', '2026-05-06 11:00:00', 13000.0, 'Posto Shell'),
                                                                                    (95, 48, 'CHECK_OUT', '2026-05-07 07:00:00', 95500.0, 'Saída SJC - Em Andamento'),
                                                                                    (96, 48, 'REFUELING', '2026-05-07 08:00:00', 95550.0, 'Posto BR'),
                                                                                    (97, 49, 'CHECK_OUT', '2026-05-07 08:30:00', 4200.0, 'Saída Mogi - Em Andamento'),
                                                                                    (98, 49, 'REFUELING', '2026-05-07 09:30:00', 4250.0, 'Posto Ale'),
                                                                                    (99, 50, 'CHECK_OUT', '2026-05-07 09:00:00', 11800.0, 'Saída Hortolândia - Em Andamento'),
                                                                                    (100, 50, 'REFUELING', '2026-05-07 10:00:00', 11850.0, 'Posto Ipiranga'),

-- Servico 1
                                                                                    (101, 1, 'ARRIVAL_AT_LOCATION', '2026-01-05 11:30:00', 15150.0, 'Chegada ao local do serviço'),
                                                                                    (102, 1, 'SERVICE_COMPLETION', '2026-01-05 15:30:00', 15150.0, 'Serviço finalizado, preparando retorno'),
                                                                                    (103, 1, 'RETURN_TRIP', '2026-01-05 15:45:00', 15150.0, 'Início da viagem de retorno'),
                                                                                    (104, 1, 'CHECK_IN', '2026-01-05 17:00:00', 15300.0, 'Retorno à base'),
-- Servico 2
                                                                                    (105, 2, 'ARRIVAL_AT_LOCATION', '2026-01-10 12:00:00', 9050.0, 'Chegada ao local do serviço'),
                                                                                    (106, 2, 'SERVICE_COMPLETION', '2026-01-10 15:00:00', 9050.0, 'Serviço finalizado, preparando retorno'),
                                                                                    (107, 2, 'RETURN_TRIP', '2026-01-10 15:15:00', 9050.0, 'Início da viagem de retorno'),
                                                                                    (108, 2, 'CHECK_IN', '2026-01-10 16:30:00', 9150.0, 'Retorno à base'),
-- Servico 3
                                                                                    (109, 3, 'ARRIVAL_AT_LOCATION', '2026-01-15 11:00:00', 5750.0, 'Chegada ao local do serviço'),
                                                                                    (110, 3, 'SERVICE_COMPLETION', '2026-01-15 13:30:00', 5750.0, 'Serviço finalizado, preparando retorno'),
                                                                                    (111, 3, 'RETURN_TRIP', '2026-01-15 13:45:00', 5750.0, 'Início da viagem de retorno'),
                                                                                    (112, 3, 'CHECK_IN', '2026-01-15 15:00:00', 5850.0, 'Retorno à base'),
-- Servico 4
                                                                                    (113, 4, 'ARRIVAL_AT_LOCATION', '2026-01-18 13:30:00', 22250.0, 'Chegada ao local do serviço'),
                                                                                    (114, 4, 'SERVICE_COMPLETION', '2026-01-18 16:00:00', 22250.0, 'Serviço finalizado, preparando retorno'),
                                                                                    (115, 4, 'RETURN_TRIP', '2026-01-18 16:30:00', 22250.0, 'Início da viagem de retorno'),
                                                                                    (116, 4, 'CHECK_IN', '2026-01-18 18:00:00', 22400.0, 'Retorno à base'),
-- Servico 5
                                                                                    (117, 5, 'ARRIVAL_AT_LOCATION', '2026-01-20 12:30:00', 30220.0, 'Chegada ao local do serviço'),
                                                                                    (118, 5, 'SERVICE_COMPLETION', '2026-01-20 13:15:00', 30220.0, 'Serviço finalizado, preparando retorno'),
                                                                                    (119, 5, 'RETURN_TRIP', '2026-01-20 13:20:00', 30220.0, 'Início da viagem de retorno'),
                                                                                    (120, 5, 'CHECK_IN', '2026-01-20 14:00:00', 30280.0, 'Retorno à base'),
-- Servico 6 a 10
                                                                                    (121, 6, 'ARRIVAL_AT_LOCATION', '2026-01-23 12:30:00', 95200.0, 'Chegada'), (122, 6, 'SERVICE_COMPLETION', '2026-01-23 14:30:00', 95200.0, 'Fim do Servico'), (123, 6, 'RETURN_TRIP', '2026-01-23 14:45:00', 95200.0, 'Retornando'), (124, 6, 'CHECK_IN', '2026-01-23 16:00:00', 95350.0, 'Base'),
                                                                                    (125, 7, 'ARRIVAL_AT_LOCATION', '2026-01-25 11:00:00', 5250.0, 'Chegada'), (126, 7, 'SERVICE_COMPLETION', '2026-01-25 11:30:00', 5250.0, 'Fim do Servico'), (127, 7, 'RETURN_TRIP', '2026-01-25 11:40:00', 5250.0, 'Retornando'), (128, 7, 'CHECK_IN', '2026-01-25 12:00:00', 5300.0, 'Base'),
                                                                                    (129, 8, 'ARRIVAL_AT_LOCATION', '2026-01-28 13:00:00', 4250.0, 'Chegada'), (130, 8, 'SERVICE_COMPLETION', '2026-01-28 16:00:00', 4250.0, 'Fim do Servico'), (131, 8, 'RETURN_TRIP', '2026-01-28 16:15:00', 4250.0, 'Retornando'), (132, 8, 'CHECK_IN', '2026-01-28 17:30:00', 4400.0, 'Base'),
                                                                                    (133, 9, 'ARRIVAL_AT_LOCATION', '2026-01-30 10:00:00', 1200.0, 'Chegada'), (134, 9, 'SERVICE_COMPLETION', '2026-01-30 13:00:00', 1200.0, 'Fim do Servico'), (135, 9, 'RETURN_TRIP', '2026-01-30 13:30:00', 1200.0, 'Retornando'), (136, 9, 'CHECK_IN', '2026-01-30 15:00:00', 1350.0, 'Base'),
                                                                                    (137, 10, 'ARRIVAL_AT_LOCATION', '2026-01-31 12:00:00', 15300.0, 'Chegada'), (138, 10, 'SERVICE_COMPLETION', '2026-01-31 14:00:00', 15300.0, 'Fim do Servico'), (139, 10, 'RETURN_TRIP', '2026-01-31 14:30:00', 15300.0, 'Retornando'), (140, 10, 'CHECK_IN', '2026-01-31 16:00:00', 15450.0, 'Base'),

-- Servico 11 a 20
                                                                                    (141, 11, 'ARRIVAL_AT_LOCATION', '2026-02-04 11:30:00', 25250.0, 'Chegada'), (142, 11, 'SERVICE_COMPLETION', '2026-02-04 15:00:00', 25250.0, 'Fim'), (143, 11, 'RETURN_TRIP', '2026-02-04 15:15:00', 25250.0, 'Retornando'), (144, 11, 'CHECK_IN', '2026-02-04 17:00:00', 25400.0, 'Base'),
                                                                                    (145, 12, 'ARRIVAL_AT_LOCATION', '2026-02-06 10:00:00', 3750.0, 'Chegada'), (146, 12, 'SERVICE_COMPLETION', '2026-02-06 13:00:00', 3750.0, 'Fim'), (147, 12, 'RETURN_TRIP', '2026-02-06 13:15:00', 3750.0, 'Retornando'), (148, 12, 'CHECK_IN', '2026-02-06 14:30:00', 3850.0, 'Base'),
                                                                                    (149, 13, 'ARRIVAL_AT_LOCATION', '2026-02-09 12:30:00', 12300.0, 'Chegada'), (150, 13, 'SERVICE_COMPLETION', '2026-02-09 16:00:00', 12300.0, 'Fim'), (151, 13, 'RETURN_TRIP', '2026-02-09 16:30:00', 12300.0, 'Retornando'), (152, 13, 'CHECK_IN', '2026-02-09 18:00:00', 12450.0, 'Base'),
                                                                                    (153, 14, 'ARRIVAL_AT_LOCATION', '2026-02-12 11:30:00', 18150.0, 'Chegada'), (154, 14, 'SERVICE_COMPLETION', '2026-02-12 14:00:00', 18150.0, 'Fim'), (155, 14, 'RETURN_TRIP', '2026-02-12 14:30:00', 18150.0, 'Retornando'), (156, 14, 'CHECK_IN', '2026-02-12 16:00:00', 18300.0, 'Base'),
                                                                                    (157, 15, 'ARRIVAL_AT_LOCATION', '2026-02-15 11:00:00', 5300.0, 'Chegada'), (158, 15, 'SERVICE_COMPLETION', '2026-02-15 14:00:00', 5300.0, 'Fim'), (159, 15, 'RETURN_TRIP', '2026-02-15 14:15:00', 5300.0, 'Retornando'), (160, 15, 'CHECK_IN', '2026-02-15 15:30:00', 5450.0, 'Base'),
                                                                                    (161, 16, 'ARRIVAL_AT_LOCATION', '2026-02-18 11:30:00', 8200.0, 'Chegada'), (162, 16, 'SERVICE_COMPLETION', '2026-02-18 15:00:00', 8200.0, 'Fim'), (163, 16, 'RETURN_TRIP', '2026-02-18 15:30:00', 8200.0, 'Retornando'), (164, 16, 'CHECK_IN', '2026-02-18 17:00:00', 8350.0, 'Base'),
                                                                                    (165, 17, 'ARRIVAL_AT_LOCATION', '2026-02-20 11:30:00', 11250.0, 'Chegada'), (166, 17, 'SERVICE_COMPLETION', '2026-02-20 14:30:00', 11250.0, 'Fim'), (167, 17, 'RETURN_TRIP', '2026-02-20 15:00:00', 11250.0, 'Retornando'), (168, 17, 'CHECK_IN', '2026-02-20 16:30:00', 11400.0, 'Base'),
                                                                                    (169, 18, 'ARRIVAL_AT_LOCATION', '2026-02-23 12:30:00', 15500.0, 'Chegada'), (170, 18, 'SERVICE_COMPLETION', '2026-02-23 16:00:00', 15500.0, 'Fim'), (171, 18, 'RETURN_TRIP', '2026-02-23 16:30:00', 15500.0, 'Retornando'), (172, 18, 'CHECK_IN', '2026-02-23 18:00:00', 15650.0, 'Base'),
                                                                                    (173, 19, 'ARRIVAL_AT_LOCATION', '2026-02-25 11:30:00', 45750.0, 'Chegada'), (174, 19, 'SERVICE_COMPLETION', '2026-02-25 15:00:00', 45750.0, 'Fim'), (175, 19, 'RETURN_TRIP', '2026-02-25 15:30:00', 45750.0, 'Retornando'), (176, 19, 'CHECK_IN', '2026-02-25 17:00:00', 45900.0, 'Base'),
                                                                                    (177, 20, 'ARRIVAL_AT_LOCATION', '2026-02-28 11:00:00', 9500.0, 'Chegada'), (178, 20, 'SERVICE_COMPLETION', '2026-02-28 12:30:00', 9500.0, 'Fim'), (179, 20, 'RETURN_TRIP', '2026-02-28 12:45:00', 9500.0, 'Retornando'), (180, 20, 'CHECK_IN', '2026-02-28 14:00:00', 9650.0, 'Base'),

-- Servico 21 a 30
                                                                                    (181, 21, 'ARRIVAL_AT_LOCATION', '2026-03-02 11:30:00', 6200.0, 'Chegada'), (182, 21, 'SERVICE_COMPLETION', '2026-03-02 15:00:00', 6200.0, 'Fim'), (183, 21, 'RETURN_TRIP', '2026-03-02 15:30:00', 6200.0, 'Retornando'), (184, 21, 'CHECK_IN', '2026-03-02 17:00:00', 6350.0, 'Base'),
                                                                                    (185, 22, 'ARRIVAL_AT_LOCATION', '2026-03-05 12:30:00', 22750.0, 'Chegada'), (186, 22, 'SERVICE_COMPLETION', '2026-03-05 14:30:00', 22750.0, 'Fim'), (187, 22, 'RETURN_TRIP', '2026-03-05 14:45:00', 22750.0, 'Retornando'), (188, 22, 'CHECK_IN', '2026-03-05 16:00:00', 22900.0, 'Base'),
                                                                                    (189, 23, 'ARRIVAL_AT_LOCATION', '2026-03-08 11:00:00', 30750.0, 'Chegada'), (190, 23, 'SERVICE_COMPLETION', '2026-03-08 12:30:00', 30750.0, 'Fim'), (191, 23, 'RETURN_TRIP', '2026-03-08 13:00:00', 30750.0, 'Retornando'), (192, 23, 'CHECK_IN', '2026-03-08 14:30:00', 30900.0, 'Base'),
                                                                                    (193, 24, 'ARRIVAL_AT_LOCATION', '2026-03-12 13:30:00', 95450.0, 'Chegada'), (194, 24, 'SERVICE_COMPLETION', '2026-03-12 16:00:00', 95450.0, 'Fim'), (195, 24, 'RETURN_TRIP', '2026-03-12 16:30:00', 95450.0, 'Retornando'), (196, 24, 'CHECK_IN', '2026-03-12 18:00:00', 95600.0, 'Base'),
                                                                                    (197, 25, 'ARRIVAL_AT_LOCATION', '2026-03-15 11:30:00', 5700.0, 'Chegada'), (198, 25, 'SERVICE_COMPLETION', '2026-03-15 13:30:00', 5700.0, 'Fim'), (199, 25, 'RETURN_TRIP', '2026-03-15 13:45:00', 5700.0, 'Retornando'), (200, 25, 'CHECK_IN', '2026-03-15 15:00:00', 5850.0, 'Base'),
                                                                                    (201, 26, 'ARRIVAL_AT_LOCATION', '2026-03-18 12:00:00', 4750.0, 'Chegada'), (202, 26, 'SERVICE_COMPLETION', '2026-03-18 14:30:00', 4750.0, 'Fim'), (203, 26, 'RETURN_TRIP', '2026-03-18 15:00:00', 4750.0, 'Retornando'), (204, 26, 'CHECK_IN', '2026-03-18 16:30:00', 4900.0, 'Base'),
                                                                                    (205, 27, 'ARRIVAL_AT_LOCATION', '2026-03-21 10:30:00', 1700.0, 'Chegada'), (206, 27, 'SERVICE_COMPLETION', '2026-03-21 12:30:00', 1700.0, 'Fim'), (207, 27, 'RETURN_TRIP', '2026-03-21 12:45:00', 1700.0, 'Retornando'), (208, 27, 'CHECK_IN', '2026-03-21 14:00:00', 1850.0, 'Base'),
                                                                                    (209, 28, 'ARRIVAL_AT_LOCATION', '2026-03-24 12:30:00', 15750.0, 'Chegada'), (210, 28, 'SERVICE_COMPLETION', '2026-03-24 15:30:00', 15750.0, 'Fim'), (211, 28, 'RETURN_TRIP', '2026-03-24 16:00:00', 15750.0, 'Retornando'), (212, 28, 'CHECK_IN', '2026-03-24 17:30:00', 15900.0, 'Base'),
                                                                                    (213, 29, 'ARRIVAL_AT_LOCATION', '2026-03-27 11:30:00', 25750.0, 'Chegada'), (214, 29, 'SERVICE_COMPLETION', '2026-03-27 14:00:00', 25750.0, 'Fim'), (215, 29, 'RETURN_TRIP', '2026-03-27 14:30:00', 25750.0, 'Retornando'), (216, 29, 'CHECK_IN', '2026-03-27 16:00:00', 25900.0, 'Base'),
                                                                                    (217, 30, 'ARRIVAL_AT_LOCATION', '2026-03-30 11:30:00', 4250.0, 'Chegada'), (218, 30, 'SERVICE_COMPLETION', '2026-03-30 13:30:00', 4250.0, 'Fim'), (219, 30, 'RETURN_TRIP', '2026-03-30 14:00:00', 4250.0, 'Retornando'), (220, 30, 'CHECK_IN', '2026-03-30 15:30:00', 4400.0, 'Base'),

-- Servico 31 a 40
                                                                                    (221, 31, 'ARRIVAL_AT_LOCATION', '2026-04-03 11:30:00', 12750.0, 'Chegada'), (222, 31, 'SERVICE_COMPLETION', '2026-04-03 14:00:00', 12750.0, 'Fim'), (223, 31, 'RETURN_TRIP', '2026-04-03 14:30:00', 12750.0, 'Retornando'), (224, 31, 'CHECK_IN', '2026-04-03 16:00:00', 12900.0, 'Base'),
                                                                                    (225, 32, 'ARRIVAL_AT_LOCATION', '2026-04-06 12:30:00', 18750.0, 'Chegada'), (226, 32, 'SERVICE_COMPLETION', '2026-04-06 15:00:00', 18750.0, 'Fim'), (227, 32, 'RETURN_TRIP', '2026-04-06 15:30:00', 18750.0, 'Retornando'), (228, 32, 'CHECK_IN', '2026-04-06 17:00:00', 18900.0, 'Base'),
                                                                                    (229, 33, 'ARRIVAL_AT_LOCATION', '2026-04-09 11:00:00', 5750.0, 'Chegada'), (230, 33, 'SERVICE_COMPLETION', '2026-04-09 13:30:00', 5750.0, 'Fim'), (231, 33, 'RETURN_TRIP', '2026-04-09 14:00:00', 5750.0, 'Retornando'), (232, 33, 'CHECK_IN', '2026-04-09 15:30:00', 5900.0, 'Base'),
                                                                                    (233, 34, 'ARRIVAL_AT_LOCATION', '2026-04-12 11:30:00', 8750.0, 'Chegada'), (234, 34, 'SERVICE_COMPLETION', '2026-04-12 16:00:00', 8750.0, 'Fim'), (235, 34, 'RETURN_TRIP', '2026-04-12 16:30:00', 8750.0, 'Retornando'), (236, 34, 'CHECK_IN', '2026-04-12 18:00:00', 8900.0, 'Base'),
                                                                                    (237, 35, 'ARRIVAL_AT_LOCATION', '2026-04-15 13:30:00', 11750.0, 'Chegada'), (238, 35, 'SERVICE_COMPLETION', '2026-04-15 14:30:00', 11750.0, 'Fim'), (239, 35, 'RETURN_TRIP', '2026-04-15 15:00:00', 11750.0, 'Retornando'), (240, 35, 'CHECK_IN', '2026-04-15 16:00:00', 11900.0, 'Base'),
                                                                                    (241, 36, 'ARRIVAL_AT_LOCATION', '2026-04-18 11:30:00', 15850.0, 'Chegada'), (242, 36, 'SERVICE_COMPLETION', '2026-04-18 13:30:00', 15850.0, 'Fim'), (243, 36, 'RETURN_TRIP', '2026-04-18 13:45:00', 15850.0, 'Retornando'), (244, 36, 'CHECK_IN', '2026-04-18 15:00:00', 16000.0, 'Base'),
                                                                                    (245, 37, 'ARRIVAL_AT_LOCATION', '2026-04-21 12:30:00', 46250.0, 'Chegada'), (246, 37, 'SERVICE_COMPLETION', '2026-04-21 14:30:00', 46250.0, 'Fim'), (247, 37, 'RETURN_TRIP', '2026-04-21 15:00:00', 46250.0, 'Retornando'), (248, 37, 'CHECK_IN', '2026-04-21 16:30:00', 46400.0, 'Base'),
                                                                                    (249, 38, 'ARRIVAL_AT_LOCATION', '2026-04-24 12:00:00', 9850.0, 'Chegada'), (250, 38, 'SERVICE_COMPLETION', '2026-04-24 15:30:00', 9850.0, 'Fim'), (251, 38, 'RETURN_TRIP', '2026-04-24 16:00:00', 9850.0, 'Retornando'), (252, 38, 'CHECK_IN', '2026-04-24 17:30:00', 10000.0, 'Base'),
                                                                                    (253, 39, 'ARRIVAL_AT_LOCATION', '2026-04-27 10:30:00', 6750.0, 'Chegada'), (254, 39, 'SERVICE_COMPLETION', '2026-04-27 13:00:00', 6750.0, 'Fim'), (255, 39, 'RETURN_TRIP', '2026-04-27 13:30:00', 6750.0, 'Retornando'), (256, 39, 'CHECK_IN', '2026-04-27 15:00:00', 6900.0, 'Base'),
                                                                                    (257, 40, 'ARRIVAL_AT_LOCATION', '2026-04-30 11:30:00', 23250.0, 'Chegada'), (258, 40, 'SERVICE_COMPLETION', '2026-04-30 14:00:00', 23250.0, 'Fim'), (259, 40, 'RETURN_TRIP', '2026-04-30 14:30:00', 23250.0, 'Retornando'), (260, 40, 'CHECK_IN', '2026-04-30 16:00:00', 23400.0, 'Base'),

-- Servico 41 a 47
                                                                                    (261, 41, 'ARRIVAL_AT_LOCATION', '2026-05-02 11:30:00', 31250.0, 'Chegada'), (262, 41, 'SERVICE_COMPLETION', '2026-05-02 15:00:00', 31250.0, 'Fim'), (263, 41, 'RETURN_TRIP', '2026-05-02 15:30:00', 31250.0, 'Retornando'), (264, 41, 'CHECK_IN', '2026-05-02 17:00:00', 31400.0, 'Base'),
                                                                                    (265, 42, 'ARRIVAL_AT_LOCATION', '2026-05-03 12:30:00', 6050.0, 'Chegada'), (266, 42, 'SERVICE_COMPLETION', '2026-05-03 14:30:00', 6050.0, 'Fim'), (267, 42, 'RETURN_TRIP', '2026-05-03 15:00:00', 6050.0, 'Retornando'), (268, 42, 'CHECK_IN', '2026-05-03 16:30:00', 6200.0, 'Base'),
                                                                                    (269, 43, 'ARRIVAL_AT_LOCATION', '2026-05-04 11:00:00', 5050.0, 'Chegada'), (270, 43, 'SERVICE_COMPLETION', '2026-05-04 13:00:00', 5050.0, 'Fim'), (271, 43, 'RETURN_TRIP', '2026-05-04 13:30:00', 5050.0, 'Retornando'), (272, 43, 'CHECK_IN', '2026-05-04 15:00:00', 5200.0, 'Base'),
                                                                                    (273, 44, 'ARRIVAL_AT_LOCATION', '2026-05-04 11:30:00', 2050.0, 'Chegada'), (274, 44, 'SERVICE_COMPLETION', '2026-05-04 16:00:00', 2050.0, 'Fim'), (275, 44, 'RETURN_TRIP', '2026-05-04 16:30:00', 2050.0, 'Retornando'), (276, 44, 'CHECK_IN', '2026-05-04 18:00:00', 2200.0, 'Base'),
                                                                                    (277, 45, 'ARRIVAL_AT_LOCATION', '2026-05-05 12:30:00', 16050.0, 'Chegada'), (278, 45, 'SERVICE_COMPLETION', '2026-05-05 13:15:00', 16050.0, 'Fim'), (279, 45, 'RETURN_TRIP', '2026-05-05 13:20:00', 16050.0, 'Retornando'), (280, 45, 'CHECK_IN', '2026-05-05 14:00:00', 16100.0, 'Base'),
                                                                                    (281, 46, 'ARRIVAL_AT_LOCATION', '2026-05-05 11:30:00', 26050.0, 'Chegada'), (282, 46, 'SERVICE_COMPLETION', '2026-05-05 14:00:00', 26050.0, 'Fim'), (283, 46, 'RETURN_TRIP', '2026-05-05 14:30:00', 26050.0, 'Retornando'), (284, 46, 'CHECK_IN', '2026-05-05 16:00:00', 26200.0, 'Base'),
                                                                                    (285, 47, 'ARRIVAL_AT_LOCATION', '2026-05-06 12:30:00', 13050.0, 'Chegada'), (286, 47, 'SERVICE_COMPLETION', '2026-05-06 13:30:00', 13050.0, 'Fim'), (287, 47, 'RETURN_TRIP', '2026-05-06 14:00:00', 13050.0, 'Retornando'), (288, 47, 'CHECK_IN', '2026-05-06 15:00:00', 13200.0, 'Base'),

-- -------------------------------------------------------------------------
-- Servico 48 a 50 (Em Andamento - Apenas as chegadas ao local até o momento)
-- -------------------------------------------------------------------------
                                                                                    (289, 48, 'ARRIVAL_AT_LOCATION', '2026-05-07 09:00:00', 95600.0, 'Técnico chegou e iniciou aferição'),
                                                                                    (290, 49, 'ARRIVAL_AT_LOCATION', '2026-05-07 10:30:00', 4300.0, 'Chegada para transporte'),
                                                                                    (291, 50, 'ARRIVAL_AT_LOCATION', '2026-05-07 11:00:00', 11900.0, 'Chegada no local da ronda'),
                                                                                    (292, 48, 'SERVICE_COMPLETION', '2026-05-07 12:00:00', 95600.0, 'Fim da aferição'),
                                                                                    (293, 48, 'RETURN_TRIP', '2026-05-07 12:15:00', 95600.0, 'Retornando'),
                                                                                    (294, 48, 'CHECK_IN', '2026-05-07 13:30:00', 95700.0, 'Base'),
                                                                                    (295, 49, 'SERVICE_COMPLETION', '2026-05-07 13:00:00', 4300.0, 'Fim do transporte'),
                                                                                    (296, 49, 'RETURN_TRIP', '2026-05-07 13:15:00', 4300.0, 'Retornando'),
                                                                                    (297, 49, 'CHECK_IN', '2026-05-07 14:00:00', 4400.0, 'Base'),
                                                                                    (298, 50, 'SERVICE_COMPLETION', '2026-05-07 15:00:00', 11900.0, 'Fim da ronda'),
                                                                                    (299, 50, 'RETURN_TRIP', '2026-05-07 15:15:00', 11900.0, 'Retornando'),
                                                                                    (300, 50, 'CHECK_IN', '2026-05-07 16:30:00', 12000.0, 'Base');


-- =========================================================================
-- 7. ABASTECIMENTOS
-- =========================================================================
INSERT INTO refuelings (record_id, liters, price_per_liter, total_amount, invoice) VALUES
                                                                                       (2, 50.0, 5.80, 290.00, 'NF1001'), (4, 40.0, 5.75, 230.00, 'NF1002'),
                                                                                       (6, 30.0, 5.90, 177.00, 'NF1003'), (8, 60.0, 5.60, 336.00, 'NF1004'),
                                                                                       (10, 45.0, 5.85, 263.25, 'NF1005'), (12, 55.0, 5.70, 313.50, 'NF1006'),
                                                                                       (14, 35.0, 5.95, 208.25, 'NF1007'), (16, 40.0, 5.80, 232.00, 'NF1008'),
                                                                                       (18, 50.0, 5.75, 287.50, 'NF1009'), (20, 38.0, 5.85, 222.30, 'NF1010'),
                                                                                       (22, 42.0, 5.78, 242.76, 'NF1011'), (24, 55.0, 5.92, 325.60, 'NF1012'),
                                                                                       (26, 48.0, 5.65, 271.20, 'NF1013'), (28, 30.0, 5.80, 174.00, 'NF1014'),
                                                                                       (30, 35.0, 5.75, 201.25, 'NF1015'), (32, 40.0, 5.90, 236.00, 'NF1016'),
                                                                                       (34, 45.0, 5.85, 263.25, 'NF1017'), (36, 50.0, 5.80, 290.00, 'NF1018'),
                                                                                       (38, 30.0, 5.95, 178.50, 'NF1019'), (40, 40.0, 5.80, 232.00, 'NF1020'),
                                                                                       (42, 45.0, 5.85, 263.25, 'NF1021'), (44, 35.0, 5.90, 206.50, 'NF1022'),
                                                                                       (46, 50.0, 5.75, 287.50, 'NF1023'), (48, 60.0, 5.60, 336.00, 'NF1024'),
                                                                                       (50, 48.0, 5.80, 278.40, 'NF1025'), (52, 42.0, 5.85, 245.70, 'NF1026'),
                                                                                       (54, 55.0, 5.70, 313.50, 'NF1027'), (56, 38.0, 5.90, 224.20, 'NF1028'),
                                                                                       (58, 45.0, 5.75, 258.75, 'NF1029'), (60, 50.0, 5.80, 290.00, 'NF1030'),
                                                                                       (62, 35.0, 5.95, 208.25, 'NF1031'), (64, 40.0, 5.85, 234.00, 'NF1032'),
                                                                                       (66, 60.0, 5.65, 339.00, 'NF1033'), (68, 48.0, 5.70, 273.60, 'NF1034'),
                                                                                       (70, 50.0, 5.80, 290.00, 'NF1035'), (72, 42.0, 5.75, 241.50, 'NF1036'),
                                                                                       (74, 55.0, 5.90, 324.50, 'NF1037'), (76, 38.0, 5.85, 222.30, 'NF1038'),
                                                                                       (78, 45.0, 5.80, 261.00, 'NF1039'), (80, 50.0, 5.75, 287.50, 'NF1040'),
                                                                                       (82, 30.0, 5.95, 178.50, 'NF1041'), (84, 40.0, 5.85, 234.00, 'NF1042'),
                                                                                       (86, 60.0, 5.60, 336.00, 'NF1043'), (88, 48.0, 5.70, 273.60, 'NF1044'),
                                                                                       (90, 50.0, 5.80, 290.00, 'NF1045'), (92, 42.0, 5.75, 241.50, 'NF1046'),
                                                                                       (94, 55.0, 5.90, 324.50, 'NF1047'), (96, 38.0, 5.85, 222.30, 'NF1048'),
                                                                                       (98, 45.0, 5.80, 261.00, 'NF1049'), (100, 50.0, 5.75, 287.50, 'NF1050');

-- =========================================================================
-- 8. INCIDENTES
-- =========================================================================
INSERT INTO incidents (id, service_id, incident_type, location, request_support, description) VALUES
                                                                                                  (1, 2, 'DEFECT', 'Rodovia Bandeirantes KM 50', TRUE, 'Pneu furado, aguardando socorro'),
                                                                                                  (2, 22, 'DEFECT', 'Rodovia Dutra KM 120', FALSE, 'Luz da injeção eletrônica acendeu, seguindo devagar'),
                                                                                                  (3, 42, 'DEFECT', 'Avenida Paulista SP', TRUE, 'Bateria arriou, chamando guincho');

-- =========================================================================
-- 9. AUDITORIA ENVERS (Espelho para o Histórico de Chamados)
-- =========================================================================
INSERT INTO revinfo (rev, revtstmp) VALUES
                                        (1, 1767571200000), (2, 1768003200000), (3, 1768435200000), (4, 1768694400000), (5, 1768867200000),
                                        (6, 1769126400000), (7, 1769299200000), (8, 1769558400000), (9, 1769731200000), (10, 1769817600000),
                                        (11, 1770163200000), (12, 1770336000000), (13, 1770595200000), (14, 1770854400000), (15, 1771113600000),
                                        (16, 1771372800000), (17, 1771545600000), (18, 1771804800000), (19, 1771977600000), (20, 1772236800000),
                                        (21, 1772409600000), (22, 1772668800000), (23, 1772928000000), (24, 1773273600000), (25, 1773532800000),
                                        (26, 1773792000000), (27, 1774051200000), (28, 1774310400000), (29, 1774569600000), (30, 1774828800000),
                                        (31, 1775174400000), (32, 1775433600000), (33, 1775692800000), (34, 1775952000000), (35, 1776211200000),
                                        (36, 1776470400000), (37, 1776729600000), (38, 1776988800000), (39, 1777248000000), (40, 1777507200000),
                                        (41, 1777680000000), (42, 1777766400000), (43, 1777852800000), (44, 1777852800000), (45, 1777939200000),
                                        (46, 1777939200000), (47, 1778025600000), (48, 1778112000000), (49, 1778112000000), (50, 1778112000000);

INSERT INTO service_aud (id, rev, revtype, car_prefix, user_registration, departure_time, completion_time, departure_km, destination_requester, description, priority, is_active) VALUES
                                                                                                                                                                                      (1, 1, 0, 'CAR001', '10001', '2026-01-05 08:00:00', '2026-01-05 17:00:00', 15000.0, 'São Paulo', 'Fiscalização de rotina', 'MEDIUM', 0),
                                                                                                                                                                                      (2, 2, 0, 'CAR003', '10003', '2026-01-10 09:00:00', '2026-01-10 16:30:00', 8900.0, 'Campinas', 'Visita Técnica', 'MEDIUM', 0),
                                                                                                                                                                                      (3, 3, 0, 'CAR004', '10004', '2026-01-15 07:30:00', '2026-01-15 15:00:00', 5500.0, 'Santos', 'Transporte', 'HIGH', 0),
                                                                                                                                                                                      (4, 4, 0, 'CAR005', '10006', '2026-01-18 08:00:00', '2026-01-18 18:00:00', 22000.0, 'Sorocaba', 'Reunião Externa', 'MEDIUM', 0),
                                                                                                                                                                                      (5, 5, 0, 'CAR006', '10007', '2026-01-20 10:00:00', '2026-01-20 14:00:00', 30000.0, 'Jundiaí', 'Fiscalização de Radar', 'LOW', 0),
                                                                                                                                                                                      (6, 6, 0, 'CAR008', '10009', '2026-01-23 08:00:00', '2026-01-23 16:00:00', 95000.0, 'SJC', 'Manutenção Preventiva', 'MEDIUM', 0),
                                                                                                                                                                                      (7, 7, 0, 'CAR009', '10010', '2026-01-25 09:00:00', '2026-01-25 12:00:00', 5000.0, 'Taubaté', 'Entrega de Equipamentos', 'LOW', 0),
                                                                                                                                                                                      (8, 8, 0, 'CAR010', '10011', '2026-01-28 08:30:00', '2026-01-28 17:30:00', 4000.0, 'Jacareí', 'Verificação Local', 'MEDIUM', 0),
                                                                                                                                                                                      (9, 9, 0, 'CAR011', '10012', '2026-01-30 07:00:00', '2026-01-30 15:00:00', 1000.0, 'Guarulhos', 'Visita Técnicaização', 'HIGH', 0),
                                                                                                                                                                                      (10, 10, 0, 'CAR012', '10013', '2026-01-31 08:00:00', '2026-01-31 16:00:00', 15000.0, 'Osasco', 'Fiscalização de Postos', 'MEDIUM', 0),
                                                                                                                                                                                      (11, 11, 0, 'CAR013', '10014', '2026-02-04 08:00:00', '2026-02-04 17:00:00', 25000.0, 'Limeira', 'Aferição de Balanças', 'MEDIUM', 0),
                                                                                                                                                                                      (12, 12, 0, 'CAR014', '10015', '2026-02-06 07:30:00', '2026-02-06 14:30:00', 3500.0, 'Mogi das Cruzes', 'Vistoria', 'LOW', 0),
                                                                                                                                                                                      (13, 13, 0, 'CAR015', '10016', '2026-02-09 09:00:00', '2026-02-09 18:00:00', 12000.0, 'Barueri', 'Fiscalização', 'MEDIUM', 0),
                                                                                                                                                                                      (14, 14, 0, 'CAR016', '10017', '2026-02-12 08:00:00', '2026-02-12 16:00:00', 18000.0, 'Atibaia', 'Auditoria Interna', 'HIGH', 0),
                                                                                                                                                                                      (15, 15, 0, 'CAR018', '10018', '2026-02-15 08:00:00', '2026-02-15 15:30:00', 5000.0, 'Piracicaba', 'Visita Técnica', 'MEDIUM', 0),
                                                                                                                                                                                      (16, 16, 0, 'CAR019', '10019', '2026-02-18 08:00:00', '2026-02-18 17:00:00', 8000.0, 'Valinhos', 'Fiscalização de Comércio', 'MEDIUM', 0),
                                                                                                                                                                                      (17, 17, 0, 'CAR020', '10020', '2026-02-20 08:00:00', '2026-02-20 16:30:00', 11000.0, 'Hortolândia', 'Vistoria', 'LOW', 0),
                                                                                                                                                                                      (18, 18, 0, 'CAR001', '10008', '2026-02-23 09:00:00', '2026-02-23 18:00:00', 15300.0, 'SJC', 'Auditoria Regional', 'HIGH', 0),
                                                                                                                                                                                      (19, 19, 0, 'CAR002', '10005', '2026-02-25 08:00:00', '2026-02-25 17:00:00', 45500.0, 'Jacareí', 'Fiscalização de Bombas', 'MEDIUM', 0),
                                                                                                                                                                                      (20, 20, 0, 'CAR003', '10002', '2026-02-28 08:00:00', '2026-02-28 14:00:00', 9300.0, 'Taubaté', 'Vistoria Técnica', 'MEDIUM', 0),
                                                                                                                                                                                      (21, 21, 0, 'CAR004', '10003', '2026-03-02 08:00:00', '2026-03-02 17:00:00', 6000.0, 'São Paulo', 'Inspeção Anual', 'MEDIUM', 0),
                                                                                                                                                                                      (22, 22, 0, 'CAR005', '10004', '2026-03-05 09:00:00', '2026-03-05 16:00:00', 22500.0, 'Campinas', 'Fiscalização Tacógrafo', 'HIGH', 0),
                                                                                                                                                                                      (23, 23, 0, 'CAR006', '10006', '2026-03-08 07:30:00', '2026-03-08 14:30:00', 30500.0, 'Sorocaba', 'Acompanhamento', 'LOW', 0),
                                                                                                                                                                                      (24, 24, 0, 'CAR008', '10007', '2026-03-12 10:00:00', '2026-03-12 18:00:00', 95200.0, 'SJC', 'Aferição', 'MEDIUM', 0),
                                                                                                                                                                                      (25, 25, 0, 'CAR009', '10009', '2026-03-15 08:00:00', '2026-03-15 15:00:00', 5500.0, 'Jacareí', 'Fiscalização', 'MEDIUM', 0),
                                                                                                                                                                                      (26, 26, 0, 'CAR010', '10010', '2026-03-18 08:30:00', '2026-03-18 16:30:00', 4500.0, 'Taubaté', 'Verificação', 'HIGH', 0),
                                                                                                                                                                                      (27, 27, 0, 'CAR011', '10011', '2026-03-21 07:00:00', '2026-03-21 14:00:00', 1500.0, 'Guarulhos', 'Visita Técnica', 'LOW', 0),
                                                                                                                                                                                      (28, 28, 0, 'CAR012', '10012', '2026-03-24 09:00:00', '2026-03-24 17:30:00', 15500.0, 'Osasco', 'Auditoria', 'MEDIUM', 0),
                                                                                                                                                                                      (29, 29, 0, 'CAR013', '10013', '2026-03-27 08:00:00', '2026-03-27 16:00:00', 25500.0, 'Limeira', 'Fiscalização', 'MEDIUM', 0),
                                                                                                                                                                                      (30, 30, 0, 'CAR014', '10014', '2026-03-30 08:00:00', '2026-03-30 15:30:00', 4000.0, 'Mogi das Cruzes', 'Vistoria', 'HIGH', 0),
                                                                                                                                                                                      (31, 31, 0, 'CAR015', '10015', '2026-04-03 08:00:00', '2026-04-03 16:00:00', 12500.0, 'Barueri', 'Fiscalização Comercial', 'MEDIUM', 0),
                                                                                                                                                                                      (32, 32, 0, 'CAR016', '10016', '2026-04-06 09:00:00', '2026-04-06 17:00:00', 18500.0, 'Atibaia', 'Auditoria', 'MEDIUM', 0),
                                                                                                                                                                                      (33, 33, 0, 'CAR018', '10017', '2026-04-09 07:30:00', '2026-04-09 15:30:00', 5500.0, 'Piracicaba', 'Visita Técnica', 'LOW', 0),
                                                                                                                                                                                      (34, 34, 0, 'CAR019', '10018', '2026-04-12 08:00:00', '2026-04-12 18:00:00', 8500.0, 'Valinhos', 'Fiscalização de Postos', 'HIGH', 0),
                                                                                                                                                                                      (35, 35, 0, 'CAR020', '10019', '2026-04-15 10:00:00', '2026-04-15 16:00:00', 11500.0, 'Hortolândia', 'Vistoria', 'MEDIUM', 0),
                                                                                                                                                                                      (36, 36, 0, 'CAR001', '10020', '2026-04-18 08:00:00', '2026-04-18 15:00:00', 15600.0, 'SJC', 'Aferição de Radar', 'MEDIUM', 0),
                                                                                                                                                                                      (37, 37, 0, 'CAR002', '10001', '2026-04-21 09:00:00', '2026-04-21 16:30:00', 46000.0, 'Jacareí', 'Verificação de Rotina', 'LOW', 0),
                                                                                                                                                                                      (38, 38, 0, 'CAR003', '10002', '2026-04-24 08:30:00', '2026-04-24 17:30:00', 9600.0, 'Taubaté', 'Fiscalização Têxtil', 'HIGH', 0),
                                                                                                                                                                                      (39, 39, 0, 'CAR004', '10003', '2026-04-27 07:00:00', '2026-04-27 15:00:00', 6500.0, 'São Paulo', 'Reunião Externa', 'MEDIUM', 0),
                                                                                                                                                                                      (40, 40, 0, 'CAR005', '10006', '2026-04-30 08:00:00', '2026-04-30 16:00:00', 23000.0, 'Campinas', 'Visita Técnica', 'MEDIUM', 0),
                                                                                                                                                                                      (41, 41, 0, 'CAR006', '10008', '2026-05-02 08:00:00', '2026-05-02 17:00:00', 31000.0, 'Sorocaba', 'Fiscalização Geral', 'MEDIUM', 0),
                                                                                                                                                                                      (42, 42, 0, 'CAR009', '10009', '2026-05-03 09:00:00', '2026-05-03 16:30:00', 5800.0, 'SJC', 'Entrega', 'LOW', 0),
                                                                                                                                                                                      (43, 43, 0, 'CAR010', '10010', '2026-05-04 07:30:00', '2026-05-04 15:00:00', 4800.0, 'Jacareí', 'Aferição', 'HIGH', 0),
                                                                                                                                                                                      (44, 44, 0, 'CAR011', '10011', '2026-05-04 08:00:00', '2026-05-04 18:00:00', 1800.0, 'Taubaté', 'Visita de Campo', 'MEDIUM', 0),
                                                                                                                                                                                      (45, 45, 0, 'CAR012', '10012', '2026-05-05 10:00:00', '2026-05-05 14:00:00', 15800.0, 'Guarulhos', 'Auditoria', 'MEDIUM', 0),
                                                                                                                                                                                      (46, 46, 0, 'CAR013', '10013', '2026-05-05 08:00:00', '2026-05-05 16:00:00', 25800.0, 'Osasco', 'Vistoria Tacógrafo', 'HIGH', 0),
                                                                                                                                                                                      (47, 47, 0, 'CAR015', '10016', '2026-05-06 09:00:00', '2026-05-06 15:00:00', 12800.0, 'Limeira', 'Fiscalização', 'LOW', 0),
                                                                                                                                                                                      (48, 48, 0, 'CAR008', '10004', '2026-05-07 07:00:00', '2026-05-07 13:30:00', 95500.0, 'SJC', 'Manutenção corretiva e aferição', 'HIGH', 0),
                                                                                                                                                                                      (49, 49, 0, 'CAR014', '10007', '2026-05-07 08:30:00', '2026-05-07 14:00:00', 4200.0, 'Mogi das Cruzes', 'Transporte Administrativo', 'MEDIUM', 0),
                                                                                                                                                                                      (50, 50, 0, 'CAR020', '10015', '2026-05-07 09:00:00', '2026-05-07 16:30:00', 11800.0, 'Hortolândia', 'Ronda Fiscal', 'MEDIUM', 0);
INSERT INTO service (id, car_prefix, user_registration, departure_time, completion_time, departure_km, destination_requester, description, priority, is_active)
VALUES
(51, NULL, NULL, NULL, NULL, NULL, 'Rua Augusta, 1000 - Consolação, São Paulo', 'Manutenção Preventiva no Medidor de Energia', 'HIGH', 1),
(52, NULL, NULL, NULL, NULL, NULL, 'Av. Brigadeiro Faria Lima, 2000 - Pinheiros, São Paulo', 'Inspeção de Balanças no Supermercado XYZ', 'MEDIUM', 1),
(53, NULL, NULL, NULL, NULL, NULL, 'Praça da Sé, 1 - Centro, São Paulo', 'Instalação de equipamento novo', 'LOW', 1);

INSERT INTO service_addresses (service_id, street, number, neighborhood, city, state, zip_code, latitude, longitude)
VALUES
(51, 'Rua Augusta', '1000', 'Consolação', 'São Paulo', 'SP', '01305-100', -23.5550, -46.6550),
(52, 'Av. Brigadeiro Faria Lima', '2000', 'Pinheiros', 'São Paulo', 'SP', '01451-000', -23.5750, -46.6850),
(53, 'Praça da Sé', '1', 'Centro', 'São Paulo', 'SP', '01001-000', -23.5505, -46.6333);

INSERT INTO revinfo (rev, revtstmp) VALUES
(51, 1780000000000),
(52, 1780000000001),
(53, 1780000000002);

INSERT INTO service_aud (id, rev, revtype, car_prefix, user_registration, departure_time, completion_time, departure_km, destination_requester, description, priority, is_active)
VALUES
(51, 51, 0, NULL, NULL, NULL, NULL, NULL, 'Rua Augusta, 1000 - Consolação, São Paulo', 'Manutenção Preventiva no Medidor de Energia', 'HIGH', 1),
(52, 52, 0, NULL, NULL, NULL, NULL, NULL, 'Av. Brigadeiro Faria Lima, 2000 - Pinheiros, São Paulo', 'Inspeção de Balanças no Supermercado XYZ', 'MEDIUM', 1),
(53, 53, 0, NULL, NULL, NULL, NULL, NULL, 'Praça da Sé, 1 - Centro, São Paulo', 'Instalação de equipamento novo', 'LOW', 1);
